info: Loading workload script /workload/hot_partition.rn...
info: Connecting to ["http://172.31.11.102:8000", "http://172.31.14.61:8000", "http://172.31.15.77:8000"]... 
info: Connected to '' cluster running ScyllaDB 2026.1.0~dev-0.20251003.20aeed160740 with build-id d177add4e6a23f71d527ca6e182d27a1f9ad74b4
info: Preparing...
info: Warming up...
info: Running benchmark...
CONFIG ═════════════════════════════════════════════════════════════════════════════════════════════════════════════════════
            Date            Fri, 29 May 2026                                                          
            Time            04:02:02 +0000                                                            
         Cluster                                                                                      
      Datacenter                                                                                      
            Rack                                                                                      
      DB version            ScyllaDB 2026.1.0~dev-0.20251003.20aeed160740 with build-id d177add4e6a23f71d527ca6e182d27a1f9ad74b4                                            
        Workload            hot_partition.rn                                                          
     Function(s)            get:0.3, update:0.7                                                       
Request compression            Off                                                                       
Header whitelist            default                                                                   
 Active interval            default                                                                   
   Idle interval            default                                                                   
Routing fallback            default                                                                   
Key route affinity            default                                                                   
Key route affinity tables            none                                                                      
            Tags                                                                                      
────────────────────────────────────────────────────────────────────────────────────────────────────────────────────────────
-P alternator.consistentReads            false                                                                     
-P cold_partitions            900000                                                                    
   -P fieldcount            10                                                                        
  -P fieldlength            512                                                                       
-P hot_items_per_partition            3125                                                                      
-P hot_partitions            32                                                                        
-P hot_traffic_ratio            0.99                                                                      
-P requestdistribution            "uniform"                                                                 
    -P row_count            1000000                                                                   
        -P table            "latte_hot_partition"                                                     
────────────────────────────────────────────────────────────────────────────────────────────────────────────────────────────
         Threads                   16                                                                 
     Concurrency     [req]          8                                                                 
        Max rate    [op/s]                                                                            
          Warmup       [s]         30                                                                 
              └─      [op]                                                                            
        Run time       [s]      120.0                                                                 
              └─      [op]                                                                            
        Sampling       [s]        1.0                                                                 
              └─      [op]                                                                            
 Request timeout       [s]          5                                                                 
         Retries                                                                                      
  ┌──────┴number                   10                                                                 
  ├─min interval      [ms]        100                                                                 
  └─max interval      [ms]       5000                                                                 

LOG ════════════════════════════════════════════════════════════════════════════════════════════════════════════════════════
    Time    Cycles    Errors    Thrpt.     ────────────────────────────────── Latency [ms/op] ──────────────────────────────
     [s]      [op]      [op]    [op/s]             Min        50        75        90        95        99      99.9       Max
2026-05-29 04:02:33.874: [ERROR][Attempt 0/10][Retry in 92 ms] SdkError: Internal server error: exceptions::mutation_write_timeout_exception (Failed to accept proposal(38ae9180-5b13-11f1-ae2b-1668c6ff263f) for alternator_latte_hot_partition.latte_hot_partition: write timeout due to uncertainty. Replica errors: )
2026-05-29 04:02:33.254: [ERROR][Attempt 0/10][Retry in 90 ms] SdkError: Internal server error: exceptions::mutation_write_timeout_exception (Failed to accept proposal(38509b66-5b13-11f1-0a7e-b35177d849c0) for alternator_latte_hot_partition.latte_hot_partition: write timeout due to uncertainty. Replica errors: )
2026-05-29 04:02:33.319: [ERROR][Attempt 0/10][Retry in 145 ms] SdkError: Internal server error: exceptions::mutation_write_timeout_exception (Failed to accept proposal(385a5c82-5b13-11f1-f04f-dd3c38a946e7) for alternator_latte_hot_partition.latte_hot_partition: write timeout due to uncertainty. Replica errors: )
2026-05-29 04:02:33.998: [ERROR][Attempt 0/10][Retry in 112 ms] SdkError: Internal server error: exceptions::mutation_write_timeout_exception (Failed to accept proposal(38c1e8de-5b13-11f1-1ef4-c149ecdf2502) for alternator_latte_hot_partition.latte_hot_partition: write timeout due to uncertainty. Replica errors: )
2026-05-29 04:02:33.863: [ERROR][Attempt 1/10][Retry in 215 ms] SdkError: Internal server error: exceptions::mutation_write_timeout_exception (Failed to accept proposal(38ad799e-5b13-11f1-60fa-cc7da9ef06c5) for alternator_latte_hot_partition.latte_hot_partition: write timeout due to uncertainty. Replica errors: )
...number of dropped error messages per sampling period: 89
   1.001      3826         0      3823           0.364     7.070    34.537   101.057   144.572   245.891   394.789   572.522
2026-05-29 04:02:34.933: [ERROR][Attempt 0/10][Retry in 123 ms] SdkError: Internal server error: exceptions::mutation_write_timeout_exception (Failed to accept proposal(3950e354-5b13-11f1-6e44-aa15f71deec0) for alternator_latte_hot_partition.latte_hot_partition: write timeout due to uncertainty. Replica errors: )
2026-05-29 04:02:34.942: [ERROR][Attempt 0/10][Retry in 99 ms] SdkError: Internal server error: exceptions::mutation_write_timeout_exception (Failed to accept proposal(395175a8-5b13-11f1-86b6-8d310b31a713) for alternator_latte_hot_partition.latte_hot_partition: write timeout due to uncertainty. Replica errors: )
2026-05-29 04:02:34.820: [ERROR][Attempt 0/10][Retry in 102 ms] SdkError: Internal server error: exceptions::mutation_write_timeout_exception (Failed to accept proposal(393f5256-5b13-11f1-4a3c-0cadb4bef0db) for alternator_latte_hot_partition.latte_hot_partition: write timeout due to uncertainty. Replica errors: )
2026-05-29 04:02:34.952: [ERROR][Attempt 0/10][Retry in 79 ms] SdkError: Internal server error: exceptions::mutation_write_timeout_exception (Failed to accept proposal(39522214-5b13-11f1-0bbf-e286033ab22b) for alternator_latte_hot_partition.latte_hot_partition: write timeout due to uncertainty. Replica errors: )
2026-05-29 04:02:34.934: [ERROR][Attempt 0/10][Retry in 99 ms] SdkError: Internal server error: exceptions::mutation_write_timeout_exception (Failed to accept proposal(394f8932-5b13-11f1-a156-d88716a002b2) for alternator_latte_hot_partition.latte_hot_partition: write timeout due to uncertainty. Replica errors: )
...number of dropped error messages per sampling period: 73
   2.001      3514         0      3514           0.367     7.369    32.883   118.751   166.593   256.377   395.051   506.462
2026-05-29 04:02:35.483: [ERROR][Attempt 0/10][Retry in 129 ms] SdkError: Internal server error: exceptions::mutation_write_timeout_exception (Failed to accept proposal(39a30f6c-5b13-11f1-7b27-c7e10e76f99d) for alternator_latte_hot_partition.latte_hot_partition: write timeout due to uncertainty. Replica errors: )
2026-05-29 04:02:36.211: [ERROR][Attempt 0/10][Retry in 139 ms] SdkError: Internal server error: exceptions::mutation_write_timeout_exception (Failed to accept proposal(3a12b132-5b13-11f1-f08f-d2f16acf1983) for alternator_latte_hot_partition.latte_hot_partition: write timeout due to uncertainty. Replica errors: )
2026-05-29 04:02:35.670: [ERROR][Attempt 0/10][Retry in 60 ms] SdkError: Internal server error: exceptions::mutation_write_timeout_exception (Failed to accept proposal(39c131b8-5b13-11f1-9d97-f7564d712e46) for alternator_latte_hot_partition.latte_hot_partition: write timeout due to uncertainty. Replica errors: )
2026-05-29 04:02:35.695: [ERROR][Attempt 0/10][Retry in 58 ms] SdkError: Internal server error: exceptions::mutation_write_timeout_exception (Failed to accept proposal(39c4a0c8-5b13-11f1-4bb8-93d31ad57697) for alternator_latte_hot_partition.latte_hot_partition: write timeout due to uncertainty. Replica errors: )
2026-05-29 04:02:35.975: [ERROR][Attempt 0/10][Retry in 134 ms] SdkError: Internal server error: exceptions::mutation_write_timeout_exception (Failed to accept proposal(39ef396e-5b13-11f1-8c30-e2e63701d818) for alternator_latte_hot_partition.latte_hot_partition: write timeout due to uncertainty. Replica errors: )
...number of dropped error messages per sampling period: 75
   3.001      3803         0      3802           0.375     6.128    19.890   101.253   188.482   408.682   729.809   881.328
2026-05-29 04:02:36.602: [ERROR][Attempt 0/10][Retry in 141 ms] SdkError: Internal server error: exceptions::mutation_write_timeout_exception (Failed to accept proposal(3a4f02fe-5b13-11f1-606a-8781fcc884bd) for alternator_latte_hot_partition.latte_hot_partition: write timeout due to uncertainty. Replica errors: )
2026-05-29 04:02:36.854: [ERROR][Attempt 0/10][Retry in 85 ms] SdkError: Internal server error: exceptions::mutation_write_timeout_exception (Failed to accept proposal(3a752a74-5b13-11f1-a102-26be7ed914d1) for alternator_latte_hot_partition.latte_hot_partition: write timeout due to uncertainty. Replica errors: )
2026-05-29 04:02:36.451: [ERROR][Attempt 0/10][Retry in 92 ms] SdkError: Internal server error: exceptions::mutation_write_timeout_exception (Failed to accept proposal(3a385e28-5b13-11f1-a197-157f1aa44812) for alternator_latte_hot_partition.latte_hot_partition: write timeout due to uncertainty. Replica errors: )
2026-05-29 04:02:37.174: [ERROR][Attempt 0/10][Retry in 111 ms] SdkError: Internal server error: exceptions::mutation_write_timeout_exception (Failed to accept proposal(3aa66328-5b13-11f1-448c-d11b841f04c3) for alternator_latte_hot_partition.latte_hot_partition: write timeout due to uncertainty. Replica errors: )
2026-05-29 04:02:36.783: [ERROR][Attempt 0/10][Retry in 74 ms] SdkError: Internal server error: exceptions::mutation_write_timeout_exception (Failed to accept proposal(3a6ac930-5b13-11f1-f74d-af5e6f7e4c43) for alternator_latte_hot_partition.latte_hot_partition: write timeout due to uncertainty. Replica errors: )
...number of dropped error messages per sampling period: 94
   4.001      3551         0      3551           0.373     7.414    33.587   102.957   156.107   369.099   762.315   850.395
2026-05-29 04:02:37.623: [ERROR][Attempt 0/10][Retry in 111 ms] SdkError: Internal server error: exceptions::mutation_write_timeout_exception (Failed to accept proposal(3aeaed54-5b13-11f1-5986-0e4d5093ae3f) for alternator_latte_hot_partition.latte_hot_partition: write timeout due to uncertainty. Replica errors: )
2026-05-29 04:02:37.550: [ERROR][Attempt 0/10][Retry in 146 ms] SdkError: Internal server error: exceptions::mutation_write_timeout_exception (Failed to accept proposal(3ae00efc-5b13-11f1-19ad-fedf995f2db5) for alternator_latte_hot_partition.latte_hot_partition: write timeout due to uncertainty. Replica errors: )
2026-05-29 04:02:37.685: [ERROR][Attempt 0/10][Retry in 118 ms] SdkError: Internal server error: exceptions::mutation_write_timeout_exception (Failed to accept proposal(3af4b51e-5b13-11f1-8880-eca6079c7e42) for alternator_latte_hot_partition.latte_hot_partition: write timeout due to uncertainty. Replica errors: )
2026-05-29 04:02:37.678: [ERROR][Attempt 0/10][Retry in 94 ms] SdkError: Internal server error: exceptions::mutation_write_timeout_exception (Failed to accept proposal(3af3b272-5b13-11f1-9390-26948057d80a) for alternator_latte_hot_partition.latte_hot_partition: write timeout due to uncertainty. Replica errors: )
2026-05-29 04:02:37.778: [ERROR][Attempt 0/10][Retry in 116 ms] SdkError: Internal server error: exceptions::mutation_write_timeout_exception (Failed to accept proposal(3b025642-5b13-11f1-c43c-321c26e2cb30) for alternator_latte_hot_partition.latte_hot_partition: write timeout due to uncertainty. Replica errors: )
...number of dropped error messages per sampling period: 91
   5.001      3884         0      3884           0.349     6.828    32.358   104.923   151.781   343.933   596.640   653.787
2026-05-29 04:02:38.752: [ERROR][Attempt 0/10][Retry in 111 ms] SdkError: Internal server error: exceptions::mutation_write_timeout_exception (Failed to accept proposal(3b975cba-5b13-11f1-9d45-b0ff848e7f5e) for alternator_latte_hot_partition.latte_hot_partition: write timeout due to uncertainty. Replica errors: )
2026-05-29 04:02:38.603: [ERROR][Attempt 0/10][Retry in 95 ms] SdkError: Internal server error: exceptions::mutation_write_timeout_exception (Failed to accept proposal(3b805dd0-5b13-11f1-fb2f-00d2a65a6d6d) for alternator_latte_hot_partition.latte_hot_partition: write timeout due to uncertainty. Replica errors: )
2026-05-29 04:02:38.597: [ERROR][Attempt 0/10][Retry in 66 ms] SdkError: Internal server error: exceptions::mutation_write_timeout_exception (Failed to accept proposal(3b7fe94a-5b13-11f1-a788-b5a64fe6907e) for alternator_latte_hot_partition.latte_hot_partition: write timeout due to uncertainty. Replica errors: )
2026-05-29 04:02:38.581: [ERROR][Attempt 0/10][Retry in 97 ms] SdkError: Internal server error: exceptions::mutation_write_timeout_exception (Failed to accept proposal(3b7d8df8-5b13-11f1-a153-f89772d8996b) for alternator_latte_hot_partition.latte_hot_partition: write timeout due to uncertainty. Replica errors: )
2026-05-29 04:02:38.858: [ERROR][Attempt 0/10][Retry in 144 ms] SdkError: Internal server error: exceptions::mutation_write_timeout_exception (Failed to accept proposal(3ba650f8-5b13-11f1-fcac-e64930cad869) for alternator_latte_hot_partition.latte_hot_partition: write timeout due to uncertainty. Replica errors: )
...number of dropped error messages per sampling period: 98
   6.002      3984         0      3985           0.373     6.758    32.473   107.676   151.912   254.542   386.925   719.323
2026-05-29 04:02:39.393: [ERROR][Attempt 0/10][Retry in 149 ms] SdkError: Internal server error: exceptions::mutation_write_timeout_exception (Failed to accept proposal(3bf91f9a-5b13-11f1-25be-00b5984e48da) for alternator_latte_hot_partition.latte_hot_partition: write timeout due to uncertainty. Replica errors: )
2026-05-29 04:02:39.649: [ERROR][Attempt 0/10][Retry in 118 ms] SdkError: Internal server error: exceptions::mutation_write_timeout_exception (Failed to accept proposal(3c20614a-5b13-11f1-969c-637b22f0394c) for alternator_latte_hot_partition.latte_hot_partition: write timeout due to uncertainty. Replica errors: )
2026-05-29 04:02:40.131: [ERROR][Attempt 0/10][Retry in 129 ms] SdkError: Internal server error: exceptions::mutation_write_timeout_exception (Failed to accept proposal(3c69a580-5b13-11f1-67da-9bc8104a9a5b) for alternator_latte_hot_partition.latte_hot_partition: write timeout due to uncertainty. Replica errors: )
2026-05-29 04:02:39.915: [ERROR][Attempt 0/10][Retry in 133 ms] SdkError: Internal server error: exceptions::mutation_write_timeout_exception (Failed to accept proposal(3c4856d2-5b13-11f1-8bd4-ac719bb97f96) for alternator_latte_hot_partition.latte_hot_partition: write timeout due to uncertainty. Replica errors: )
2026-05-29 04:02:39.442: [ERROR][Attempt 0/10][Retry in 80 ms] SdkError: Internal server error: exceptions::mutation_write_timeout_exception (Failed to accept proposal(3c007f10-5b13-11f1-d48a-611605a3bf0f) for alternator_latte_hot_partition.latte_hot_partition: write timeout due to uncertainty. Replica errors: )
...number of dropped error messages per sampling period: 101
   7.002      3779         0      3779           0.368     7.262    34.996   110.887   155.845   282.329   551.551   638.058
2026-05-29 04:02:40.613: [ERROR][Attempt 0/10][Retry in 122 ms] SdkError: Internal server error: exceptions::mutation_write_timeout_exception (Failed to accept proposal(3cb39870-5b13-11f1-4529-549c5b9d2ad6) for alternator_latte_hot_partition.latte_hot_partition: write timeout due to uncertainty. Replica errors: )
2026-05-29 04:02:41.056: [ERROR][Attempt 0/10][Retry in 58 ms] SdkError: Internal server error: exceptions::mutation_write_timeout_exception (Failed to accept proposal(3cf6f99e-5b13-11f1-c216-98f242ccbe26) for alternator_latte_hot_partition.latte_hot_partition: write timeout due to uncertainty. Replica errors: )
2026-05-29 04:02:40.319: [ERROR][Attempt 0/10][Retry in 68 ms] SdkError: Internal server error: exceptions::mutation_write_timeout_exception (Failed to accept proposal(3c8681f0-5b13-11f1-0ad0-9eb660d0ef05) for alternator_latte_hot_partition.latte_hot_partition: write timeout due to uncertainty. Replica errors: )
2026-05-29 04:02:40.729: [ERROR][Attempt 0/10][Retry in 99 ms] SdkError: Internal server error: exceptions::mutation_write_timeout_exception (Failed to accept proposal(3cc55aba-5b13-11f1-da55-e7eb66092da7) for alternator_latte_hot_partition.latte_hot_partition: write timeout due to uncertainty. Replica errors: )
2026-05-29 04:02:40.796: [ERROR][Attempt 1/10][Retry in 233 ms] SdkError: Internal server error: exceptions::mutation_write_timeout_exception (Failed to accept proposal(3ccf8044-5b13-11f1-3748-2fe2fc6b46bf) for alternator_latte_hot_partition.latte_hot_partition: write timeout due to uncertainty. Replica errors: )
...number of dropped error messages per sampling period: 84
   8.002      3966         0      3965           0.376     6.615    24.887    97.976   149.946   294.912   419.693   819.986
2026-05-29 04:02:41.693: [ERROR][Attempt 1/10][Retry in 204 ms] SdkError: Internal server error: exceptions::mutation_write_timeout_exception (Failed to accept proposal(3d5794c0-5b13-11f1-a6d4-da39500430b5) for alternator_latte_hot_partition.latte_hot_partition: write timeout due to uncertainty. Replica errors: )
2026-05-29 04:02:41.642: [ERROR][Attempt 0/10][Retry in 125 ms] SdkError: Internal server error: exceptions::mutation_write_timeout_exception (Failed to accept proposal(3d507d2a-5b13-11f1-71ac-67ab0174b24f) for alternator_latte_hot_partition.latte_hot_partition: write timeout due to uncertainty. Replica errors: )
2026-05-29 04:02:41.396: [ERROR][Attempt 0/10][Retry in 94 ms] SdkError: Internal server error: exceptions::mutation_write_timeout_exception (Failed to accept proposal(3d2b02ac-5b13-11f1-5c3c-cb0ddb6d139c) for alternator_latte_hot_partition.latte_hot_partition: write timeout due to uncertainty. Replica errors: )
2026-05-29 04:02:41.388: [ERROR][Attempt 0/10][Retry in 86 ms] SdkError: Internal server error: exceptions::mutation_write_timeout_exception (Failed to accept proposal(3d29845e-5b13-11f1-0230-7a3bb2082810) for alternator_latte_hot_partition.latte_hot_partition: write timeout due to uncertainty. Replica errors: )
2026-05-29 04:02:41.491: [ERROR][Attempt 0/10][Retry in 122 ms] SdkError: Internal server error: exceptions::mutation_write_timeout_exception (Failed to accept proposal(3d3919f0-5b13-11f1-c668-c5e5dc658118) for alternator_latte_hot_partition.latte_hot_partition: write timeout due to uncertainty. Replica errors: )
...number of dropped error messages per sampling period: 95
   9.001      3638         0      3639           0.361     6.951    33.456   110.625   165.806   349.700   607.650   870.318
2026-05-29 04:02:42.433: [ERROR][Attempt 0/10][Retry in 122 ms] SdkError: Internal server error: exceptions::mutation_write_timeout_exception (Failed to accept proposal(3dc904de-5b13-11f1-0f55-b3f8e9faeb3f) for alternator_latte_hot_partition.latte_hot_partition: write timeout due to uncertainty. Replica errors: )
2026-05-29 04:02:42.306: [ERROR][Attempt 0/10][Retry in 91 ms] SdkError: Internal server error: exceptions::mutation_write_timeout_exception (Failed to accept proposal(3db5ce50-5b13-11f1-c129-243bf710958f) for alternator_latte_hot_partition.latte_hot_partition: write timeout due to uncertainty. Replica errors: )
2026-05-29 04:02:42.678: [ERROR][Attempt 0/10][Retry in 64 ms] SdkError: Internal server error: exceptions::mutation_write_timeout_exception (Failed to accept proposal(3dee8da8-5b13-11f1-00a9-a341a136e9d4) for alternator_latte_hot_partition.latte_hot_partition: write timeout due to uncertainty. Replica errors: )
2026-05-29 04:02:42.316: [ERROR][Attempt 0/10][Retry in 139 ms] SdkError: Internal server error: exceptions::mutation_write_timeout_exception (Failed to accept proposal(3db74a5a-5b13-11f1-587d-bc5270388706) for alternator_latte_hot_partition.latte_hot_partition: write timeout due to uncertainty. Replica errors: )
2026-05-29 04:02:42.546: [ERROR][Attempt 0/10][Retry in 60 ms] SdkError: Internal server error: exceptions::mutation_write_timeout_exception (Failed to accept proposal(3dda4b04-5b13-11f1-bc36-39ea428a4879) for alternator_latte_hot_partition.latte_hot_partition: write timeout due to uncertainty. Replica errors: )
...number of dropped error messages per sampling period: 79
  10.002      3969         0      3969           0.356     6.300    26.345   105.185   161.743   295.436   434.110   477.626
2026-05-29 04:02:43.495: [ERROR][Attempt 0/10][Retry in 116 ms] SdkError: Internal server error: exceptions::mutation_write_timeout_exception (Failed to accept proposal(3e6b34ca-5b13-11f1-07bc-e07bac624693) for alternator_latte_hot_partition.latte_hot_partition: write timeout due to uncertainty. Replica errors: )
2026-05-29 04:02:43.617: [ERROR][Attempt 0/10][Retry in 148 ms] SdkError: Internal server error: exceptions::mutation_write_timeout_exception (Failed to accept proposal(3e7dbd52-5b13-11f1-b171-b330bd2ec3a4) for alternator_latte_hot_partition.latte_hot_partition: write timeout due to uncertainty. Replica errors: )
2026-05-29 04:02:44.047: [ERROR][Attempt 0/10][Retry in 129 ms] SdkError: Internal server error: exceptions::mutation_write_timeout_exception (Failed to accept proposal(3ebee2dc-5b13-11f1-42d0-10529107135c) for alternator_latte_hot_partition.latte_hot_partition: write timeout due to uncertainty. Replica errors: )
2026-05-29 04:02:43.444: [ERROR][Attempt 0/10][Retry in 80 ms] SdkError: Internal server error: exceptions::mutation_write_timeout_exception (Failed to accept proposal(3e635ec6-5b13-11f1-3260-28c70527ac53) for alternator_latte_hot_partition.latte_hot_partition: write timeout due to uncertainty. Replica errors: )
2026-05-29 04:02:43.649: [ERROR][Attempt 0/10][Retry in 57 ms] SdkError: Internal server error: exceptions::mutation_write_timeout_exception (Failed to accept proposal(3e828d6e-5b13-11f1-f266-f8d2a329a5b0) for alternator_latte_hot_partition.latte_hot_partition: write timeout due to uncertainty. Replica errors: )
...number of dropped error messages per sampling period: 88
  11.002      3760         0      3760           0.365     6.185    25.362   100.336   161.874   333.709   644.350  1863.320
2026-05-29 04:02:44.674: [ERROR][Attempt 0/10][Retry in 69 ms] SdkError: Internal server error: exceptions::mutation_write_timeout_exception (Failed to accept proposal(3f1ed58e-5b13-11f1-dc17-90f5bfd4bb79) for alternator_latte_hot_partition.latte_hot_partition: write timeout due to uncertainty. Replica errors: )
2026-05-29 04:02:44.330: [ERROR][Attempt 0/10][Retry in 75 ms] SdkError: Internal server error: exceptions::mutation_write_timeout_exception (Failed to accept proposal(3eeac15e-5b13-11f1-9948-f06a23a5d578) for alternator_latte_hot_partition.latte_hot_partition: write timeout due to uncertainty. Replica errors: )
2026-05-29 04:02:45.215: [ERROR][Attempt 0/10][Retry in 66 ms] SdkError: Internal server error: exceptions::mutation_write_timeout_exception (Failed to accept proposal(3f714756-5b13-11f1-26b3-4d8bd703371f) for alternator_latte_hot_partition.latte_hot_partition: write timeout due to uncertainty. Replica errors: )
2026-05-29 04:02:44.596: [ERROR][Attempt 0/10][Retry in 117 ms] SdkError: Internal server error: exceptions::mutation_write_timeout_exception (Failed to accept proposal(3f131f6e-5b13-11f1-c96f-b71880edd62f) for alternator_latte_hot_partition.latte_hot_partition: write timeout due to uncertainty. Replica errors: )
2026-05-29 04:02:45.235: [ERROR][Attempt 0/10][Retry in 129 ms] SdkError: Internal server error: exceptions::mutation_write_timeout_exception (Failed to accept proposal(3f74e460-5b13-11f1-ebda-9bfb51a967fe) for alternator_latte_hot_partition.latte_hot_partition: write timeout due to uncertainty. Replica errors: )
...number of dropped error messages per sampling period: 80
  12.001      3743         0      3743           0.365     6.644    22.659   101.712   154.141   526.647   811.598  1492.124
2026-05-29 04:02:45.280: [ERROR][Attempt 0/10][Retry in 70 ms] SdkError: Internal server error: exceptions::mutation_write_timeout_exception (Failed to accept proposal(3f7adbf4-5b13-11f1-631c-c5cd62b18d74) for alternator_latte_hot_partition.latte_hot_partition: write timeout due to uncertainty. Replica errors: )
2026-05-29 04:02:45.368: [ERROR][Attempt 0/10][Retry in 92 ms] SdkError: Internal server error: exceptions::mutation_write_timeout_exception (Failed to accept proposal(3f8902d8-5b13-11f1-d038-0af4d0ab1439) for alternator_latte_hot_partition.latte_hot_partition: write timeout due to uncertainty. Replica errors: )
2026-05-29 04:02:45.573: [ERROR][Attempt 0/10][Retry in 119 ms] SdkError: Internal server error: exceptions::mutation_write_timeout_exception (Failed to accept proposal(3fa84da0-5b13-11f1-9927-ea704d2c42a7) for alternator_latte_hot_partition.latte_hot_partition: write timeout due to uncertainty. Replica errors: )
2026-05-29 04:02:45.655: [ERROR][Attempt 0/10][Retry in 134 ms] SdkError: Internal server error: exceptions::mutation_write_timeout_exception (Failed to accept proposal(3fb4e420-5b13-11f1-2d5a-e94cd0948d03) for alternator_latte_hot_partition.latte_hot_partition: write timeout due to uncertainty. Replica errors: )
2026-05-29 04:02:45.535: [ERROR][Attempt 0/10][Retry in 59 ms] SdkError: Internal server error: exceptions::mutation_write_timeout_exception (Failed to accept proposal(3fa277b8-5b13-11f1-a3e8-abfe59bae228) for alternator_latte_hot_partition.latte_hot_partition: write timeout due to uncertainty. Replica errors: )
...number of dropped error messages per sampling period: 82
  13.001      4043         0      4043           0.328     6.046    19.988   100.467   160.563   335.282   545.260  1074.790
2026-05-29 04:02:46.772: [ERROR][Attempt 0/10][Retry in 140 ms] SdkError: Internal server error: exceptions::mutation_write_timeout_exception (Failed to accept proposal(405ef370-5b13-11f1-e12c-9bfbbd7ec76f) for alternator_latte_hot_partition.latte_hot_partition: write timeout due to uncertainty. Replica errors: )
2026-05-29 04:02:46.558: [ERROR][Attempt 0/10][Retry in 89 ms] SdkError: Internal server error: exceptions::mutation_write_timeout_exception (Failed to accept proposal(403e97c4-5b13-11f1-0cb7-3f442434ade6) for alternator_latte_hot_partition.latte_hot_partition: write timeout due to uncertainty. Replica errors: )
2026-05-29 04:02:46.601: [ERROR][Attempt 0/10][Retry in 127 ms] SdkError: Internal server error: exceptions::mutation_write_timeout_exception (Failed to accept proposal(4044ca22-5b13-11f1-ee90-d7ebde555331) for alternator_latte_hot_partition.latte_hot_partition: write timeout due to uncertainty. Replica errors: )
2026-05-29 04:02:46.255: [ERROR][Attempt 1/10][Retry in 176 ms] SdkError: Internal server error: exceptions::mutation_write_timeout_exception (Failed to accept proposal(40106dae-5b13-11f1-2305-28ebc30c4636) for alternator_latte_hot_partition.latte_hot_partition: write timeout due to uncertainty. Replica errors: )
2026-05-29 04:02:46.272: [ERROR][Attempt 1/10][Retry in 234 ms] SdkError: Internal server error: exceptions::mutation_write_timeout_exception (Failed to accept proposal(4012ab50-5b13-11f1-4874-72a6cd82feb7) for alternator_latte_hot_partition.latte_hot_partition: write timeout due to uncertainty. Replica errors: )
...number of dropped error messages per sampling period: 87
  14.002      3814         0      3814           0.350     7.033    33.686   107.610   162.529   319.029   534.249   991.953
2026-05-29 04:02:48.018: [ERROR][Attempt 0/10][Retry in 91 ms] SdkError: Internal server error: exceptions::mutation_write_timeout_exception (Failed to accept proposal(411d4334-5b13-11f1-9276-5304668f8cd3) for alternator_latte_hot_partition.latte_hot_partition: write timeout due to uncertainty. Replica errors: )
2026-05-29 04:02:47.481: [ERROR][Attempt 0/10][Retry in 58 ms] SdkError: Internal server error: exceptions::mutation_write_timeout_exception (Failed to accept proposal(40cb4278-5b13-11f1-898c-3c9ac7334553) for alternator_latte_hot_partition.latte_hot_partition: write timeout due to uncertainty. Replica errors: )
2026-05-29 04:02:48.023: [ERROR][Attempt 0/10][Retry in 108 ms] SdkError: Internal server error: exceptions::mutation_write_timeout_exception (Failed to accept proposal(411de03c-5b13-11f1-d6f3-46b9952d1017) for alternator_latte_hot_partition.latte_hot_partition: write timeout due to uncertainty. Replica errors: )
2026-05-29 04:02:47.730: [ERROR][Attempt 0/10][Retry in 92 ms] SdkError: Internal server error: exceptions::mutation_write_timeout_exception (Failed to accept proposal(40f0fc16-5b13-11f1-27d6-50ca0fac2e3e) for alternator_latte_hot_partition.latte_hot_partition: write timeout due to uncertainty. Replica errors: )
2026-05-29 04:02:47.282: [ERROR][Attempt 0/10][Retry in 117 ms] SdkError: Internal server error: exceptions::mutation_write_timeout_exception (Failed to accept proposal(40acfcfa-5b13-11f1-c949-9169cc208a96) for alternator_latte_hot_partition.latte_hot_partition: write timeout due to uncertainty. Replica errors: )
...number of dropped error messages per sampling period: 120
  15.001      3823         0      3823           0.339     6.898    33.784   103.547   162.922   283.378   414.712   660.603
2026-05-29 04:02:48.780: [ERROR][Attempt 0/10][Retry in 125 ms] SdkError: Internal server error: exceptions::mutation_write_timeout_exception (Failed to accept proposal(41915a26-5b13-11f1-ba57-245c03edcbc2) for alternator_latte_hot_partition.latte_hot_partition: write timeout due to uncertainty. Replica errors: )
2026-05-29 04:02:48.402: [ERROR][Attempt 0/10][Retry in 125 ms] SdkError: Internal server error: exceptions::mutation_write_timeout_exception (Failed to accept proposal(41585c12-5b13-11f1-db41-dbf955202037) for alternator_latte_hot_partition.latte_hot_partition: write timeout due to uncertainty. Replica errors: )
2026-05-29 04:02:48.734: [ERROR][Attempt 0/10][Retry in 83 ms] SdkError: Internal server error: exceptions::mutation_write_timeout_exception (Failed to accept proposal(418a5a46-5b13-11f1-04bc-8ffa957e7b59) for alternator_latte_hot_partition.latte_hot_partition: write timeout due to uncertainty. Replica errors: )
2026-05-29 04:02:48.321: [ERROR][Attempt 0/10][Retry in 89 ms] SdkError: Internal server error: exceptions::mutation_write_timeout_exception (Failed to accept proposal(414b9950-5b13-11f1-8eec-6ad99e2b483c) for alternator_latte_hot_partition.latte_hot_partition: write timeout due to uncertainty. Replica errors: )
2026-05-29 04:02:48.565: [ERROR][Attempt 0/10][Retry in 68 ms] SdkError: Internal server error: exceptions::mutation_write_timeout_exception (Failed to accept proposal(4170a344-5b13-11f1-613f-012ca47bde02) for alternator_latte_hot_partition.latte_hot_partition: write timeout due to uncertainty. Replica errors: )
...number of dropped error messages per sampling period: 82
  16.002      3775         0      3775           0.364     6.078    25.788   108.659   189.923   349.700   506.462   676.332
2026-05-29 04:02:49.289: [ERROR][Attempt 0/10][Retry in 112 ms] SdkError: Internal server error: exceptions::mutation_write_timeout_exception (Failed to accept proposal(41df65ea-5b13-11f1-3540-2191cc925d8c) for alternator_latte_hot_partition.latte_hot_partition: write timeout due to uncertainty. Replica errors: )
2026-05-29 04:02:49.805: [ERROR][Attempt 0/10][Retry in 134 ms] SdkError: Internal server error: exceptions::mutation_write_timeout_exception (Failed to accept proposal(422d7e24-5b13-11f1-ee9e-742ebb191388) for alternator_latte_hot_partition.latte_hot_partition: write timeout due to uncertainty. Replica errors: )
2026-05-29 04:02:49.596: [ERROR][Attempt 0/10][Retry in 138 ms] SdkError: Internal server error: exceptions::mutation_write_timeout_exception (Failed to accept proposal(420de078-5b13-11f1-0a62-a5c163ee27eb) for alternator_latte_hot_partition.latte_hot_partition: write timeout due to uncertainty. Replica errors: )
2026-05-29 04:02:50.089: [ERROR][Attempt 0/10][Retry in 146 ms] SdkError: Internal server error: exceptions::mutation_write_timeout_exception (Failed to accept proposal(425935dc-5b13-11f1-6bac-820de4727c44) for alternator_latte_hot_partition.latte_hot_partition: write timeout due to uncertainty. Replica errors: )
2026-05-29 04:02:49.509: [ERROR][Attempt 0/10][Retry in 119 ms] SdkError: Internal server error: exceptions::mutation_write_timeout_exception (Failed to accept proposal(4200d838-5b13-11f1-1d2c-feb827aec02b) for alternator_latte_hot_partition.latte_hot_partition: write timeout due to uncertainty. Replica errors: )
...number of dropped error messages per sampling period: 81
  17.001      3692         0      3692           0.361     7.205    34.472   103.481   158.990   289.931   508.822   603.455
2026-05-29 04:02:50.316: [ERROR][Attempt 0/10][Retry in 86 ms] SdkError: Internal server error: exceptions::mutation_write_timeout_exception (Failed to accept proposal(427bd7e0-5b13-11f1-1e23-777d85caccd0) for alternator_latte_hot_partition.latte_hot_partition: write timeout due to uncertainty. Replica errors: )
2026-05-29 04:02:51.152: [ERROR][Attempt 0/10][Retry in 98 ms] SdkError: Internal server error: exceptions::mutation_write_timeout_exception (Failed to accept proposal(42fb87c4-5b13-11f1-f4ba-d437204ccdcf) for alternator_latte_hot_partition.latte_hot_partition: write timeout due to uncertainty. Replica errors: )
2026-05-29 04:02:50.856: [ERROR][Attempt 0/10][Retry in 86 ms] SdkError: Internal server error: exceptions::mutation_write_timeout_exception (Failed to accept proposal(42ce6d7a-5b13-11f1-653a-9f33ced81dcd) for alternator_latte_hot_partition.latte_hot_partition: write timeout due to uncertainty. Replica errors: )
2026-05-29 04:02:50.810: [ERROR][Attempt 0/10][Retry in 123 ms] SdkError: Internal server error: exceptions::mutation_write_timeout_exception (Failed to accept proposal(42c777c2-5b13-11f1-b284-1eb4e7969742) for alternator_latte_hot_partition.latte_hot_partition: write timeout due to uncertainty. Replica errors: )
2026-05-29 04:02:50.328: [ERROR][Attempt 0/10][Retry in 147 ms] SdkError: Internal server error: exceptions::mutation_write_timeout_exception (Failed to accept proposal(427e0e0c-5b13-11f1-93bb-0f5c8a6282bb) for alternator_latte_hot_partition.latte_hot_partition: write timeout due to uncertainty. Replica errors: )
...number of dropped error messages per sampling period: 91
  18.001      3758         0      3758           0.354     6.304    25.608   112.460   177.996   330.301   534.774   597.164
2026-05-29 04:02:51.789: [ERROR][Attempt 0/10][Retry in 63 ms] SdkError: Internal server error: exceptions::mutation_write_timeout_exception (Failed to accept proposal(435c93ca-5b13-11f1-a16d-a0e1b0745905) for alternator_latte_hot_partition.latte_hot_partition: write timeout due to uncertainty. Replica errors: )
2026-05-29 04:02:51.740: [ERROR][Attempt 0/10][Retry in 72 ms] SdkError: Internal server error: exceptions::mutation_write_timeout_exception (Failed to accept proposal(43555646-5b13-11f1-8052-244d128e5dfa) for alternator_latte_hot_partition.latte_hot_partition: write timeout due to uncertainty. Replica errors: )
2026-05-29 04:02:51.959: [ERROR][Attempt 0/10][Retry in 53 ms] SdkError: Internal server error: exceptions::mutation_write_timeout_exception (Failed to accept proposal(4376b520-5b13-11f1-f38a-e8813e1b6e31) for alternator_latte_hot_partition.latte_hot_partition: write timeout due to uncertainty. Replica errors: )
2026-05-29 04:02:51.380: [ERROR][Attempt 0/10][Retry in 51 ms] SdkError: Internal server error: exceptions::mutation_write_timeout_exception (Failed to accept proposal(431e9174-5b13-11f1-4307-fb3b121e953a) for alternator_latte_hot_partition.latte_hot_partition: write timeout due to uncertainty. Replica errors: )
2026-05-29 04:02:51.379: [ERROR][Attempt 0/10][Retry in 92 ms] SdkError: Internal server error: exceptions::mutation_write_timeout_exception (Failed to accept proposal(431e27a2-5b13-11f1-3f7e-38bb063e5251) for alternator_latte_hot_partition.latte_hot_partition: write timeout due to uncertainty. Replica errors: )
...number of dropped error messages per sampling period: 80
  19.001      3766         0      3766           0.340     6.611    28.787   109.707   170.918   285.475   517.472   641.729
2026-05-29 04:02:52.907: [ERROR][Attempt 0/10][Retry in 132 ms] SdkError: Internal server error: exceptions::mutation_write_timeout_exception (Failed to accept proposal(44075468-5b13-11f1-8a63-e478db6aea9d) for alternator_latte_hot_partition.latte_hot_partition: write timeout due to uncertainty. Replica errors: )
2026-05-29 04:02:52.682: [ERROR][Attempt 0/10][Retry in 70 ms] SdkError: Internal server error: exceptions::mutation_write_timeout_exception (Failed to accept proposal(43e49ce8-5b13-11f1-59f4-2e47711e2059) for alternator_latte_hot_partition.latte_hot_partition: write timeout due to uncertainty. Replica errors: )
2026-05-29 04:02:52.899: [ERROR][Attempt 0/10][Retry in 116 ms] SdkError: Internal server error: exceptions::mutation_write_timeout_exception (Failed to accept proposal(4405b77a-5b13-11f1-e29e-34b2991677a3) for alternator_latte_hot_partition.latte_hot_partition: write timeout due to uncertainty. Replica errors: )
2026-05-29 04:02:52.821: [ERROR][Attempt 0/10][Retry in 131 ms] SdkError: Internal server error: exceptions::mutation_write_timeout_exception (Failed to accept proposal(43f9c2d0-5b13-11f1-c627-25c5a9b2d519) for alternator_latte_hot_partition.latte_hot_partition: write timeout due to uncertainty. Replica errors: )
2026-05-29 04:02:52.429: [ERROR][Attempt 0/10][Retry in 89 ms] SdkError: Internal server error: exceptions::mutation_write_timeout_exception (Failed to accept proposal(43be0b64-5b13-11f1-bd4a-d76246f6931e) for alternator_latte_hot_partition.latte_hot_partition: write timeout due to uncertainty. Replica errors: )
...number of dropped error messages per sampling period: 66
  20.001      3805         0      3806           0.365     7.320    38.044   111.608   156.500   281.018   350.224   560.464
2026-05-29 04:02:53.591: [ERROR][Attempt 0/10][Retry in 127 ms] SdkError: Internal server error: exceptions::mutation_write_timeout_exception (Failed to accept proposal(446f9c30-5b13-11f1-0d52-33b2f7ae67c0) for alternator_latte_hot_partition.latte_hot_partition: write timeout due to uncertainty. Replica errors: )
2026-05-29 04:02:53.946: [ERROR][Attempt 0/10][Retry in 75 ms] SdkError: Internal server error: exceptions::mutation_write_timeout_exception (Failed to accept proposal(44a5e42a-5b13-11f1-d94e-31ccc384f777) for alternator_latte_hot_partition.latte_hot_partition: write timeout due to uncertainty. Replica errors: )
2026-05-29 04:02:53.372: [ERROR][Attempt 0/10][Retry in 55 ms] SdkError: Internal server error: exceptions::mutation_write_timeout_exception (Failed to accept proposal(444e7230-5b13-11f1-4d61-3bf579f4f732) for alternator_latte_hot_partition.latte_hot_partition: write timeout due to uncertainty. Replica errors: )
2026-05-29 04:02:53.521: [ERROR][Attempt 0/10][Retry in 72 ms] SdkError: Internal server error: exceptions::mutation_write_timeout_exception (Failed to accept proposal(44651404-5b13-11f1-ee53-4721288be160) for alternator_latte_hot_partition.latte_hot_partition: write timeout due to uncertainty. Replica errors: )
2026-05-29 04:02:53.381: [ERROR][Attempt 1/10][Retry in 248 ms] SdkError: Internal server error: exceptions::mutation_write_timeout_exception (Failed to accept proposal(444f9642-5b13-11f1-1cd4-cc9248344019) for alternator_latte_hot_partition.latte_hot_partition: write timeout due to uncertainty. Replica errors: )
...number of dropped error messages per sampling period: 101
  21.002      4112         0      4112           0.368     6.640    31.130    99.090   148.636   269.746   398.983   539.492
2026-05-29 04:02:55.233: [ERROR][Attempt 0/10][Retry in 125 ms] SdkError: Internal server error: exceptions::mutation_write_timeout_exception (Failed to accept proposal(456a65d4-5b13-11f1-ff05-6f976cadd55a) for alternator_latte_hot_partition.latte_hot_partition: write timeout due to uncertainty. Replica errors: )
2026-05-29 04:02:55.136: [ERROR][Attempt 0/10][Retry in 140 ms] SdkError: Internal server error: exceptions::mutation_write_timeout_exception (Failed to accept proposal(455b05e4-5b13-11f1-af6d-0a8e5a19383d) for alternator_latte_hot_partition.latte_hot_partition: write timeout due to uncertainty. Replica errors: )
2026-05-29 04:02:54.722: [ERROR][Attempt 0/10][Retry in 62 ms] SdkError: Internal server error: exceptions::mutation_write_timeout_exception (Failed to accept proposal(451c5240-5b13-11f1-8245-c03ae1c3f59a) for alternator_latte_hot_partition.latte_hot_partition: write timeout due to uncertainty. Replica errors: )
2026-05-29 04:02:54.783: [ERROR][Attempt 0/10][Retry in 133 ms] SdkError: Internal server error: exceptions::mutation_write_timeout_exception (Failed to accept proposal(452567a4-5b13-11f1-a7a3-7cfd1a382a99) for alternator_latte_hot_partition.latte_hot_partition: write timeout due to uncertainty. Replica errors: )
2026-05-29 04:02:54.817: [ERROR][Attempt 0/10][Retry in 112 ms] SdkError: Internal server error: exceptions::mutation_write_timeout_exception (Failed to accept proposal(452ad504-5b13-11f1-6658-a9d030ae44f1) for alternator_latte_hot_partition.latte_hot_partition: write timeout due to uncertainty. Replica errors: )
...number of dropped error messages per sampling period: 73
  22.001      3782         0      3782           0.373     6.914    27.050   105.841   169.869   315.884   436.208   500.695
2026-05-29 04:02:55.576: [ERROR][Attempt 0/10][Retry in 50 ms] SdkError: Internal server error: exceptions::mutation_write_timeout_exception (Failed to accept proposal(459eaa38-5b13-11f1-58df-b706372427cf) for alternator_latte_hot_partition.latte_hot_partition: write timeout due to uncertainty. Replica errors: )
2026-05-29 04:02:56.089: [ERROR][Attempt 0/10][Retry in 129 ms] SdkError: Internal server error: exceptions::mutation_write_timeout_exception (Failed to accept proposal(45ebdc4a-5b13-11f1-9694-5362828c1270) for alternator_latte_hot_partition.latte_hot_partition: write timeout due to uncertainty. Replica errors: )
2026-05-29 04:02:55.702: [ERROR][Attempt 0/10][Retry in 131 ms] SdkError: Internal server error: exceptions::mutation_write_timeout_exception (Failed to accept proposal(45b1e148-5b13-11f1-a295-bad2cef638f5) for alternator_latte_hot_partition.latte_hot_partition: write timeout due to uncertainty. Replica errors: )
2026-05-29 04:02:55.763: [ERROR][Attempt 0/10][Retry in 132 ms] SdkError: Internal server error: exceptions::mutation_write_timeout_exception (Failed to accept proposal(45bb20a0-5b13-11f1-8ec6-95d487208b24) for alternator_latte_hot_partition.latte_hot_partition: write timeout due to uncertainty. Replica errors: )
2026-05-29 04:02:55.938: [ERROR][Attempt 0/10][Retry in 79 ms] SdkError: Internal server error: exceptions::mutation_write_timeout_exception (Failed to accept proposal(45d480f4-5b13-11f1-beea-378832cbb2c2) for alternator_latte_hot_partition.latte_hot_partition: write timeout due to uncertainty. Replica errors: )
...number of dropped error messages per sampling period: 94
  23.001      3935         0      3936           0.376     7.262    38.732   104.923   161.219   243.007   387.449   399.245
2026-05-29 04:02:56.835: [ERROR][Attempt 0/10][Retry in 83 ms] SdkError: Internal server error: exceptions::mutation_write_timeout_exception (Failed to accept proposal(465da79e-5b13-11f1-7583-3785fe00d41e) for alternator_latte_hot_partition.latte_hot_partition: write timeout due to uncertainty. Replica errors: )
2026-05-29 04:02:56.621: [ERROR][Attempt 0/10][Retry in 143 ms] SdkError: Internal server error: exceptions::mutation_write_timeout_exception (Failed to accept proposal(463de206-5b13-11f1-419d-8b5de43770d3) for alternator_latte_hot_partition.latte_hot_partition: write timeout due to uncertainty. Replica errors: )
2026-05-29 04:02:56.431: [ERROR][Attempt 1/10][Retry in 159 ms] SdkError: Internal server error: exceptions::mutation_write_timeout_exception (Failed to accept proposal(462132a0-5b13-11f1-4197-33d29ac9ee69) for alternator_latte_hot_partition.latte_hot_partition: write timeout due to uncertainty. Replica errors: )
2026-05-29 04:02:56.325: [ERROR][Attempt 0/10][Retry in 73 ms] SdkError: Internal server error: exceptions::mutation_write_timeout_exception (Failed to accept proposal(4610846e-5b13-11f1-6e7e-5227115a275b) for alternator_latte_hot_partition.latte_hot_partition: write timeout due to uncertainty. Replica errors: )
2026-05-29 04:02:56.525: [ERROR][Attempt 1/10][Retry in 198 ms] SdkError: Internal server error: exceptions::mutation_write_timeout_exception (Failed to accept proposal(462f4886-5b13-11f1-f963-5b8b274d55b0) for alternator_latte_hot_partition.latte_hot_partition: write timeout due to uncertainty. Replica errors: )
...number of dropped error messages per sampling period: 104
  24.001      3985         0      3985           0.361     7.115    35.815   103.350   146.801   238.289   415.236   479.199
2026-05-29 04:02:57.279: [ERROR][Attempt 0/10][Retry in 81 ms] SdkError: Internal server error: exceptions::mutation_write_timeout_exception (Failed to accept proposal(46a1dad6-5b13-11f1-8224-b2996af38c7b) for alternator_latte_hot_partition.latte_hot_partition: write timeout due to uncertainty. Replica errors: )
2026-05-29 04:02:57.526: [ERROR][Attempt 0/10][Retry in 71 ms] SdkError: Internal server error: exceptions::mutation_write_timeout_exception (Failed to accept proposal(46c81372-5b13-11f1-d7f0-eb1570578911) for alternator_latte_hot_partition.latte_hot_partition: write timeout due to uncertainty. Replica errors: )
2026-05-29 04:02:57.832: [ERROR][Attempt 0/10][Retry in 87 ms] SdkError: Internal server error: exceptions::mutation_write_timeout_exception (Failed to accept proposal(46f68b62-5b13-11f1-2aea-34da87198c4a) for alternator_latte_hot_partition.latte_hot_partition: write timeout due to uncertainty. Replica errors: )
2026-05-29 04:02:57.621: [ERROR][Attempt 0/10][Retry in 105 ms] SdkError: Internal server error: exceptions::mutation_write_timeout_exception (Failed to accept proposal(46d5be32-5b13-11f1-d251-61f4d6297c44) for alternator_latte_hot_partition.latte_hot_partition: write timeout due to uncertainty. Replica errors: )
2026-05-29 04:02:57.300: [ERROR][Attempt 0/10][Retry in 65 ms] SdkError: Internal server error: exceptions::mutation_write_timeout_exception (Failed to accept proposal(46a526d2-5b13-11f1-93ff-4eb9383b39ef) for alternator_latte_hot_partition.latte_hot_partition: write timeout due to uncertainty. Replica errors: )
...number of dropped error messages per sampling period: 90
  25.001      3787         0      3787           0.363     7.717    40.665   107.938   151.388   243.663   422.314   602.407
2026-05-29 04:02:58.362: [ERROR][Attempt 0/10][Retry in 102 ms] SdkError: Internal server error: exceptions::mutation_write_timeout_exception (Failed to accept proposal(47479638-5b13-11f1-d0e5-8327a8db11a3) for alternator_latte_hot_partition.latte_hot_partition: write timeout due to uncertainty. Replica errors: )
2026-05-29 04:02:59.139: [ERROR][Attempt 0/10][Retry in 104 ms] SdkError: Internal server error: exceptions::mutation_write_timeout_exception (Failed to accept proposal(47bdafda-5b13-11f1-a854-a1ad62dc41bf) for alternator_latte_hot_partition.latte_hot_partition: write timeout due to uncertainty. Replica errors: )
2026-05-29 04:02:58.591: [ERROR][Attempt 0/10][Retry in 120 ms] SdkError: Internal server error: exceptions::mutation_write_timeout_exception (Failed to accept proposal(4769a0fc-5b13-11f1-b8f8-7618ba722882) for alternator_latte_hot_partition.latte_hot_partition: write timeout due to uncertainty. Replica errors: )
2026-05-29 04:02:58.307: [ERROR][Attempt 0/10][Retry in 86 ms] SdkError: Internal server error: exceptions::mutation_write_timeout_exception (Failed to accept proposal(473f7a70-5b13-11f1-8ba5-e0c69c0bd1e8) for alternator_latte_hot_partition.latte_hot_partition: write timeout due to uncertainty. Replica errors: )
2026-05-29 04:02:58.463: [ERROR][Attempt 0/10][Retry in 84 ms] SdkError: Internal server error: exceptions::mutation_write_timeout_exception (Failed to accept proposal(47575a00-5b13-11f1-d1c3-4c018ed77b9d) for alternator_latte_hot_partition.latte_hot_partition: write timeout due to uncertainty. Replica errors: )
...number of dropped error messages per sampling period: 91
  26.001      3903         0      3903           0.361     6.304    31.752   105.054   157.286   258.081   490.209   807.404
2026-05-29 04:02:59.785: [ERROR][Attempt 0/10][Retry in 78 ms] SdkError: Internal server error: exceptions::mutation_write_timeout_exception (Failed to accept proposal(4820c02a-5b13-11f1-81f7-c9c947820215) for alternator_latte_hot_partition.latte_hot_partition: write timeout due to uncertainty. Replica errors: )
2026-05-29 04:02:59.861: [ERROR][Attempt 0/10][Retry in 93 ms] SdkError: Internal server error: exceptions::mutation_write_timeout_exception (Failed to accept proposal(482c3dce-5b13-11f1-8f3f-e73777799419) for alternator_latte_hot_partition.latte_hot_partition: write timeout due to uncertainty. Replica errors: )
2026-05-29 04:02:59.759: [ERROR][Attempt 0/10][Retry in 126 ms] SdkError: Internal server error: exceptions::mutation_write_timeout_exception (Failed to accept proposal(481ce4be-5b13-11f1-da95-e8c4731e87c4) for alternator_latte_hot_partition.latte_hot_partition: write timeout due to uncertainty. Replica errors: )
2026-05-29 04:03:00.005: [ERROR][Attempt 0/10][Retry in 137 ms] SdkError: Internal server error: exceptions::mutation_write_timeout_exception (Failed to accept proposal(484201e0-5b13-11f1-239c-dd76439e39e7) for alternator_latte_hot_partition.latte_hot_partition: write timeout due to uncertainty. Replica errors: )
2026-05-29 04:02:59.343: [ERROR][Attempt 0/10][Retry in 127 ms] SdkError: Internal server error: exceptions::mutation_write_timeout_exception (Failed to accept proposal(47dd08a8-5b13-11f1-564a-1435f4477c51) for alternator_latte_hot_partition.latte_hot_partition: write timeout due to uncertainty. Replica errors: )
...number of dropped error messages per sampling period: 90
  27.001      3299         0      3300           0.396     7.205    34.570   129.499   198.443   341.836   618.660   729.285
2026-05-29 04:03:00.824: [ERROR][Attempt 0/10][Retry in 98 ms] SdkError: Internal server error: exceptions::mutation_write_timeout_exception (Failed to accept proposal(48be43b8-5b13-11f1-9957-f7879c462340) for alternator_latte_hot_partition.latte_hot_partition: write timeout due to uncertainty. Replica errors: )
2026-05-29 04:03:00.743: [ERROR][Attempt 0/10][Retry in 141 ms] SdkError: Internal server error: exceptions::mutation_write_timeout_exception (Failed to accept proposal(48b32e38-5b13-11f1-89a6-5b14dfc7b162) for alternator_latte_hot_partition.latte_hot_partition: write timeout due to uncertainty. Replica errors: )
2026-05-29 04:03:00.992: [ERROR][Attempt 0/10][Retry in 140 ms] SdkError: Internal server error: exceptions::mutation_write_timeout_exception (Failed to accept proposal(48d897b8-5b13-11f1-c7f0-3e5de5bfa9b0) for alternator_latte_hot_partition.latte_hot_partition: write timeout due to uncertainty. Replica errors: )
2026-05-29 04:03:00.693: [ERROR][Attempt 0/10][Retry in 82 ms] SdkError: Internal server error: exceptions::mutation_write_timeout_exception (Failed to accept proposal(48ab3cc8-5b13-11f1-c6d4-be668919245e) for alternator_latte_hot_partition.latte_hot_partition: write timeout due to uncertainty. Replica errors: )
2026-05-29 04:03:00.763: [ERROR][Attempt 0/10][Retry in 88 ms] SdkError: Internal server error: exceptions::mutation_write_timeout_exception (Failed to accept proposal(48b6136e-5b13-11f1-4391-c47c2122f315) for alternator_latte_hot_partition.latte_hot_partition: write timeout due to uncertainty. Replica errors: )
...number of dropped error messages per sampling period: 102
  28.001      4009         0      4009           0.351     6.418    26.575   101.843   150.209   315.621   543.687   652.739
2026-05-29 04:03:01.547: [ERROR][Attempt 0/10][Retry in 109 ms] SdkError: Internal server error: exceptions::mutation_write_timeout_exception (Failed to accept proposal(492b3aa4-5b13-11f1-2662-0448120b4a2e) for alternator_latte_hot_partition.latte_hot_partition: write timeout due to uncertainty. Replica errors: )
2026-05-29 04:03:01.494: [ERROR][Attempt 0/10][Retry in 124 ms] SdkError: Internal server error: exceptions::mutation_write_timeout_exception (Failed to accept proposal(4925a328-5b13-11f1-86b2-ce527fc4130e) for alternator_latte_hot_partition.latte_hot_partition: write timeout due to uncertainty. Replica errors: )
2026-05-29 04:03:01.963: [ERROR][Attempt 0/10][Retry in 89 ms] SdkError: Internal server error: exceptions::mutation_write_timeout_exception (Failed to accept proposal(496ce5ee-5b13-11f1-a62b-31804b462c3a) for alternator_latte_hot_partition.latte_hot_partition: write timeout due to uncertainty. Replica errors: )
2026-05-29 04:03:01.599: [ERROR][Attempt 0/10][Retry in 142 ms] SdkError: Internal server error: exceptions::mutation_write_timeout_exception (Failed to accept proposal(49356556-5b13-11f1-1559-951853f3f88c) for alternator_latte_hot_partition.latte_hot_partition: write timeout due to uncertainty. Replica errors: )
2026-05-29 04:03:01.319: [ERROR][Attempt 0/10][Retry in 67 ms] SdkError: Internal server error: exceptions::mutation_write_timeout_exception (Failed to accept proposal(490b1b84-5b13-11f1-f685-2c7b1c4c96e3) for alternator_latte_hot_partition.latte_hot_partition: write timeout due to uncertainty. Replica errors: )
...number of dropped error messages per sampling period: 92
  29.002      3725         0      3725           0.356     6.836    29.590   115.081   167.641   289.407   465.830   706.740
2026-05-29 04:03:02.532: [ERROR][Attempt 0/10][Retry in 147 ms] SdkError: Internal server error: exceptions::mutation_write_timeout_exception (Failed to accept proposal(49c37706-5b13-11f1-6810-a458a80696c5) for alternator_latte_hot_partition.latte_hot_partition: write timeout due to uncertainty. Replica errors: )
2026-05-29 04:03:02.489: [ERROR][Attempt 0/10][Retry in 144 ms] SdkError: Internal server error: exceptions::mutation_write_timeout_exception (Failed to accept proposal(49bd13b6-5b13-11f1-40cf-b96a1bd94aaf) for alternator_latte_hot_partition.latte_hot_partition: write timeout due to uncertainty. Replica errors: )
2026-05-29 04:03:02.323: [ERROR][Attempt 0/10][Retry in 53 ms] SdkError: Internal server error: exceptions::mutation_write_timeout_exception (Failed to accept proposal(49a4394a-5b13-11f1-e42b-9dab4ead63f4) for alternator_latte_hot_partition.latte_hot_partition: write timeout due to uncertainty. Replica errors: )
2026-05-29 04:03:02.759: [ERROR][Attempt 0/10][Retry in 136 ms] SdkError: Internal server error: exceptions::mutation_write_timeout_exception (Failed to accept proposal(49e69be6-5b13-11f1-8d8e-678acd604017) for alternator_latte_hot_partition.latte_hot_partition: write timeout due to uncertainty. Replica errors: )
2026-05-29 04:03:02.443: [ERROR][Attempt 0/10][Retry in 123 ms] SdkError: Internal server error: exceptions::mutation_write_timeout_exception (Failed to accept proposal(49b4f9f6-5b13-11f1-5fd2-84eb8dacfae1) for alternator_latte_hot_partition.latte_hot_partition: write timeout due to uncertainty. Replica errors: )
...number of dropped error messages per sampling period: 90
  30.002      3797         0      3797           0.373     7.717    29.475   110.297   174.850   290.980   605.553   629.670
2026-05-29 04:03:03.258: [ERROR][Attempt 0/10][Retry in 102 ms] SdkError: Internal server error: exceptions::mutation_write_timeout_exception (Failed to accept proposal(4a326490-5b13-11f1-9737-a2c34c9a661f) for alternator_latte_hot_partition.latte_hot_partition: write timeout due to uncertainty. Replica errors: )
2026-05-29 04:03:03.483: [ERROR][Attempt 0/10][Retry in 135 ms] SdkError: Internal server error: exceptions::mutation_write_timeout_exception (Failed to accept proposal(4a55299e-5b13-11f1-8ecd-7a1d8a42422e) for alternator_latte_hot_partition.latte_hot_partition: write timeout due to uncertainty. Replica errors: )
2026-05-29 04:03:03.728: [ERROR][Attempt 0/10][Retry in 79 ms] SdkError: Internal server error: exceptions::mutation_write_timeout_exception (Failed to accept proposal(4a79dde8-5b13-11f1-6671-1bf21fd37edd) for alternator_latte_hot_partition.latte_hot_partition: write timeout due to uncertainty. Replica errors: )
2026-05-29 04:03:03.446: [ERROR][Attempt 0/10][Retry in 112 ms] SdkError: Internal server error: exceptions::mutation_write_timeout_exception (Failed to accept proposal(4a4df8a4-5b13-11f1-b435-eea5e9f01c9c) for alternator_latte_hot_partition.latte_hot_partition: write timeout due to uncertainty. Replica errors: )
2026-05-29 04:03:04.123: [ERROR][Attempt 0/10][Retry in 56 ms] SdkError: Internal server error: exceptions::mutation_write_timeout_exception (Failed to accept proposal(4ab6c0be-5b13-11f1-cf50-060ed3973beb) for alternator_latte_hot_partition.latte_hot_partition: write timeout due to uncertainty. Replica errors: )
...number of dropped error messages per sampling period: 105
  31.001      3795         0      3795           0.357     7.287    35.848   106.562   152.306   267.911   455.606   911.737
2026-05-29 04:03:04.679: [ERROR][Attempt 0/10][Retry in 82 ms] SdkError: Internal server error: exceptions::mutation_write_timeout_exception (Failed to accept proposal(4b0b1c5e-5b13-11f1-81fb-62389bdea2d9) for alternator_latte_hot_partition.latte_hot_partition: write timeout due to uncertainty. Replica errors: )
2026-05-29 04:03:04.265: [ERROR][Attempt 1/10][Retry in 207 ms] SdkError: Internal server error: exceptions::mutation_write_timeout_exception (Failed to accept proposal(4acca8ac-5b13-11f1-b4d5-25bdc507c9fc) for alternator_latte_hot_partition.latte_hot_partition: write timeout due to uncertainty. Replica errors: )
2026-05-29 04:03:04.367: [ERROR][Attempt 0/10][Retry in 73 ms] SdkError: Internal server error: exceptions::mutation_write_timeout_exception (Failed to accept proposal(4adbc788-5b13-11f1-29d3-6e9e82f9dbe4) for alternator_latte_hot_partition.latte_hot_partition: write timeout due to uncertainty. Replica errors: )
2026-05-29 04:03:04.858: [ERROR][Attempt 0/10][Retry in 90 ms] SdkError: Internal server error: exceptions::mutation_write_timeout_exception (Failed to accept proposal(4b266b9e-5b13-11f1-88c0-c2d5f9e4b735) for alternator_latte_hot_partition.latte_hot_partition: write timeout due to uncertainty. Replica errors: )
2026-05-29 04:03:04.893: [ERROR][Attempt 0/10][Retry in 104 ms] SdkError: Internal server error: exceptions::mutation_write_timeout_exception (Failed to accept proposal(4b2c4b2c-5b13-11f1-497d-74e3eb1836d3) for alternator_latte_hot_partition.latte_hot_partition: write timeout due to uncertainty. Replica errors: )
...number of dropped error messages per sampling period: 93
  32.002      3673         0      3673           0.371     7.692    41.878   109.707   166.593   284.426   486.539   673.710
2026-05-29 04:03:05.603: [ERROR][Attempt 0/10][Retry in 121 ms] SdkError: Internal server error: exceptions::mutation_write_timeout_exception (Failed to accept proposal(4b983f08-5b13-11f1-8502-99c5f0e72a5e) for alternator_latte_hot_partition.latte_hot_partition: write timeout due to uncertainty. Replica errors: )
2026-05-29 04:03:05.490: [ERROR][Attempt 0/10][Retry in 121 ms] SdkError: Internal server error: exceptions::mutation_write_timeout_exception (Failed to accept proposal(4b8765ca-5b13-11f1-6ce8-06bab6f07707) for alternator_latte_hot_partition.latte_hot_partition: write timeout due to uncertainty. Replica errors: )
2026-05-29 04:03:05.561: [ERROR][Attempt 0/10][Retry in 98 ms] SdkError: Internal server error: exceptions::mutation_write_timeout_exception (Failed to accept proposal(4b91d7b2-5b13-11f1-ba59-38c2b03970a1) for alternator_latte_hot_partition.latte_hot_partition: write timeout due to uncertainty. Replica errors: )
2026-05-29 04:03:05.588: [ERROR][Attempt 1/10][Retry in 198 ms] SdkError: Internal server error: exceptions::mutation_write_timeout_exception (Failed to accept proposal(4b95e316-5b13-11f1-0516-e763882e75ac) for alternator_latte_hot_partition.latte_hot_partition: write timeout due to uncertainty. Replica errors: )
2026-05-29 04:03:06.034: [ERROR][Attempt 0/10][Retry in 89 ms] SdkError: Internal server error: exceptions::mutation_write_timeout_exception (Failed to accept proposal(4bda6270-5b13-11f1-c667-0bb5199924a2) for alternator_latte_hot_partition.latte_hot_partition: write timeout due to uncertainty. Replica errors: )
...number of dropped error messages per sampling period: 100
  33.001      3782         0      3782           0.360     7.520    40.305   107.938   150.471   248.250   391.119   567.804
2026-05-29 04:03:07.089: [ERROR][Attempt 0/10][Retry in 54 ms] SdkError: Internal server error: exceptions::mutation_write_timeout_exception (Failed to accept proposal(4c7b0950-5b13-11f1-fe19-a00f60836294) for alternator_latte_hot_partition.latte_hot_partition: write timeout due to uncertainty. Replica errors: )
2026-05-29 04:03:06.616: [ERROR][Attempt 0/10][Retry in 81 ms] SdkError: Internal server error: exceptions::mutation_write_timeout_exception (Failed to accept proposal(4c32f3e0-5b13-11f1-03f7-2ef9c20de723) for alternator_latte_hot_partition.latte_hot_partition: write timeout due to uncertainty. Replica errors: )
2026-05-29 04:03:06.713: [ERROR][Attempt 0/10][Retry in 91 ms] SdkError: Internal server error: exceptions::mutation_write_timeout_exception (Failed to accept proposal(4c41dd10-5b13-11f1-c38e-fffdfd6b2efa) for alternator_latte_hot_partition.latte_hot_partition: write timeout due to uncertainty. Replica errors: )
2026-05-29 04:03:06.342: [ERROR][Attempt 1/10][Retry in 223 ms] SdkError: Internal server error: exceptions::mutation_write_timeout_exception (Failed to accept proposal(4c06c7fc-5b13-11f1-1f05-0818fc238157) for alternator_latte_hot_partition.latte_hot_partition: write timeout due to uncertainty. Replica errors: )
2026-05-29 04:03:06.645: [ERROR][Attempt 2/10][Retry in 447 ms] SdkError: Internal server error: exceptions::mutation_write_timeout_exception (Failed to accept proposal(4c37976a-5b13-11f1-d34d-15df6f32943f) for alternator_latte_hot_partition.latte_hot_partition: write timeout due to uncertainty. Replica errors: )
...number of dropped error messages per sampling period: 98
  34.002      3789         0      3789           0.370     7.516    38.437   105.316   153.879   260.964   413.139   949.486
2026-05-29 04:03:07.256: [ERROR][Attempt 0/10][Retry in 92 ms] SdkError: Internal server error: exceptions::mutation_write_timeout_exception (Failed to accept proposal(4c9407fc-5b13-11f1-1ddc-6f650de6f4eb) for alternator_latte_hot_partition.latte_hot_partition: write timeout due to uncertainty. Replica errors: )
2026-05-29 04:03:07.671: [ERROR][Attempt 0/10][Retry in 60 ms] SdkError: Internal server error: exceptions::mutation_write_timeout_exception (Failed to accept proposal(4cd3c568-5b13-11f1-d7b2-308e200fb29d) for alternator_latte_hot_partition.latte_hot_partition: write timeout due to uncertainty. Replica errors: )
2026-05-29 04:03:07.707: [ERROR][Attempt 0/10][Retry in 82 ms] SdkError: Internal server error: exceptions::mutation_write_timeout_exception (Failed to accept proposal(4cd8499e-5b13-11f1-020b-e19cf0d010e3) for alternator_latte_hot_partition.latte_hot_partition: write timeout due to uncertainty. Replica errors: )
2026-05-29 04:03:07.674: [ERROR][Attempt 0/10][Retry in 108 ms] SdkError: Internal server error: exceptions::mutation_write_timeout_exception (Failed to accept proposal(4cd45834-5b13-11f1-6ca3-4585ef5868db) for alternator_latte_hot_partition.latte_hot_partition: write timeout due to uncertainty. Replica errors: )
2026-05-29 04:03:07.288: [ERROR][Attempt 0/10][Retry in 61 ms] SdkError: Internal server error: exceptions::mutation_write_timeout_exception (Failed to accept proposal(4c99c9a8-5b13-11f1-238f-b6e2013daa30) for alternator_latte_hot_partition.latte_hot_partition: write timeout due to uncertainty. Replica errors: )
...number of dropped error messages per sampling period: 90
  35.001      3670         0      3671           0.343     7.389    37.749   111.084   164.364   305.398   574.620   664.797
2026-05-29 04:03:08.265: [ERROR][Attempt 0/10][Retry in 69 ms] SdkError: Internal server error: exceptions::mutation_write_timeout_exception (Failed to accept proposal(4d2e6a40-5b13-11f1-adc3-17da0e5c4932) for alternator_latte_hot_partition.latte_hot_partition: write timeout due to uncertainty. Replica errors: )
2026-05-29 04:03:08.709: [ERROR][Attempt 0/10][Retry in 51 ms] SdkError: Internal server error: exceptions::mutation_write_timeout_exception (Failed to accept proposal(4d726542-5b13-11f1-5a7c-97c430d26359) for alternator_latte_hot_partition.latte_hot_partition: write timeout due to uncertainty. Replica errors: )
2026-05-29 04:03:09.137: [ERROR][Attempt 0/10][Retry in 89 ms] SdkError: Internal server error: exceptions::mutation_write_timeout_exception (Failed to accept proposal(4db3d6d0-5b13-11f1-90d3-9157133049c6) for alternator_latte_hot_partition.latte_hot_partition: write timeout due to uncertainty. Replica errors: )
2026-05-29 04:03:08.517: [ERROR][Attempt 0/10][Retry in 137 ms] SdkError: Internal server error: exceptions::mutation_write_timeout_exception (Failed to accept proposal(4d5543fe-5b13-11f1-7f68-cec64d4e812f) for alternator_latte_hot_partition.latte_hot_partition: write timeout due to uncertainty. Replica errors: )
2026-05-29 04:03:08.398: [ERROR][Attempt 0/10][Retry in 62 ms] SdkError: Internal server error: exceptions::mutation_write_timeout_exception (Failed to accept proposal(4d42d750-5b13-11f1-6ce7-4aa403822f7b) for alternator_latte_hot_partition.latte_hot_partition: write timeout due to uncertainty. Replica errors: )
...number of dropped error messages per sampling period: 102
  36.001      3748         0      3747           0.362     7.168    36.733   109.707   157.417   257.556   428.343   497.811
2026-05-29 04:03:10.050: [ERROR][Attempt 0/10][Retry in 56 ms] SdkError: Internal server error: exceptions::mutation_write_timeout_exception (Failed to accept proposal(4e3eac7e-5b13-11f1-daeb-401a56e23f26) for alternator_latte_hot_partition.latte_hot_partition: write timeout due to uncertainty. Replica errors: )
2026-05-29 04:03:10.022: [ERROR][Attempt 0/10][Retry in 108 ms] SdkError: Internal server error: exceptions::mutation_write_timeout_exception (Failed to accept proposal(4e3acb68-5b13-11f1-8673-ffbda8a30ecc) for alternator_latte_hot_partition.latte_hot_partition: write timeout due to uncertainty. Replica errors: )
2026-05-29 04:03:10.098: [ERROR][Attempt 0/10][Retry in 58 ms] SdkError: Internal server error: exceptions::mutation_write_timeout_exception (Failed to accept proposal(4e468778-5b13-11f1-20e6-f326c5fe50e2) for alternator_latte_hot_partition.latte_hot_partition: write timeout due to uncertainty. Replica errors: )
2026-05-29 04:03:09.312: [ERROR][Attempt 0/10][Retry in 82 ms] SdkError: Internal server error: exceptions::mutation_write_timeout_exception (Failed to accept proposal(4dce533e-5b13-11f1-0565-5aeb9e400cb3) for alternator_latte_hot_partition.latte_hot_partition: write timeout due to uncertainty. Replica errors: )
2026-05-29 04:03:09.579: [ERROR][Attempt 0/10][Retry in 92 ms] SdkError: Internal server error: exceptions::mutation_write_timeout_exception (Failed to accept proposal(4df770b6-5b13-11f1-c5a0-25b246b529ac) for alternator_latte_hot_partition.latte_hot_partition: write timeout due to uncertainty. Replica errors: )
...number of dropped error messages per sampling period: 101
  37.001      3789         0      3789           0.338     7.082    35.455   109.445   154.927   299.631   469.238  1026.032
2026-05-29 04:03:10.468: [ERROR][Attempt 0/10][Retry in 139 ms] SdkError: Internal server error: exceptions::mutation_write_timeout_exception (Failed to accept proposal(4e7ef8b0-5b13-11f1-d5ef-5efda3011aa9) for alternator_latte_hot_partition.latte_hot_partition: write timeout due to uncertainty. Replica errors: )
2026-05-29 04:03:10.735: [ERROR][Attempt 0/10][Retry in 90 ms] SdkError: Internal server error: exceptions::mutation_write_timeout_exception (Failed to accept proposal(4ea7c632-5b13-11f1-a98d-ce849e2146c0) for alternator_latte_hot_partition.latte_hot_partition: write timeout due to uncertainty. Replica errors: )
2026-05-29 04:03:10.979: [ERROR][Attempt 0/10][Retry in 99 ms] SdkError: Internal server error: exceptions::mutation_write_timeout_exception (Failed to accept proposal(4eccc61c-5b13-11f1-8488-91f091bc868b) for alternator_latte_hot_partition.latte_hot_partition: write timeout due to uncertainty. Replica errors: )
2026-05-29 04:03:11.152: [ERROR][Attempt 0/10][Retry in 99 ms] SdkError: Internal server error: exceptions::mutation_write_timeout_exception (Failed to accept proposal(4ee71986-5b13-11f1-8d12-53f2ae6d463b) for alternator_latte_hot_partition.latte_hot_partition: write timeout due to uncertainty. Replica errors: )
2026-05-29 04:03:10.486: [ERROR][Attempt 0/10][Retry in 72 ms] SdkError: Internal server error: exceptions::mutation_write_timeout_exception (Failed to accept proposal(4e812a90-5b13-11f1-be30-4458013ef24e) for alternator_latte_hot_partition.latte_hot_partition: write timeout due to uncertainty. Replica errors: )
...number of dropped error messages per sampling period: 82
  38.002      3748         0      3748           0.395     7.356    37.126   109.052   158.073   250.741   365.167   572.522
2026-05-29 04:03:12.188: [ERROR][Attempt 0/10][Retry in 96 ms] SdkError: Internal server error: exceptions::mutation_write_timeout_exception (Failed to accept proposal(4f8516ae-5b13-11f1-a1de-6d45cdb0536d) for alternator_latte_hot_partition.latte_hot_partition: write timeout due to uncertainty. Replica errors: )
2026-05-29 04:03:11.798: [ERROR][Attempt 0/10][Retry in 106 ms] SdkError: Internal server error: exceptions::mutation_write_timeout_exception (Failed to accept proposal(4f493044-5b13-11f1-aa87-21d4ac589e99) for alternator_latte_hot_partition.latte_hot_partition: write timeout due to uncertainty. Replica errors: )
2026-05-29 04:03:11.258: [ERROR][Attempt 0/10][Retry in 73 ms] SdkError: Internal server error: exceptions::mutation_write_timeout_exception (Failed to accept proposal(4ef77362-5b13-11f1-93ea-de2541ed075e) for alternator_latte_hot_partition.latte_hot_partition: write timeout due to uncertainty. Replica errors: )
2026-05-29 04:03:11.611: [ERROR][Attempt 0/10][Retry in 103 ms] SdkError: Internal server error: exceptions::mutation_write_timeout_exception (Failed to accept proposal(4f2d8092-5b13-11f1-1da9-df0d9454598f) for alternator_latte_hot_partition.latte_hot_partition: write timeout due to uncertainty. Replica errors: )
2026-05-29 04:03:11.517: [ERROR][Attempt 0/10][Retry in 83 ms] SdkError: Internal server error: exceptions::mutation_write_timeout_exception (Failed to accept proposal(4f1f2d4e-5b13-11f1-16f9-8de4356725a1) for alternator_latte_hot_partition.latte_hot_partition: write timeout due to uncertainty. Replica errors: )
...number of dropped error messages per sampling period: 97
  39.001      3881         0      3881           0.346     6.738    31.048   102.040   158.073   312.214   577.765   705.167
2026-05-29 04:03:12.819: [ERROR][Attempt 0/10][Retry in 96 ms] SdkError: Internal server error: exceptions::mutation_write_timeout_exception (Failed to accept proposal(4fe5a6f4-5b13-11f1-f9f9-8effe332d9fd) for alternator_latte_hot_partition.latte_hot_partition: write timeout due to uncertainty. Replica errors: )
2026-05-29 04:03:12.551: [ERROR][Attempt 0/10][Retry in 68 ms] SdkError: Internal server error: exceptions::mutation_write_timeout_exception (Failed to accept proposal(4fbc5402-5b13-11f1-ca4a-48244299d2fc) for alternator_latte_hot_partition.latte_hot_partition: write timeout due to uncertainty. Replica errors: )
2026-05-29 04:03:12.400: [ERROR][Attempt 0/10][Retry in 122 ms] SdkError: Internal server error: exceptions::mutation_write_timeout_exception (Failed to accept proposal(4fa45bb8-5b13-11f1-2ed3-5edc6d23a25d) for alternator_latte_hot_partition.latte_hot_partition: write timeout due to uncertainty. Replica errors: )
2026-05-29 04:03:12.913: [ERROR][Attempt 0/10][Retry in 77 ms] SdkError: Internal server error: exceptions::mutation_write_timeout_exception (Failed to accept proposal(4ff3de04-5b13-11f1-d667-320a723d485f) for alternator_latte_hot_partition.latte_hot_partition: write timeout due to uncertainty. Replica errors: )
2026-05-29 04:03:12.821: [ERROR][Attempt 0/10][Retry in 118 ms] SdkError: Internal server error: exceptions::mutation_write_timeout_exception (Failed to accept proposal(4fe610ee-5b13-11f1-f593-7727b9a450ae) for alternator_latte_hot_partition.latte_hot_partition: write timeout due to uncertainty. Replica errors: )
...number of dropped error messages per sampling period: 90
  40.001      3978         0      3979           0.380     7.254    34.931   104.727   148.898   221.250   498.860   654.836
2026-05-29 04:03:13.295: [ERROR][Attempt 0/10][Retry in 96 ms] SdkError: Internal server error: exceptions::mutation_write_timeout_exception (Failed to accept proposal(502d437e-5b13-11f1-6fa8-d512b3203bb4) for alternator_latte_hot_partition.latte_hot_partition: write timeout due to uncertainty. Replica errors: )
2026-05-29 04:03:13.588: [ERROR][Attempt 0/10][Retry in 143 ms] SdkError: Internal server error: exceptions::mutation_write_timeout_exception (Failed to accept proposal(505ad5a0-5b13-11f1-86d3-467849a8a8b3) for alternator_latte_hot_partition.latte_hot_partition: write timeout due to uncertainty. Replica errors: )
2026-05-29 04:03:13.545: [ERROR][Attempt 0/10][Retry in 52 ms] SdkError: Internal server error: exceptions::mutation_write_timeout_exception (Failed to accept proposal(50545342-5b13-11f1-a579-372169acaf39) for alternator_latte_hot_partition.latte_hot_partition: write timeout due to uncertainty. Replica errors: )
2026-05-29 04:03:13.587: [ERROR][Attempt 0/10][Retry in 135 ms] SdkError: Internal server error: exceptions::mutation_write_timeout_exception (Failed to accept proposal(505aa454-5b13-11f1-6f12-de0ea2d702a4) for alternator_latte_hot_partition.latte_hot_partition: write timeout due to uncertainty. Replica errors: )
2026-05-29 04:03:13.504: [ERROR][Attempt 0/10][Retry in 82 ms] SdkError: Internal server error: exceptions::mutation_write_timeout_exception (Failed to accept proposal(504e0302-5b13-11f1-aae1-fb845bc06355) for alternator_latte_hot_partition.latte_hot_partition: write timeout due to uncertainty. Replica errors: )
...number of dropped error messages per sampling period: 103
  41.001      3921         0      3921           0.362     6.955    33.915   107.414   155.058   281.543   575.144   627.573
2026-05-29 04:03:14.528: [ERROR][Attempt 0/10][Retry in 81 ms] SdkError: Internal server error: exceptions::mutation_write_timeout_exception (Failed to accept proposal(50ea660c-5b13-11f1-0903-035c19479db3) for alternator_latte_hot_partition.latte_hot_partition: write timeout due to uncertainty. Replica errors: )
2026-05-29 04:03:15.008: [ERROR][Attempt 0/10][Retry in 55 ms] SdkError: Internal server error: exceptions::mutation_write_timeout_exception (Failed to accept proposal(5132fd7c-5b13-11f1-cd2f-9c6b71f67d85) for alternator_latte_hot_partition.latte_hot_partition: write timeout due to uncertainty. Replica errors: )
2026-05-29 04:03:14.447: [ERROR][Attempt 0/10][Retry in 60 ms] SdkError: Internal server error: exceptions::mutation_write_timeout_exception (Failed to accept proposal(50de16cc-5b13-11f1-9040-a68b235dccbe) for alternator_latte_hot_partition.latte_hot_partition: write timeout due to uncertainty. Replica errors: )
2026-05-29 04:03:14.364: [ERROR][Attempt 0/10][Retry in 110 ms] SdkError: Internal server error: exceptions::mutation_write_timeout_exception (Failed to accept proposal(50d13c9a-5b13-11f1-7482-146b6ea38e2f) for alternator_latte_hot_partition.latte_hot_partition: write timeout due to uncertainty. Replica errors: )
2026-05-29 04:03:14.428: [ERROR][Attempt 0/10][Retry in 67 ms] SdkError: Internal server error: exceptions::mutation_write_timeout_exception (Failed to accept proposal(50dac544-5b13-11f1-f03f-76e77169b166) for alternator_latte_hot_partition.latte_hot_partition: write timeout due to uncertainty. Replica errors: )
...number of dropped error messages per sampling period: 104
  42.001      3917         0      3916           0.361     6.754    33.882   103.023   151.650   316.408   511.181   677.904
2026-05-29 04:03:15.414: [ERROR][Attempt 0/10][Retry in 142 ms] SdkError: Internal server error: exceptions::mutation_write_timeout_exception (Failed to accept proposal(51719dac-5b13-11f1-85a8-9387de62e9eb) for alternator_latte_hot_partition.latte_hot_partition: write timeout due to uncertainty. Replica errors: )
2026-05-29 04:03:15.619: [ERROR][Attempt 0/10][Retry in 137 ms] SdkError: Internal server error: exceptions::mutation_write_timeout_exception (Failed to accept proposal(518fe6fe-5b13-11f1-a691-ddecd37bdb38) for alternator_latte_hot_partition.latte_hot_partition: write timeout due to uncertainty. Replica errors: )
2026-05-29 04:03:15.436: [ERROR][Attempt 0/10][Retry in 62 ms] SdkError: Internal server error: exceptions::mutation_write_timeout_exception (Failed to accept proposal(5174ee30-5b13-11f1-b09d-be158455fe95) for alternator_latte_hot_partition.latte_hot_partition: write timeout due to uncertainty. Replica errors: )
2026-05-29 04:03:16.000: [ERROR][Attempt 0/10][Retry in 65 ms] SdkError: Internal server error: exceptions::mutation_write_timeout_exception (Failed to accept proposal(51cad7dc-5b13-11f1-d809-a3ffd2314d4f) for alternator_latte_hot_partition.latte_hot_partition: write timeout due to uncertainty. Replica errors: )
2026-05-29 04:03:15.894: [ERROR][Attempt 0/10][Retry in 82 ms] SdkError: Internal server error: exceptions::mutation_write_timeout_exception (Failed to accept proposal(51ba51d2-5b13-11f1-a4a2-2d0509becd67) for alternator_latte_hot_partition.latte_hot_partition: write timeout due to uncertainty. Replica errors: )
...number of dropped error messages per sampling period: 80
  43.001      3629         0      3629           0.374     6.930    31.146   105.513   153.616   298.058   482.083   553.648
2026-05-29 04:03:16.700: [ERROR][Attempt 0/10][Retry in 53 ms] SdkError: Internal server error: exceptions::mutation_write_timeout_exception (Failed to accept proposal(5234a7ac-5b13-11f1-63ce-c36f57a8eeb7) for alternator_latte_hot_partition.latte_hot_partition: write timeout due to uncertainty. Replica errors: )
2026-05-29 04:03:16.652: [ERROR][Attempt 0/10][Retry in 53 ms] SdkError: Internal server error: exceptions::mutation_write_timeout_exception (Failed to accept proposal(522eb2b6-5b13-11f1-4e2c-0fb038d119b6) for alternator_latte_hot_partition.latte_hot_partition: write timeout due to uncertainty. Replica errors: )
2026-05-29 04:03:16.745: [ERROR][Attempt 0/10][Retry in 71 ms] SdkError: Internal server error: exceptions::mutation_write_timeout_exception (Failed to accept proposal(523c3e4a-5b13-11f1-48dd-e277cf5f3903) for alternator_latte_hot_partition.latte_hot_partition: write timeout due to uncertainty. Replica errors: )
2026-05-29 04:03:16.322: [ERROR][Attempt 0/10][Retry in 104 ms] SdkError: Internal server error: exceptions::mutation_write_timeout_exception (Failed to accept proposal(51fba326-5b13-11f1-3130-e2814356bd2a) for alternator_latte_hot_partition.latte_hot_partition: write timeout due to uncertainty. Replica errors: )
2026-05-29 04:03:16.630: [ERROR][Attempt 0/10][Retry in 80 ms] SdkError: Internal server error: exceptions::mutation_write_timeout_exception (Failed to accept proposal(522ac7c8-5b13-11f1-ab4e-ae9f45988d2c) for alternator_latte_hot_partition.latte_hot_partition: write timeout due to uncertainty. Replica errors: )
...number of dropped error messages per sampling period: 85
  44.001      3676         0      3676           0.363     6.046    27.787   106.496   183.501   402.391   632.816  1162.871
2026-05-29 04:03:17.983: [ERROR][Attempt 0/10][Retry in 74 ms] SdkError: Internal server error: exceptions::mutation_write_timeout_exception (Failed to accept proposal(52f95228-5b13-11f1-060f-0daa632d10cf) for alternator_latte_hot_partition.latte_hot_partition: write timeout due to uncertainty. Replica errors: )
2026-05-29 04:03:18.064: [ERROR][Attempt 0/10][Retry in 143 ms] SdkError: Internal server error: exceptions::mutation_write_timeout_exception (Failed to accept proposal(53064244-5b13-11f1-591d-2847bdc74691) for alternator_latte_hot_partition.latte_hot_partition: write timeout due to uncertainty. Replica errors: )
2026-05-29 04:03:17.304: [ERROR][Attempt 0/10][Retry in 148 ms] SdkError: Internal server error: exceptions::mutation_write_timeout_exception (Failed to accept proposal(5291a3c6-5b13-11f1-4d3d-106669230c3c) for alternator_latte_hot_partition.latte_hot_partition: write timeout due to uncertainty. Replica errors: )
2026-05-29 04:03:18.053: [ERROR][Attempt 0/10][Retry in 93 ms] SdkError: Internal server error: exceptions::mutation_write_timeout_exception (Failed to accept proposal(53044818-5b13-11f1-e3ff-57271cda416f) for alternator_latte_hot_partition.latte_hot_partition: write timeout due to uncertainty. Replica errors: )
2026-05-29 04:03:17.595: [ERROR][Attempt 0/10][Retry in 132 ms] SdkError: Internal server error: exceptions::mutation_write_timeout_exception (Failed to accept proposal(52be137a-5b13-11f1-2a55-514d98b2b7fd) for alternator_latte_hot_partition.latte_hot_partition: write timeout due to uncertainty. Replica errors: )
...number of dropped error messages per sampling period: 78
  45.001      3799         0      3799           0.396     6.935    35.488   113.246   162.136   256.115   439.091   632.291
2026-05-29 04:03:18.874: [ERROR][Attempt 0/10][Retry in 65 ms] SdkError: Internal server error: exceptions::mutation_write_timeout_exception (Failed to accept proposal(53814818-5b13-11f1-8b30-61d064fdb61f) for alternator_latte_hot_partition.latte_hot_partition: write timeout due to uncertainty. Replica errors: )
2026-05-29 04:03:18.699: [ERROR][Attempt 0/10][Retry in 56 ms] SdkError: Internal server error: exceptions::mutation_write_timeout_exception (Failed to accept proposal(5366c29a-5b13-11f1-e505-582e1182c5bf) for alternator_latte_hot_partition.latte_hot_partition: write timeout due to uncertainty. Replica errors: )
2026-05-29 04:03:18.555: [ERROR][Attempt 0/10][Retry in 120 ms] SdkError: Internal server error: exceptions::mutation_write_timeout_exception (Failed to accept proposal(53509f1a-5b13-11f1-fe71-898b209f366c) for alternator_latte_hot_partition.latte_hot_partition: write timeout due to uncertainty. Replica errors: )
2026-05-29 04:03:19.104: [ERROR][Attempt 0/10][Retry in 79 ms] SdkError: Internal server error: exceptions::mutation_write_timeout_exception (Failed to accept proposal(53a4d788-5b13-11f1-8458-3de4d0165d42) for alternator_latte_hot_partition.latte_hot_partition: write timeout due to uncertainty. Replica errors: )
2026-05-29 04:03:18.820: [ERROR][Attempt 0/10][Retry in 120 ms] SdkError: Internal server error: exceptions::mutation_write_timeout_exception (Failed to accept proposal(53792462-5b13-11f1-49b9-4596a26d2db6) for alternator_latte_hot_partition.latte_hot_partition: write timeout due to uncertainty. Replica errors: )
...number of dropped error messages per sampling period: 87
  46.001      4005         0      4004           0.369     6.935    36.930   103.088   147.325   231.473   371.982   504.627
2026-05-29 04:03:19.593: [ERROR][Attempt 0/10][Retry in 119 ms] SdkError: Internal server error: exceptions::mutation_write_timeout_exception (Failed to accept proposal(53ef200e-5b13-11f1-e0f4-c5707196a1a3) for alternator_latte_hot_partition.latte_hot_partition: write timeout due to uncertainty. Replica errors: )
2026-05-29 04:03:19.274: [ERROR][Attempt 0/10][Retry in 94 ms] SdkError: Internal server error: exceptions::mutation_write_timeout_exception (Failed to accept proposal(53be9e8e-5b13-11f1-fec2-42711a09f26e) for alternator_latte_hot_partition.latte_hot_partition: write timeout due to uncertainty. Replica errors: )
2026-05-29 04:03:19.335: [ERROR][Attempt 0/10][Retry in 111 ms] SdkError: Internal server error: exceptions::mutation_write_timeout_exception (Failed to accept proposal(53c80ac8-5b13-11f1-1f0e-2c5f075ed95e) for alternator_latte_hot_partition.latte_hot_partition: write timeout due to uncertainty. Replica errors: )
2026-05-29 04:03:20.180: [ERROR][Attempt 0/10][Retry in 133 ms] SdkError: Internal server error: exceptions::mutation_write_timeout_exception (Failed to accept proposal(54471426-5b13-11f1-f7fb-88e0f03ac63c) for alternator_latte_hot_partition.latte_hot_partition: write timeout due to uncertainty. Replica errors: )
2026-05-29 04:03:19.665: [ERROR][Attempt 0/10][Retry in 118 ms] SdkError: Internal server error: exceptions::mutation_write_timeout_exception (Failed to accept proposal(53fa3fde-5b13-11f1-deeb-64c2190253f1) for alternator_latte_hot_partition.latte_hot_partition: write timeout due to uncertainty. Replica errors: )
...number of dropped error messages per sampling period: 83
  47.001      3833         0      3832           0.354     7.156    36.995   107.348   152.961   300.679   429.130   767.558
2026-05-29 04:03:20.398: [ERROR][Attempt 0/10][Retry in 60 ms] SdkError: Internal server error: exceptions::mutation_write_timeout_exception (Failed to accept proposal(5469f720-5b13-11f1-bc87-dae36545f7fa) for alternator_latte_hot_partition.latte_hot_partition: write timeout due to uncertainty. Replica errors: )
2026-05-29 04:03:20.700: [ERROR][Attempt 0/10][Retry in 101 ms] SdkError: Internal server error: exceptions::mutation_write_timeout_exception (Failed to accept proposal(54980b7e-5b13-11f1-903d-78d79d8810c1) for alternator_latte_hot_partition.latte_hot_partition: write timeout due to uncertainty. Replica errors: )
2026-05-29 04:03:20.706: [ERROR][Attempt 0/10][Retry in 81 ms] SdkError: Internal server error: exceptions::mutation_write_timeout_exception (Failed to accept proposal(5498f908-5b13-11f1-650a-40bfc3d393e0) for alternator_latte_hot_partition.latte_hot_partition: write timeout due to uncertainty. Replica errors: )
2026-05-29 04:03:20.463: [ERROR][Attempt 0/10][Retry in 143 ms] SdkError: Internal server error: exceptions::mutation_write_timeout_exception (Failed to accept proposal(5473c7d2-5b13-11f1-3ee2-5ede6202921b) for alternator_latte_hot_partition.latte_hot_partition: write timeout due to uncertainty. Replica errors: )
2026-05-29 04:03:20.536: [ERROR][Attempt 0/10][Retry in 71 ms] SdkError: Internal server error: exceptions::mutation_write_timeout_exception (Failed to accept proposal(547ef026-5b13-11f1-7d31-890c33242172) for alternator_latte_hot_partition.latte_hot_partition: write timeout due to uncertainty. Replica errors: )
...number of dropped error messages per sampling period: 95
  48.001      3888         0      3889           0.381     6.959    33.030   106.758   152.175   261.489   495.714   617.611
2026-05-29 04:03:21.423: [ERROR][Attempt 0/10][Retry in 66 ms] SdkError: Internal server error: exceptions::mutation_write_timeout_exception (Failed to accept proposal(55069972-5b13-11f1-a979-f4d65b029dec) for alternator_latte_hot_partition.latte_hot_partition: write timeout due to uncertainty. Replica errors: )
2026-05-29 04:03:21.836: [ERROR][Attempt 0/10][Retry in 76 ms] SdkError: Internal server error: exceptions::mutation_write_timeout_exception (Failed to accept proposal(554593ac-5b13-11f1-89ea-aec6534ec3e4) for alternator_latte_hot_partition.latte_hot_partition: write timeout due to uncertainty. Replica errors: )
2026-05-29 04:03:22.097: [ERROR][Attempt 0/10][Retry in 94 ms] SdkError: Internal server error: exceptions::mutation_write_timeout_exception (Failed to accept proposal(556d6030-5b13-11f1-0529-ed02840a21a3) for alternator_latte_hot_partition.latte_hot_partition: write timeout due to uncertainty. Replica errors: )
2026-05-29 04:03:21.956: [ERROR][Attempt 0/10][Retry in 100 ms] SdkError: Internal server error: exceptions::mutation_write_timeout_exception (Failed to accept proposal(55581d1a-5b13-11f1-f1e7-42dc43ddabb4) for alternator_latte_hot_partition.latte_hot_partition: write timeout due to uncertainty. Replica errors: )
2026-05-29 04:03:21.449: [ERROR][Attempt 0/10][Retry in 143 ms] SdkError: Internal server error: exceptions::mutation_write_timeout_exception (Failed to accept proposal(550a7a7e-5b13-11f1-cf62-0346a5f30e83) for alternator_latte_hot_partition.latte_hot_partition: write timeout due to uncertainty. Replica errors: )
...number of dropped error messages per sampling period: 77
  49.001      3719         0      3720           0.337     6.840    32.063   102.629   167.510   314.835   492.569   657.457
2026-05-29 04:03:22.346: [ERROR][Attempt 0/10][Retry in 52 ms] SdkError: Internal server error: exceptions::mutation_write_timeout_exception (Failed to accept proposal(559125ba-5b13-11f1-36e5-4051e4a3b3c6) for alternator_latte_hot_partition.latte_hot_partition: write timeout due to uncertainty. Replica errors: )
2026-05-29 04:03:22.493: [ERROR][Attempt 0/10][Retry in 106 ms] SdkError: Internal server error: exceptions::mutation_write_timeout_exception (Failed to accept proposal(55a985f6-5b13-11f1-f950-0bb28547f24c) for alternator_latte_hot_partition.latte_hot_partition: write timeout due to uncertainty. Replica errors: )
2026-05-29 04:03:22.785: [ERROR][Attempt 0/10][Retry in 135 ms] SdkError: Internal server error: exceptions::mutation_write_timeout_exception (Failed to accept proposal(55d65e6e-5b13-11f1-16c4-8c6eeea11447) for alternator_latte_hot_partition.latte_hot_partition: write timeout due to uncertainty. Replica errors: )
2026-05-29 04:03:22.540: [ERROR][Attempt 0/10][Retry in 72 ms] SdkError: Internal server error: exceptions::mutation_write_timeout_exception (Failed to accept proposal(55b0cba4-5b13-11f1-0b04-2ae7df401185) for alternator_latte_hot_partition.latte_hot_partition: write timeout due to uncertainty. Replica errors: )
2026-05-29 04:03:22.444: [ERROR][Attempt 0/10][Retry in 149 ms] SdkError: Internal server error: exceptions::mutation_write_timeout_exception (Failed to accept proposal(55a21b72-5b13-11f1-4d9f-d4fa9585a4ff) for alternator_latte_hot_partition.latte_hot_partition: write timeout due to uncertainty. Replica errors: )
...number of dropped error messages per sampling period: 97
  50.001      3850         0      3849           0.346     7.119    31.326   102.629   160.694   339.739   567.804   889.192
2026-05-29 04:03:23.929: [ERROR][Attempt 0/10][Retry in 64 ms] SdkError: Internal server error: exceptions::mutation_write_timeout_exception (Failed to accept proposal(5684fd48-5b13-11f1-b3c8-0b0039e5963f) for alternator_latte_hot_partition.latte_hot_partition: write timeout due to uncertainty. Replica errors: )
2026-05-29 04:03:23.333: [ERROR][Attempt 0/10][Retry in 53 ms] SdkError: Internal server error: exceptions::mutation_write_timeout_exception (Failed to accept proposal(562a1f72-5b13-11f1-a25f-eefa67bc0649) for alternator_latte_hot_partition.latte_hot_partition: write timeout due to uncertainty. Replica errors: )
2026-05-29 04:03:23.765: [ERROR][Attempt 0/10][Retry in 88 ms] SdkError: Internal server error: exceptions::mutation_write_timeout_exception (Failed to accept proposal(566bbfd6-5b13-11f1-1646-ebd428a378cd) for alternator_latte_hot_partition.latte_hot_partition: write timeout due to uncertainty. Replica errors: )
2026-05-29 04:03:23.402: [ERROR][Attempt 0/10][Retry in 142 ms] SdkError: Internal server error: exceptions::mutation_write_timeout_exception (Failed to accept proposal(56347396-5b13-11f1-d7ec-9c9a3c1c185d) for alternator_latte_hot_partition.latte_hot_partition: write timeout due to uncertainty. Replica errors: )
2026-05-29 04:03:23.863: [ERROR][Attempt 0/10][Retry in 86 ms] SdkError: Internal server error: exceptions::mutation_write_timeout_exception (Failed to accept proposal(567a9128-5b13-11f1-95f8-7d08605fffbb) for alternator_latte_hot_partition.latte_hot_partition: write timeout due to uncertainty. Replica errors: )
...number of dropped error messages per sampling period: 84
  51.001      3873         0      3874           0.360     7.062    32.522   105.382   152.961   295.961   435.683   585.630
2026-05-29 04:03:24.429: [ERROR][Attempt 0/10][Retry in 122 ms] SdkError: Internal server error: exceptions::mutation_write_timeout_exception (Failed to accept proposal(56d138b6-5b13-11f1-df67-fe19d04149c8) for alternator_latte_hot_partition.latte_hot_partition: write timeout due to uncertainty. Replica errors: )
2026-05-29 04:03:24.757: [ERROR][Attempt 0/10][Retry in 127 ms] SdkError: Internal server error: exceptions::mutation_write_timeout_exception (Failed to accept proposal(57031fc0-5b13-11f1-5888-d06e98732250) for alternator_latte_hot_partition.latte_hot_partition: write timeout due to uncertainty. Replica errors: )
2026-05-29 04:03:24.632: [ERROR][Attempt 0/10][Retry in 76 ms] SdkError: Internal server error: exceptions::mutation_write_timeout_exception (Failed to accept proposal(56f01f38-5b13-11f1-a55b-0731d75036dc) for alternator_latte_hot_partition.latte_hot_partition: write timeout due to uncertainty. Replica errors: )
2026-05-29 04:03:24.332: [ERROR][Attempt 0/10][Retry in 130 ms] SdkError: Internal server error: exceptions::mutation_write_timeout_exception (Failed to accept proposal(56c26ca0-5b13-11f1-2aa4-615c402dbc68) for alternator_latte_hot_partition.latte_hot_partition: write timeout due to uncertainty. Replica errors: )
2026-05-29 04:03:24.324: [ERROR][Attempt 0/10][Retry in 110 ms] SdkError: Internal server error: exceptions::mutation_write_timeout_exception (Failed to accept proposal(56c1149a-5b13-11f1-c35b-82b0034bfc58) for alternator_latte_hot_partition.latte_hot_partition: write timeout due to uncertainty. Replica errors: )
...number of dropped error messages per sampling period: 106
  52.001      3903         0      3903           0.350     7.037    34.210   107.807   153.354   279.446   475.267  1151.336
2026-05-29 04:03:25.824: [ERROR][Attempt 0/10][Retry in 142 ms] SdkError: Internal server error: exceptions::mutation_write_timeout_exception (Failed to accept proposal(57a5c57c-5b13-11f1-5097-905cf37f9e13) for alternator_latte_hot_partition.latte_hot_partition: write timeout due to uncertainty. Replica errors: )
2026-05-29 04:03:25.268: [ERROR][Attempt 0/10][Retry in 61 ms] SdkError: Internal server error: exceptions::mutation_write_timeout_exception (Failed to accept proposal(575162de-5b13-11f1-3732-a831b442531f) for alternator_latte_hot_partition.latte_hot_partition: write timeout due to uncertainty. Replica errors: )
2026-05-29 04:03:25.573: [ERROR][Attempt 0/10][Retry in 145 ms] SdkError: Internal server error: exceptions::mutation_write_timeout_exception (Failed to accept proposal(577fd510-5b13-11f1-fba5-8ef095a7096d) for alternator_latte_hot_partition.latte_hot_partition: write timeout due to uncertainty. Replica errors: )
2026-05-29 04:03:25.775: [ERROR][Attempt 0/10][Retry in 66 ms] SdkError: Internal server error: exceptions::mutation_write_timeout_exception (Failed to accept proposal(579e99b4-5b13-11f1-1500-a7df4a5f0e6c) for alternator_latte_hot_partition.latte_hot_partition: write timeout due to uncertainty. Replica errors: )
2026-05-29 04:03:25.826: [ERROR][Attempt 0/10][Retry in 142 ms] SdkError: Internal server error: exceptions::mutation_write_timeout_exception (Failed to accept proposal(57a469e8-5b13-11f1-3590-a078e5f8eb9a) for alternator_latte_hot_partition.latte_hot_partition: write timeout due to uncertainty. Replica errors: )
...number of dropped error messages per sampling period: 99
  53.001      3958         0      3958           0.350     6.783    33.849   102.040   157.286   259.129   401.080   647.496
2026-05-29 04:03:26.456: [ERROR][Attempt 0/10][Retry in 101 ms] SdkError: Internal server error: exceptions::mutation_write_timeout_exception (Failed to accept proposal(5805c6f2-5b13-11f1-6815-6b4f9e9bc244) for alternator_latte_hot_partition.latte_hot_partition: write timeout due to uncertainty. Replica errors: )
2026-05-29 04:03:26.625: [ERROR][Attempt 0/10][Retry in 82 ms] SdkError: Internal server error: exceptions::mutation_write_timeout_exception (Failed to accept proposal(58200aee-5b13-11f1-f5ea-77cefdb6a8e8) for alternator_latte_hot_partition.latte_hot_partition: write timeout due to uncertainty. Replica errors: )
2026-05-29 04:03:26.594: [ERROR][Attempt 0/10][Retry in 53 ms] SdkError: Internal server error: exceptions::mutation_write_timeout_exception (Failed to accept proposal(581b80be-5b13-11f1-5b14-91be0a9d0c78) for alternator_latte_hot_partition.latte_hot_partition: write timeout due to uncertainty. Replica errors: )
2026-05-29 04:03:26.975: [ERROR][Attempt 0/10][Retry in 116 ms] SdkError: Internal server error: exceptions::mutation_write_timeout_exception (Failed to accept proposal(58558aca-5b13-11f1-8ccd-7fe543d25485) for alternator_latte_hot_partition.latte_hot_partition: write timeout due to uncertainty. Replica errors: )
2026-05-29 04:03:26.680: [ERROR][Attempt 0/10][Retry in 148 ms] SdkError: Internal server error: exceptions::mutation_write_timeout_exception (Failed to accept proposal(58287ec2-5b13-11f1-f131-1c14ebdb4bc2) for alternator_latte_hot_partition.latte_hot_partition: write timeout due to uncertainty. Replica errors: )
...number of dropped error messages per sampling period: 79
  54.001      3654         0      3654           0.376     7.217    36.045   113.312   161.743   285.475   416.547   570.425
2026-05-29 04:03:27.382: [ERROR][Attempt 0/10][Retry in 105 ms] SdkError: Internal server error: exceptions::mutation_write_timeout_exception (Failed to accept proposal(58939fd6-5b13-11f1-f45a-2b7a070ac215) for alternator_latte_hot_partition.latte_hot_partition: write timeout due to uncertainty. Replica errors: )
2026-05-29 04:03:27.439: [ERROR][Attempt 0/10][Retry in 51 ms] SdkError: Internal server error: exceptions::mutation_write_timeout_exception (Failed to accept proposal(589c3254-5b13-11f1-3026-2fae77858394) for alternator_latte_hot_partition.latte_hot_partition: write timeout due to uncertainty. Replica errors: )
2026-05-29 04:03:27.469: [ERROR][Attempt 0/10][Retry in 112 ms] SdkError: Internal server error: exceptions::mutation_write_timeout_exception (Failed to accept proposal(58a14e74-5b13-11f1-59bd-ea47ae4650b0) for alternator_latte_hot_partition.latte_hot_partition: write timeout due to uncertainty. Replica errors: )
2026-05-29 04:03:27.818: [ERROR][Attempt 0/10][Retry in 114 ms] SdkError: Internal server error: exceptions::mutation_write_timeout_exception (Failed to accept proposal(58d68c2e-5b13-11f1-f823-820037fe112c) for alternator_latte_hot_partition.latte_hot_partition: write timeout due to uncertainty. Replica errors: )
2026-05-29 04:03:27.930: [ERROR][Attempt 0/10][Retry in 66 ms] SdkError: Internal server error: exceptions::mutation_write_timeout_exception (Failed to accept proposal(58e79424-5b13-11f1-7f6f-b7a351e019bb) for alternator_latte_hot_partition.latte_hot_partition: write timeout due to uncertainty. Replica errors: )
...number of dropped error messages per sampling period: 86
  55.002      3726         0      3726           0.363     6.054    25.084   108.200   165.282   331.350   605.028   718.799
2026-05-29 04:03:28.590: [ERROR][Attempt 0/10][Retry in 58 ms] SdkError: Internal server error: exceptions::mutation_write_timeout_exception (Failed to accept proposal(594b5f36-5b13-11f1-2886-7360e7f05f8b) for alternator_latte_hot_partition.latte_hot_partition: write timeout due to uncertainty. Replica errors: )
2026-05-29 04:03:29.142: [ERROR][Attempt 0/10][Retry in 138 ms] SdkError: Internal server error: exceptions::mutation_write_timeout_exception (Failed to accept proposal(599fedf8-5b13-11f1-4532-ad8334e1c8e0) for alternator_latte_hot_partition.latte_hot_partition: write timeout due to uncertainty. Replica errors: )
2026-05-29 04:03:28.504: [ERROR][Attempt 0/10][Retry in 104 ms] SdkError: Internal server error: exceptions::mutation_write_timeout_exception (Failed to accept proposal(593ecc9e-5b13-11f1-6e9b-a8bfb50b507d) for alternator_latte_hot_partition.latte_hot_partition: write timeout due to uncertainty. Replica errors: )
2026-05-29 04:03:29.060: [ERROR][Attempt 0/10][Retry in 74 ms] SdkError: Internal server error: exceptions::mutation_write_timeout_exception (Failed to accept proposal(59935afc-5b13-11f1-1e71-090cb2322c8c) for alternator_latte_hot_partition.latte_hot_partition: write timeout due to uncertainty. Replica errors: )
2026-05-29 04:03:28.639: [ERROR][Attempt 0/10][Retry in 104 ms] SdkError: Internal server error: exceptions::mutation_write_timeout_exception (Failed to accept proposal(5951edc4-5b13-11f1-0b69-69746419648e) for alternator_latte_hot_partition.latte_hot_partition: write timeout due to uncertainty. Replica errors: )
...number of dropped error messages per sampling period: 98
  56.001      3704         0      3704           0.366     7.467    33.047   110.100   171.704   363.069   578.290   773.325
2026-05-29 04:03:29.603: [ERROR][Attempt 0/10][Retry in 59 ms] SdkError: Internal server error: exceptions::mutation_write_timeout_exception (Failed to accept proposal(59e6f978-5b13-11f1-19dd-8c364d8021ac) for alternator_latte_hot_partition.latte_hot_partition: write timeout due to uncertainty. Replica errors: )
2026-05-29 04:03:29.622: [ERROR][Attempt 0/10][Retry in 131 ms] SdkError: Internal server error: exceptions::mutation_write_timeout_exception (Failed to accept proposal(59e94c6e-5b13-11f1-e066-6cf9db532894) for alternator_latte_hot_partition.latte_hot_partition: write timeout due to uncertainty. Replica errors: )
2026-05-29 04:03:29.305: [ERROR][Attempt 0/10][Retry in 136 ms] SdkError: Internal server error: exceptions::mutation_write_timeout_exception (Failed to accept proposal(59b93f60-5b13-11f1-891f-e98a1d0f3a85) for alternator_latte_hot_partition.latte_hot_partition: write timeout due to uncertainty. Replica errors: )
2026-05-29 04:03:30.033: [ERROR][Attempt 0/10][Retry in 51 ms] SdkError: Internal server error: exceptions::mutation_write_timeout_exception (Failed to accept proposal(5a287e16-5b13-11f1-4287-74601a17985e) for alternator_latte_hot_partition.latte_hot_partition: write timeout due to uncertainty. Replica errors: )
2026-05-29 04:03:29.287: [ERROR][Attempt 0/10][Retry in 66 ms] SdkError: Internal server error: exceptions::mutation_write_timeout_exception (Failed to accept proposal(59b66718-5b13-11f1-509f-d58b5e5df74f) for alternator_latte_hot_partition.latte_hot_partition: write timeout due to uncertainty. Replica errors: )
...number of dropped error messages per sampling period: 95
  57.001      3811         0      3811           0.372     6.652    29.540   103.809   155.320   304.873   492.569  1260.388
2026-05-29 04:03:31.060: [ERROR][Attempt 0/10][Retry in 88 ms] SdkError: Internal server error: exceptions::mutation_write_timeout_exception (Failed to accept proposal(5ac3ed74-5b13-11f1-6eff-28b86219f924) for alternator_latte_hot_partition.latte_hot_partition: write timeout due to uncertainty. Replica errors: )
2026-05-29 04:03:30.663: [ERROR][Attempt 0/10][Retry in 66 ms] SdkError: Internal server error: exceptions::mutation_write_timeout_exception (Failed to accept proposal(5a86739a-5b13-11f1-d0ea-1d98c6449616) for alternator_latte_hot_partition.latte_hot_partition: write timeout due to uncertainty. Replica errors: )
2026-05-29 04:03:30.691: [ERROR][Attempt 0/10][Retry in 106 ms] SdkError: Internal server error: exceptions::mutation_write_timeout_exception (Failed to accept proposal(5a8cc4ca-5b13-11f1-3c8e-7b6cf3ee1e2a) for alternator_latte_hot_partition.latte_hot_partition: write timeout due to uncertainty. Replica errors: )
2026-05-29 04:03:30.839: [ERROR][Attempt 0/10][Retry in 94 ms] SdkError: Internal server error: exceptions::mutation_write_timeout_exception (Failed to accept proposal(5aa38174-5b13-11f1-af92-48180a1e131a) for alternator_latte_hot_partition.latte_hot_partition: write timeout due to uncertainty. Replica errors: )
2026-05-29 04:03:31.155: [ERROR][Attempt 0/10][Retry in 130 ms] SdkError: Internal server error: exceptions::mutation_write_timeout_exception (Failed to accept proposal(5ad36556-5b13-11f1-22b7-f5233de45c55) for alternator_latte_hot_partition.latte_hot_partition: write timeout due to uncertainty. Replica errors: )
...number of dropped error messages per sampling period: 90
  58.001      3836         0      3836           0.376     6.693    35.521   108.134   165.675   273.154   437.518   499.646
2026-05-29 04:03:31.721: [ERROR][Attempt 0/10][Retry in 63 ms] SdkError: Internal server error: exceptions::mutation_write_timeout_exception (Failed to accept proposal(5b29deb8-5b13-11f1-0d12-e4966d366f31) for alternator_latte_hot_partition.latte_hot_partition: write timeout due to uncertainty. Replica errors: )
2026-05-29 04:03:31.830: [ERROR][Attempt 0/10][Retry in 147 ms] SdkError: Internal server error: exceptions::mutation_write_timeout_exception (Failed to accept proposal(5b3aa306-5b13-11f1-5a9a-927e6a145404) for alternator_latte_hot_partition.latte_hot_partition: write timeout due to uncertainty. Replica errors: )
2026-05-29 04:03:31.506: [ERROR][Attempt 0/10][Retry in 101 ms] SdkError: Internal server error: exceptions::mutation_write_timeout_exception (Failed to accept proposal(5b07858e-5b13-11f1-b7bf-4abac7b63a47) for alternator_latte_hot_partition.latte_hot_partition: write timeout due to uncertainty. Replica errors: )
2026-05-29 04:03:32.023: [ERROR][Attempt 0/10][Retry in 77 ms] SdkError: Internal server error: exceptions::mutation_write_timeout_exception (Failed to accept proposal(5b580838-5b13-11f1-c35a-b3f394093c0a) for alternator_latte_hot_partition.latte_hot_partition: write timeout due to uncertainty. Replica errors: )
2026-05-29 04:03:31.742: [ERROR][Attempt 0/10][Retry in 63 ms] SdkError: Internal server error: exceptions::mutation_write_timeout_exception (Failed to accept proposal(5b2c9f22-5b13-11f1-0b6c-74a418a526dc) for alternator_latte_hot_partition.latte_hot_partition: write timeout due to uncertainty. Replica errors: )
...number of dropped error messages per sampling period: 80
  59.001      3635         0      3635           0.353     7.184    29.393   106.103   179.831   354.157   499.646   825.754
2026-05-29 04:03:33.003: [ERROR][Attempt 0/10][Retry in 110 ms] SdkError: Internal server error: exceptions::mutation_write_timeout_exception (Failed to accept proposal(5bed5e06-5b13-11f1-ee2d-457d4a6fde90) for alternator_latte_hot_partition.latte_hot_partition: write timeout due to uncertainty. Replica errors: )
2026-05-29 04:03:32.690: [ERROR][Attempt 0/10][Retry in 103 ms] SdkError: Internal server error: exceptions::mutation_write_timeout_exception (Failed to accept proposal(5bbde90a-5b13-11f1-bbe7-8a7a6fe39347) for alternator_latte_hot_partition.latte_hot_partition: write timeout due to uncertainty. Replica errors: )
2026-05-29 04:03:32.563: [ERROR][Attempt 0/10][Retry in 64 ms] SdkError: Internal server error: exceptions::mutation_write_timeout_exception (Failed to accept proposal(5baa5aca-5b13-11f1-3a94-5427f8a1e8ec) for alternator_latte_hot_partition.latte_hot_partition: write timeout due to uncertainty. Replica errors: )
2026-05-29 04:03:32.340: [ERROR][Attempt 0/10][Retry in 112 ms] SdkError: Internal server error: exceptions::mutation_write_timeout_exception (Failed to accept proposal(5b87ffac-5b13-11f1-2a45-030613f6b31c) for alternator_latte_hot_partition.latte_hot_partition: write timeout due to uncertainty. Replica errors: )
2026-05-29 04:03:33.252: [ERROR][Attempt 0/10][Retry in 139 ms] SdkError: Internal server error: exceptions::mutation_write_timeout_exception (Failed to accept proposal(5c13a57a-5b13-11f1-27fc-3e9a467f92d9) for alternator_latte_hot_partition.latte_hot_partition: write timeout due to uncertainty. Replica errors: )
...number of dropped error messages per sampling period: 88
  60.001      4061         0      4061           0.360     5.964    26.640   100.663   155.320   317.981   491.782   847.249
2026-05-29 04:03:33.562: [ERROR][Attempt 0/10][Retry in 105 ms] SdkError: Internal server error: exceptions::mutation_write_timeout_exception (Failed to accept proposal(5c42b266-5b13-11f1-db97-590b335f2747) for alternator_latte_hot_partition.latte_hot_partition: write timeout due to uncertainty. Replica errors: )
2026-05-29 04:03:34.117: [ERROR][Attempt 0/10][Retry in 94 ms] SdkError: Internal server error: exceptions::mutation_write_timeout_exception (Failed to accept proposal(5c978476-5b13-11f1-418a-0256ef9ef825) for alternator_latte_hot_partition.latte_hot_partition: write timeout due to uncertainty. Replica errors: )
2026-05-29 04:03:33.549: [ERROR][Attempt 0/10][Retry in 56 ms] SdkError: Internal server error: exceptions::mutation_write_timeout_exception (Failed to accept proposal(5c407618-5b13-11f1-fdfb-991f93f36f9d) for alternator_latte_hot_partition.latte_hot_partition: write timeout due to uncertainty. Replica errors: )
2026-05-29 04:03:33.399: [ERROR][Attempt 0/10][Retry in 87 ms] SdkError: Internal server error: exceptions::mutation_write_timeout_exception (Failed to accept proposal(5c29783c-5b13-11f1-f12b-9af00f828f98) for alternator_latte_hot_partition.latte_hot_partition: write timeout due to uncertainty. Replica errors: )
2026-05-29 04:03:34.099: [ERROR][Attempt 0/10][Retry in 125 ms] SdkError: Internal server error: exceptions::mutation_write_timeout_exception (Failed to accept proposal(5c94d262-5b13-11f1-4f11-c196c42e6788) for alternator_latte_hot_partition.latte_hot_partition: write timeout due to uncertainty. Replica errors: )
...number of dropped error messages per sampling period: 72
  61.001      3690         0      3690           0.368     7.930    39.879   104.268   153.092   281.805   433.848   956.301
2026-05-29 04:03:34.732: [ERROR][Attempt 0/10][Retry in 107 ms] SdkError: Internal server error: exceptions::mutation_write_timeout_exception (Failed to accept proposal(5cf58134-5b13-11f1-bbe4-4912e14e108b) for alternator_latte_hot_partition.latte_hot_partition: write timeout due to uncertainty. Replica errors: )
2026-05-29 04:03:34.649: [ERROR][Attempt 0/10][Retry in 57 ms] SdkError: Internal server error: exceptions::mutation_write_timeout_exception (Failed to accept proposal(5ce8ce30-5b13-11f1-c991-45b7ce7ecb2e) for alternator_latte_hot_partition.latte_hot_partition: write timeout due to uncertainty. Replica errors: )
2026-05-29 04:03:34.711: [ERROR][Attempt 0/10][Retry in 90 ms] SdkError: Internal server error: exceptions::mutation_write_timeout_exception (Failed to accept proposal(5cf22714-5b13-11f1-656f-26d9ce20439d) for alternator_latte_hot_partition.latte_hot_partition: write timeout due to uncertainty. Replica errors: )
2026-05-29 04:03:34.577: [ERROR][Attempt 0/10][Retry in 118 ms] SdkError: Internal server error: exceptions::mutation_write_timeout_exception (Failed to accept proposal(5cdda4a6-5b13-11f1-ffff-e3890ba711a8) for alternator_latte_hot_partition.latte_hot_partition: write timeout due to uncertainty. Replica errors: )
2026-05-29 04:03:34.557: [ERROR][Attempt 0/10][Retry in 141 ms] SdkError: Internal server error: exceptions::mutation_write_timeout_exception (Failed to accept proposal(5cdac56a-5b13-11f1-73e8-cb133093e34b) for alternator_latte_hot_partition.latte_hot_partition: write timeout due to uncertainty. Replica errors: )
...number of dropped error messages per sampling period: 98
  62.001      4313         0      4313           0.340     5.874    23.970    94.175   141.033   320.078   592.970   630.194
2026-05-29 04:03:36.148: [ERROR][Attempt 0/10][Retry in 73 ms] SdkError: Internal server error: exceptions::mutation_write_timeout_exception (Failed to accept proposal(5dcd7d64-5b13-11f1-3eb7-803dd5813572) for alternator_latte_hot_partition.latte_hot_partition: write timeout due to uncertainty. Replica errors: )
2026-05-29 04:03:35.776: [ERROR][Attempt 0/10][Retry in 99 ms] SdkError: Internal server error: exceptions::mutation_write_timeout_exception (Failed to accept proposal(5d93da1e-5b13-11f1-3c26-5d139d8e700d) for alternator_latte_hot_partition.latte_hot_partition: write timeout due to uncertainty. Replica errors: )
2026-05-29 04:03:35.576: [ERROR][Attempt 0/10][Retry in 110 ms] SdkError: Internal server error: exceptions::mutation_write_timeout_exception (Failed to accept proposal(5d75fd96-5b13-11f1-20cc-0e40e85a163a) for alternator_latte_hot_partition.latte_hot_partition: write timeout due to uncertainty. Replica errors: )
2026-05-29 04:03:35.415: [ERROR][Attempt 0/10][Retry in 89 ms] SdkError: Internal server error: exceptions::mutation_write_timeout_exception (Failed to accept proposal(5d5d681c-5b13-11f1-5045-99c86c475b69) for alternator_latte_hot_partition.latte_hot_partition: write timeout due to uncertainty. Replica errors: )
2026-05-29 04:03:35.385: [ERROR][Attempt 0/10][Retry in 70 ms] SdkError: Internal server error: exceptions::mutation_write_timeout_exception (Failed to accept proposal(5d58ed50-5b13-11f1-467f-db72e57f3205) for alternator_latte_hot_partition.latte_hot_partition: write timeout due to uncertainty. Replica errors: )
...number of dropped error messages per sampling period: 86
  63.001      3703         0      3703           0.372     7.352    38.175   107.282   157.155   282.067   430.703   807.404
2026-05-29 04:03:36.723: [ERROR][Attempt 0/10][Retry in 85 ms] SdkError: Internal server error: exceptions::mutation_write_timeout_exception (Failed to accept proposal(5e246a52-5b13-11f1-9b52-3d1c657c4804) for alternator_latte_hot_partition.latte_hot_partition: write timeout due to uncertainty. Replica errors: )
2026-05-29 04:03:36.430: [ERROR][Attempt 0/10][Retry in 76 ms] SdkError: Internal server error: exceptions::mutation_write_timeout_exception (Failed to accept proposal(5df825aa-5b13-11f1-5d8b-cdb2ab0598a9) for alternator_latte_hot_partition.latte_hot_partition: write timeout due to uncertainty. Replica errors: )
2026-05-29 04:03:36.418: [ERROR][Attempt 1/10][Retry in 211 ms] SdkError: Internal server error: exceptions::mutation_write_timeout_exception (Failed to accept proposal(5df625a2-5b13-11f1-8595-b880247cb1f0) for alternator_latte_hot_partition.latte_hot_partition: write timeout due to uncertainty. Replica errors: )
2026-05-29 04:03:36.265: [ERROR][Attempt 0/10][Retry in 140 ms] SdkError: Internal server error: exceptions::mutation_write_timeout_exception (Failed to accept proposal(5ddf4788-5b13-11f1-a98e-ac189c53c056) for alternator_latte_hot_partition.latte_hot_partition: write timeout due to uncertainty. Replica errors: )
2026-05-29 04:03:37.115: [ERROR][Attempt 0/10][Retry in 73 ms] SdkError: Internal server error: exceptions::mutation_write_timeout_exception (Failed to accept proposal(5e60aae4-5b13-11f1-1a62-7887ae9bbf3b) for alternator_latte_hot_partition.latte_hot_partition: write timeout due to uncertainty. Replica errors: )
...number of dropped error messages per sampling period: 93
  64.001      3781         0      3781           0.408     7.295    37.880   107.086   154.141   289.669   445.645   641.729
2026-05-29 04:03:38.015: [ERROR][Attempt 0/10][Retry in 149 ms] SdkError: Internal server error: exceptions::mutation_write_timeout_exception (Failed to accept proposal(5eea4b0a-5b13-11f1-fcc9-94833a021e3f) for alternator_latte_hot_partition.latte_hot_partition: write timeout due to uncertainty. Replica errors: )
2026-05-29 04:03:37.569: [ERROR][Attempt 0/10][Retry in 141 ms] SdkError: Internal server error: exceptions::mutation_write_timeout_exception (Failed to accept proposal(5ea5e3a2-5b13-11f1-aef2-f991a2c04905) for alternator_latte_hot_partition.latte_hot_partition: write timeout due to uncertainty. Replica errors: )
2026-05-29 04:03:37.538: [ERROR][Attempt 0/10][Retry in 128 ms] SdkError: Internal server error: exceptions::mutation_write_timeout_exception (Failed to accept proposal(5ea1805a-5b13-11f1-be61-fb5250427a25) for alternator_latte_hot_partition.latte_hot_partition: write timeout due to uncertainty. Replica errors: )
2026-05-29 04:03:37.439: [ERROR][Attempt 0/10][Retry in 81 ms] SdkError: Internal server error: exceptions::mutation_write_timeout_exception (Failed to accept proposal(5e926f66-5b13-11f1-aea7-06965524c8fa) for alternator_latte_hot_partition.latte_hot_partition: write timeout due to uncertainty. Replica errors: )
2026-05-29 04:03:37.307: [ERROR][Attempt 1/10][Retry in 194 ms] SdkError: Internal server error: exceptions::mutation_write_timeout_exception (Failed to accept proposal(5e7e4c7a-5b13-11f1-b122-4f61fcf30c72) for alternator_latte_hot_partition.latte_hot_partition: write timeout due to uncertainty. Replica errors: )
...number of dropped error messages per sampling period: 84
  65.001      3968         0      3968           0.365     6.201    26.968   100.663   155.582   319.816   519.307   853.541
2026-05-29 04:03:38.609: [ERROR][Attempt 0/10][Retry in 119 ms] SdkError: Internal server error: exceptions::mutation_write_timeout_exception (Failed to accept proposal(5f44c86e-5b13-11f1-2a9d-083820df8988) for alternator_latte_hot_partition.latte_hot_partition: write timeout due to uncertainty. Replica errors: )
2026-05-29 04:03:39.054: [ERROR][Attempt 0/10][Retry in 119 ms] SdkError: Internal server error: exceptions::mutation_write_timeout_exception (Failed to accept proposal(5f88f980-5b13-11f1-96b6-2a34e038e3bb) for alternator_latte_hot_partition.latte_hot_partition: write timeout due to uncertainty. Replica errors: )
2026-05-29 04:03:38.439: [ERROR][Attempt 0/10][Retry in 122 ms] SdkError: Internal server error: exceptions::mutation_write_timeout_exception (Failed to accept proposal(5f2b10c2-5b13-11f1-b109-82aa33f6c1a0) for alternator_latte_hot_partition.latte_hot_partition: write timeout due to uncertainty. Replica errors: )
2026-05-29 04:03:38.505: [ERROR][Attempt 0/10][Retry in 62 ms] SdkError: Internal server error: exceptions::mutation_write_timeout_exception (Failed to accept proposal(5f34e52a-5b13-11f1-0576-a87ac23bd81c) for alternator_latte_hot_partition.latte_hot_partition: write timeout due to uncertainty. Replica errors: )
2026-05-29 04:03:38.307: [ERROR][Attempt 0/10][Retry in 122 ms] SdkError: Internal server error: exceptions::mutation_write_timeout_exception (Failed to accept proposal(5f168666-5b13-11f1-ed8a-c8a83bc2641a) for alternator_latte_hot_partition.latte_hot_partition: write timeout due to uncertainty. Replica errors: )
...number of dropped error messages per sampling period: 79
  66.001      3661         0      3661           0.364     7.123    29.082   103.809   164.495   358.613   720.372   849.871
2026-05-29 04:03:39.840: [ERROR][Attempt 0/10][Retry in 131 ms] SdkError: Internal server error: exceptions::mutation_write_timeout_exception (Failed to accept proposal(6000f228-5b13-11f1-412d-5c64c97b8da4) for alternator_latte_hot_partition.latte_hot_partition: write timeout due to uncertainty. Replica errors: )
2026-05-29 04:03:39.943: [ERROR][Attempt 0/10][Retry in 102 ms] SdkError: Internal server error: exceptions::mutation_write_timeout_exception (Failed to accept proposal(6010a862-5b13-11f1-c7f7-7599210e1f47) for alternator_latte_hot_partition.latte_hot_partition: write timeout due to uncertainty. Replica errors: )
2026-05-29 04:03:40.098: [ERROR][Attempt 0/10][Retry in 64 ms] SdkError: Internal server error: exceptions::mutation_write_timeout_exception (Failed to accept proposal(6027e194-5b13-11f1-896c-37288b082190) for alternator_latte_hot_partition.latte_hot_partition: write timeout due to uncertainty. Replica errors: )
2026-05-29 04:03:39.299: [ERROR][Attempt 0/10][Retry in 60 ms] SdkError: Internal server error: exceptions::mutation_write_timeout_exception (Failed to accept proposal(5facfa24-5b13-11f1-a349-53994de84439) for alternator_latte_hot_partition.latte_hot_partition: write timeout due to uncertainty. Replica errors: )
2026-05-29 04:03:39.572: [ERROR][Attempt 0/10][Retry in 72 ms] SdkError: Internal server error: exceptions::mutation_write_timeout_exception (Failed to accept proposal(5fd7b5c0-5b13-11f1-fbc9-c5a5c12dbc8a) for alternator_latte_hot_partition.latte_hot_partition: write timeout due to uncertainty. Replica errors: )
...number of dropped error messages per sampling period: 96
  67.001      4112         0      4112           0.344     5.874    30.474    98.828   143.524   263.193   566.231   717.750
2026-05-29 04:03:40.625: [ERROR][Attempt 0/10][Retry in 59 ms] SdkError: Internal server error: exceptions::mutation_write_timeout_exception (Failed to accept proposal(607873e8-5b13-11f1-0b37-2fd45eabc3e1) for alternator_latte_hot_partition.latte_hot_partition: write timeout due to uncertainty. Replica errors: )
2026-05-29 04:03:40.615: [ERROR][Attempt 0/10][Retry in 60 ms] SdkError: Internal server error: exceptions::mutation_write_timeout_exception (Failed to accept proposal(60770026-5b13-11f1-a9f5-e1ad04771d30) for alternator_latte_hot_partition.latte_hot_partition: write timeout due to uncertainty. Replica errors: )
2026-05-29 04:03:40.401: [ERROR][Attempt 1/10][Retry in 184 ms] SdkError: Internal server error: exceptions::mutation_write_timeout_exception (Failed to accept proposal(605651c8-5b13-11f1-5c13-db8014499311) for alternator_latte_hot_partition.latte_hot_partition: write timeout due to uncertainty. Replica errors: )
2026-05-29 04:03:40.953: [ERROR][Attempt 0/10][Retry in 103 ms] SdkError: Internal server error: exceptions::mutation_write_timeout_exception (Failed to accept proposal(60aa672c-5b13-11f1-a17b-16744a177300) for alternator_latte_hot_partition.latte_hot_partition: write timeout due to uncertainty. Replica errors: )
2026-05-29 04:03:40.448: [ERROR][Attempt 0/10][Retry in 67 ms] SdkError: Internal server error: exceptions::mutation_write_timeout_exception (Failed to accept proposal(605cd6ec-5b13-11f1-0a4e-9cad80edc411) for alternator_latte_hot_partition.latte_hot_partition: write timeout due to uncertainty. Replica errors: )
...number of dropped error messages per sampling period: 72
  68.002      3721         0      3721           0.356     6.939    27.574   106.430   162.267   357.302   519.307   742.392
2026-05-29 04:03:41.337: [ERROR][Attempt 0/10][Retry in 125 ms] SdkError: Internal server error: exceptions::mutation_write_timeout_exception (Failed to accept proposal(60e4b76a-5b13-11f1-c591-2fadd54696cf) for alternator_latte_hot_partition.latte_hot_partition: write timeout due to uncertainty. Replica errors: )
2026-05-29 04:03:41.303: [ERROR][Attempt 0/10][Retry in 56 ms] SdkError: Internal server error: exceptions::mutation_write_timeout_exception (Failed to accept proposal(60df8e84-5b13-11f1-cebe-b59db74c68f0) for alternator_latte_hot_partition.latte_hot_partition: write timeout due to uncertainty. Replica errors: )
2026-05-29 04:03:41.647: [ERROR][Attempt 0/10][Retry in 65 ms] SdkError: Internal server error: exceptions::mutation_write_timeout_exception (Failed to accept proposal(61147496-5b13-11f1-a69d-71ac1b914794) for alternator_latte_hot_partition.latte_hot_partition: write timeout due to uncertainty. Replica errors: )
2026-05-29 04:03:41.470: [ERROR][Attempt 0/10][Retry in 103 ms] SdkError: Internal server error: exceptions::mutation_write_timeout_exception (Failed to accept proposal(60f9314a-5b13-11f1-ccaf-be8f9253f1e3) for alternator_latte_hot_partition.latte_hot_partition: write timeout due to uncertainty. Replica errors: )
2026-05-29 04:03:41.815: [ERROR][Attempt 0/10][Retry in 52 ms] SdkError: Internal server error: exceptions::mutation_write_timeout_exception (Failed to accept proposal(612da2f4-5b13-11f1-a40b-426f559c5e63) for alternator_latte_hot_partition.latte_hot_partition: write timeout due to uncertainty. Replica errors: )
...number of dropped error messages per sampling period: 75
  69.001      3752         0      3752           0.366     6.648    33.686   110.690   160.694   311.951   550.502   779.616
2026-05-29 04:03:42.261: [ERROR][Attempt 0/10][Retry in 57 ms] SdkError: Internal server error: exceptions::mutation_write_timeout_exception (Failed to accept proposal(6172061a-5b13-11f1-50d3-76416c267781) for alternator_latte_hot_partition.latte_hot_partition: write timeout due to uncertainty. Replica errors: )
2026-05-29 04:03:42.775: [ERROR][Attempt 0/10][Retry in 145 ms] SdkError: Internal server error: exceptions::mutation_write_timeout_exception (Failed to accept proposal(61c0a7ca-5b13-11f1-5919-8d71241fbe5f) for alternator_latte_hot_partition.latte_hot_partition: write timeout due to uncertainty. Replica errors: )
2026-05-29 04:03:42.333: [ERROR][Attempt 0/10][Retry in 117 ms] SdkError: Internal server error: exceptions::mutation_write_timeout_exception (Failed to accept proposal(617d54e8-5b13-11f1-427a-954f98f5527c) for alternator_latte_hot_partition.latte_hot_partition: write timeout due to uncertainty. Replica errors: )
2026-05-29 04:03:43.035: [ERROR][Attempt 0/10][Retry in 149 ms] SdkError: Internal server error: exceptions::mutation_write_timeout_exception (Failed to accept proposal(61e8566c-5b13-11f1-5793-47617221e1cb) for alternator_latte_hot_partition.latte_hot_partition: write timeout due to uncertainty. Replica errors: )
2026-05-29 04:03:42.495: [ERROR][Attempt 0/10][Retry in 65 ms] SdkError: Internal server error: exceptions::mutation_write_timeout_exception (Failed to accept proposal(6195d586-5b13-11f1-e515-9ad2a4a8c60b) for alternator_latte_hot_partition.latte_hot_partition: write timeout due to uncertainty. Replica errors: )
...number of dropped error messages per sampling period: 93
  70.001      4030         0      4031           0.376     6.353    29.409   104.989   150.602   272.105   455.606   687.866
2026-05-29 04:03:43.633: [ERROR][Attempt 0/10][Retry in 145 ms] SdkError: Internal server error: exceptions::mutation_write_timeout_exception (Failed to accept proposal(6242a798-5b13-11f1-6318-b3c3d434c3b2) for alternator_latte_hot_partition.latte_hot_partition: write timeout due to uncertainty. Replica errors: )
2026-05-29 04:03:43.527: [ERROR][Attempt 0/10][Retry in 109 ms] SdkError: Internal server error: exceptions::mutation_write_timeout_exception (Failed to accept proposal(62335eb4-5b13-11f1-0bd9-8e8b160c513e) for alternator_latte_hot_partition.latte_hot_partition: write timeout due to uncertainty. Replica errors: )
2026-05-29 04:03:44.050: [ERROR][Attempt 0/10][Retry in 67 ms] SdkError: Internal server error: exceptions::mutation_write_timeout_exception (Failed to accept proposal(6282c5da-5b13-11f1-1884-13c0c7dd89b9) for alternator_latte_hot_partition.latte_hot_partition: write timeout due to uncertainty. Replica errors: )
2026-05-29 04:03:43.796: [ERROR][Attempt 0/10][Retry in 76 ms] SdkError: Internal server error: exceptions::mutation_write_timeout_exception (Failed to accept proposal(625c7056-5b13-11f1-5ce6-0e69f2768e1a) for alternator_latte_hot_partition.latte_hot_partition: write timeout due to uncertainty. Replica errors: )
2026-05-29 04:03:43.619: [ERROR][Attempt 0/10][Retry in 77 ms] SdkError: Internal server error: exceptions::mutation_write_timeout_exception (Failed to accept proposal(6240ad26-5b13-11f1-a3b9-910ac6728d27) for alternator_latte_hot_partition.latte_hot_partition: write timeout due to uncertainty. Replica errors: )
...number of dropped error messages per sampling period: 87
  71.001      3837         0      3836           0.370     7.741    39.354   108.397   155.320   266.994   376.963   459.538
2026-05-29 04:03:44.346: [ERROR][Attempt 0/10][Retry in 116 ms] SdkError: Internal server error: exceptions::mutation_write_timeout_exception (Failed to accept proposal(62b03204-5b13-11f1-a0cf-24ba8a1306d0) for alternator_latte_hot_partition.latte_hot_partition: write timeout due to uncertainty. Replica errors: )
2026-05-29 04:03:44.374: [ERROR][Attempt 0/10][Retry in 72 ms] SdkError: Internal server error: exceptions::mutation_write_timeout_exception (Failed to accept proposal(62b48818-5b13-11f1-ed3b-485059bedcae) for alternator_latte_hot_partition.latte_hot_partition: write timeout due to uncertainty. Replica errors: )
2026-05-29 04:03:44.611: [ERROR][Attempt 0/10][Retry in 95 ms] SdkError: Internal server error: exceptions::mutation_write_timeout_exception (Failed to accept proposal(62d8c2be-5b13-11f1-93cc-f1bcb9eb1525) for alternator_latte_hot_partition.latte_hot_partition: write timeout due to uncertainty. Replica errors: )
2026-05-29 04:03:44.562: [ERROR][Attempt 0/10][Retry in 127 ms] SdkError: Internal server error: exceptions::mutation_write_timeout_exception (Failed to accept proposal(62d149e4-5b13-11f1-192c-54529ba37a23) for alternator_latte_hot_partition.latte_hot_partition: write timeout due to uncertainty. Replica errors: )
2026-05-29 04:03:44.614: [ERROR][Attempt 0/10][Retry in 72 ms] SdkError: Internal server error: exceptions::mutation_write_timeout_exception (Failed to accept proposal(62d9100c-5b13-11f1-cf71-be07917f1290) for alternator_latte_hot_partition.latte_hot_partition: write timeout due to uncertainty. Replica errors: )
...number of dropped error messages per sampling period: 98
  72.001      4085         0      4085           0.347     5.964    25.706   105.316   151.126   267.256   401.080   632.291
2026-05-29 04:03:45.486: [ERROR][Attempt 0/10][Retry in 103 ms] SdkError: Internal server error: exceptions::mutation_write_timeout_exception (Failed to accept proposal(635e1ca2-5b13-11f1-0099-2004216c1354) for alternator_latte_hot_partition.latte_hot_partition: write timeout due to uncertainty. Replica errors: )
2026-05-29 04:03:46.003: [ERROR][Attempt 0/10][Retry in 136 ms] SdkError: Internal server error: exceptions::mutation_write_timeout_exception (Failed to accept proposal(63ad0268-5b13-11f1-d8e0-6d4ce7a07434) for alternator_latte_hot_partition.latte_hot_partition: write timeout due to uncertainty. Replica errors: )
2026-05-29 04:03:45.687: [ERROR][Attempt 0/10][Retry in 119 ms] SdkError: Internal server error: exceptions::mutation_write_timeout_exception (Failed to accept proposal(637c88a4-5b13-11f1-ecec-ec0b54869d1e) for alternator_latte_hot_partition.latte_hot_partition: write timeout due to uncertainty. Replica errors: )
2026-05-29 04:03:45.375: [ERROR][Attempt 0/10][Retry in 100 ms] SdkError: Internal server error: exceptions::mutation_write_timeout_exception (Failed to accept proposal(634d16d2-5b13-11f1-b56a-d27214194e26) for alternator_latte_hot_partition.latte_hot_partition: write timeout due to uncertainty. Replica errors: )
2026-05-29 04:03:45.471: [ERROR][Attempt 0/10][Retry in 60 ms] SdkError: Internal server error: exceptions::mutation_write_timeout_exception (Failed to accept proposal(635a7b06-5b13-11f1-038f-fc38c2036716) for alternator_latte_hot_partition.latte_hot_partition: write timeout due to uncertainty. Replica errors: )
...number of dropped error messages per sampling period: 93
  73.001      3570         0      3570           0.350     7.262    35.553   111.542   170.525   317.194   534.512   655.884
2026-05-29 04:03:46.990: [ERROR][Attempt 0/10][Retry in 120 ms] SdkError: Internal server error: exceptions::mutation_write_timeout_exception (Failed to accept proposal(6443edea-5b13-11f1-faaf-49d506547ecb) for alternator_latte_hot_partition.latte_hot_partition: write timeout due to uncertainty. Replica errors: )
2026-05-29 04:03:46.816: [ERROR][Attempt 0/10][Retry in 52 ms] SdkError: Internal server error: exceptions::mutation_write_timeout_exception (Failed to accept proposal(64290f34-5b13-11f1-8e92-0da5ff232d73) for alternator_latte_hot_partition.latte_hot_partition: write timeout due to uncertainty. Replica errors: )
2026-05-29 04:03:46.601: [ERROR][Attempt 0/10][Retry in 113 ms] SdkError: Internal server error: exceptions::mutation_write_timeout_exception (Failed to accept proposal(6407298c-5b13-11f1-9575-0ffffc0c260a) for alternator_latte_hot_partition.latte_hot_partition: write timeout due to uncertainty. Replica errors: )
2026-05-29 04:03:46.877: [ERROR][Attempt 0/10][Retry in 76 ms] SdkError: Internal server error: exceptions::mutation_write_timeout_exception (Failed to accept proposal(64324e14-5b13-11f1-02e6-ad101c16e878) for alternator_latte_hot_partition.latte_hot_partition: write timeout due to uncertainty. Replica errors: )
2026-05-29 04:03:46.429: [ERROR][Attempt 0/10][Retry in 51 ms] SdkError: Internal server error: exceptions::mutation_write_timeout_exception (Failed to accept proposal(63ed5e6c-5b13-11f1-fda4-eebfa3facd4e) for alternator_latte_hot_partition.latte_hot_partition: write timeout due to uncertainty. Replica errors: )
...number of dropped error messages per sampling period: 89
  74.001      3977         0      3977           0.384     6.808    35.062   101.843   151.781   280.494   424.411   940.048
2026-05-29 04:03:47.855: [ERROR][Attempt 0/10][Retry in 113 ms] SdkError: Internal server error: exceptions::mutation_write_timeout_exception (Failed to accept proposal(64c76670-5b13-11f1-a8be-7a428dd3c753) for alternator_latte_hot_partition.latte_hot_partition: write timeout due to uncertainty. Replica errors: )
2026-05-29 04:03:47.676: [ERROR][Attempt 0/10][Retry in 133 ms] SdkError: Internal server error: exceptions::mutation_write_timeout_exception (Failed to accept proposal(64ac7e1e-5b13-11f1-4e20-a68be13de81b) for alternator_latte_hot_partition.latte_hot_partition: write timeout due to uncertainty. Replica errors: )
2026-05-29 04:03:48.241: [ERROR][Attempt 0/10][Retry in 115 ms] SdkError: Internal server error: exceptions::mutation_write_timeout_exception (Failed to accept proposal(65024088-5b13-11f1-2119-3e1f2e05087d) for alternator_latte_hot_partition.latte_hot_partition: write timeout due to uncertainty. Replica errors: )
2026-05-29 04:03:47.576: [ERROR][Attempt 0/10][Retry in 137 ms] SdkError: Internal server error: exceptions::mutation_write_timeout_exception (Failed to accept proposal(649cf4e4-5b13-11f1-9a4e-b11df428d1ac) for alternator_latte_hot_partition.latte_hot_partition: write timeout due to uncertainty. Replica errors: )
2026-05-29 04:03:47.832: [ERROR][Attempt 0/10][Retry in 71 ms] SdkError: Internal server error: exceptions::mutation_write_timeout_exception (Failed to accept proposal(64c42924-5b13-11f1-a712-7829bb0250fc) for alternator_latte_hot_partition.latte_hot_partition: write timeout due to uncertainty. Replica errors: )
...number of dropped error messages per sampling period: 90
  75.002      3912         0      3912           0.351     6.967    35.619   108.265   155.189   250.741   344.719   433.848
2026-05-29 04:03:49.084: [ERROR][Attempt 0/10][Retry in 86 ms] SdkError: Internal server error: exceptions::mutation_write_timeout_exception (Failed to accept proposal(6582eb8e-5b13-11f1-1900-373775c0a96c) for alternator_latte_hot_partition.latte_hot_partition: write timeout due to uncertainty. Replica errors: )
2026-05-29 04:03:48.730: [ERROR][Attempt 0/10][Retry in 106 ms] SdkError: Internal server error: exceptions::mutation_write_timeout_exception (Failed to accept proposal(654d82d2-5b13-11f1-7e29-76e6b385dc5c) for alternator_latte_hot_partition.latte_hot_partition: write timeout due to uncertainty. Replica errors: )
2026-05-29 04:03:48.486: [ERROR][Attempt 0/10][Retry in 136 ms] SdkError: Internal server error: exceptions::mutation_write_timeout_exception (Failed to accept proposal(65279266-5b13-11f1-2959-356a4cbc31df) for alternator_latte_hot_partition.latte_hot_partition: write timeout due to uncertainty. Replica errors: )
2026-05-29 04:03:48.305: [ERROR][Attempt 0/10][Retry in 129 ms] SdkError: Internal server error: exceptions::mutation_write_timeout_exception (Failed to accept proposal(650c4f24-5b13-11f1-5178-435fc0de065c) for alternator_latte_hot_partition.latte_hot_partition: write timeout due to uncertainty. Replica errors: )
2026-05-29 04:03:48.449: [ERROR][Attempt 0/10][Retry in 113 ms] SdkError: Internal server error: exceptions::mutation_write_timeout_exception (Failed to accept proposal(65223aa0-5b13-11f1-4baa-1623499ec81c) for alternator_latte_hot_partition.latte_hot_partition: write timeout due to uncertainty. Replica errors: )
...number of dropped error messages per sampling period: 77
  76.001      3741         0      3741           0.373     7.295    38.765   106.693   158.597   262.406   459.014   502.006
2026-05-29 04:03:49.720: [ERROR][Attempt 0/10][Retry in 137 ms] SdkError: Internal server error: exceptions::mutation_write_timeout_exception (Failed to accept proposal(65e40b6c-5b13-11f1-237c-b7f4b120be18) for alternator_latte_hot_partition.latte_hot_partition: write timeout due to uncertainty. Replica errors: )
2026-05-29 04:03:49.257: [ERROR][Attempt 0/10][Retry in 70 ms] SdkError: Internal server error: exceptions::mutation_write_timeout_exception (Failed to accept proposal(659d721a-5b13-11f1-620b-270debf57944) for alternator_latte_hot_partition.latte_hot_partition: write timeout due to uncertainty. Replica errors: )
2026-05-29 04:03:49.732: [ERROR][Attempt 0/10][Retry in 70 ms] SdkError: Internal server error: exceptions::mutation_write_timeout_exception (Failed to accept proposal(65e5dfa0-5b13-11f1-6487-a9207e157da5) for alternator_latte_hot_partition.latte_hot_partition: write timeout due to uncertainty. Replica errors: )
2026-05-29 04:03:49.786: [ERROR][Attempt 0/10][Retry in 111 ms] SdkError: Internal server error: exceptions::mutation_write_timeout_exception (Failed to accept proposal(65ee79e4-5b13-11f1-0f89-e3c9ac4e5aa0) for alternator_latte_hot_partition.latte_hot_partition: write timeout due to uncertainty. Replica errors: )
2026-05-29 04:03:49.960: [ERROR][Attempt 0/10][Retry in 112 ms] SdkError: Internal server error: exceptions::mutation_write_timeout_exception (Failed to accept proposal(660908cc-5b13-11f1-3b69-0f0382b385f7) for alternator_latte_hot_partition.latte_hot_partition: write timeout due to uncertainty. Replica errors: )
...number of dropped error messages per sampling period: 98
  77.001      3973         0      3972           0.370     6.586    34.472   103.743   154.141   289.931   490.471   534.774
2026-05-29 04:03:50.607: [ERROR][Attempt 0/10][Retry in 126 ms] SdkError: Internal server error: exceptions::mutation_write_timeout_exception (Failed to accept proposal(666bb936-5b13-11f1-6b97-ce77f666e2b9) for alternator_latte_hot_partition.latte_hot_partition: write timeout due to uncertainty. Replica errors: )
2026-05-29 04:03:50.615: [ERROR][Attempt 0/10][Retry in 65 ms] SdkError: Internal server error: exceptions::mutation_write_timeout_exception (Failed to accept proposal(666ced7e-5b13-11f1-3202-6db06d57723c) for alternator_latte_hot_partition.latte_hot_partition: write timeout due to uncertainty. Replica errors: )
2026-05-29 04:03:51.111: [ERROR][Attempt 0/10][Retry in 128 ms] SdkError: Internal server error: exceptions::mutation_write_timeout_exception (Failed to accept proposal(66b8b934-5b13-11f1-3c91-bb846a05fb23) for alternator_latte_hot_partition.latte_hot_partition: write timeout due to uncertainty. Replica errors: )
2026-05-29 04:03:50.812: [ERROR][Attempt 0/10][Retry in 81 ms] SdkError: Internal server error: exceptions::mutation_write_timeout_exception (Failed to accept proposal(668ab764-5b13-11f1-fbd3-914a956fc8a8) for alternator_latte_hot_partition.latte_hot_partition: write timeout due to uncertainty. Replica errors: )
2026-05-29 04:03:50.324: [ERROR][Attempt 0/10][Retry in 134 ms] SdkError: Internal server error: exceptions::mutation_write_timeout_exception (Failed to accept proposal(663fca10-5b13-11f1-9ad3-cc7b5107ae7d) for alternator_latte_hot_partition.latte_hot_partition: write timeout due to uncertainty. Replica errors: )
...number of dropped error messages per sampling period: 77
  78.001      3768         0      3768           0.376     7.299    36.995   106.234   161.219   286.523   486.539   650.641
2026-05-29 04:03:51.781: [ERROR][Attempt 0/10][Retry in 127 ms] SdkError: Internal server error: exceptions::mutation_write_timeout_exception (Failed to accept proposal(671eeb78-5b13-11f1-f151-8d7b30586900) for alternator_latte_hot_partition.latte_hot_partition: write timeout due to uncertainty. Replica errors: )
2026-05-29 04:03:51.737: [ERROR][Attempt 0/10][Retry in 134 ms] SdkError: Internal server error: exceptions::mutation_write_timeout_exception (Failed to accept proposal(6717cfdc-5b13-11f1-977b-951ef7a68a01) for alternator_latte_hot_partition.latte_hot_partition: write timeout due to uncertainty. Replica errors: )
2026-05-29 04:03:51.575: [ERROR][Attempt 0/10][Retry in 51 ms] SdkError: Internal server error: exceptions::mutation_write_timeout_exception (Failed to accept proposal(66ff4a52-5b13-11f1-a5db-088685069069) for alternator_latte_hot_partition.latte_hot_partition: write timeout due to uncertainty. Replica errors: )
2026-05-29 04:03:51.432: [ERROR][Attempt 0/10][Retry in 118 ms] SdkError: Internal server error: exceptions::mutation_write_timeout_exception (Failed to accept proposal(66e6b96a-5b13-11f1-0013-cae7ef383806) for alternator_latte_hot_partition.latte_hot_partition: write timeout due to uncertainty. Replica errors: )
2026-05-29 04:03:52.038: [ERROR][Attempt 0/10][Retry in 98 ms] SdkError: Internal server error: exceptions::mutation_write_timeout_exception (Failed to accept proposal(6745a5e2-5b13-11f1-80d9-2f8ca14b1489) for alternator_latte_hot_partition.latte_hot_partition: write timeout due to uncertainty. Replica errors: )
...number of dropped error messages per sampling period: 89
  79.002      4038         0      4038           0.353     6.619    29.966   101.646   157.549   286.786   451.674   659.030
2026-05-29 04:03:53.160: [ERROR][Attempt 0/10][Retry in 128 ms] SdkError: Internal server error: exceptions::mutation_write_timeout_exception (Failed to accept proposal(67f1393e-5b13-11f1-6c69-2a08b2201814) for alternator_latte_hot_partition.latte_hot_partition: write timeout due to uncertainty. Replica errors: )
2026-05-29 04:03:52.970: [ERROR][Attempt 0/10][Retry in 127 ms] SdkError: Internal server error: exceptions::mutation_write_timeout_exception (Failed to accept proposal(67d45d46-5b13-11f1-20d4-442ef1da4a1a) for alternator_latte_hot_partition.latte_hot_partition: write timeout due to uncertainty. Replica errors: )
2026-05-29 04:03:52.751: [ERROR][Attempt 0/10][Retry in 76 ms] SdkError: Internal server error: exceptions::mutation_write_timeout_exception (Failed to accept proposal(67b29328-5b13-11f1-a53f-54b2a813f54a) for alternator_latte_hot_partition.latte_hot_partition: write timeout due to uncertainty. Replica errors: )
2026-05-29 04:03:52.610: [ERROR][Attempt 0/10][Retry in 117 ms] SdkError: Internal server error: exceptions::mutation_write_timeout_exception (Failed to accept proposal(679d382a-5b13-11f1-ea81-767166dab9a2) for alternator_latte_hot_partition.latte_hot_partition: write timeout due to uncertainty. Replica errors: )
2026-05-29 04:03:52.539: [ERROR][Attempt 0/10][Retry in 57 ms] SdkError: Internal server error: exceptions::mutation_write_timeout_exception (Failed to accept proposal(678e4fa4-5b13-11f1-a3f2-602db50b057c) for alternator_latte_hot_partition.latte_hot_partition: write timeout due to uncertainty. Replica errors: )
...number of dropped error messages per sampling period: 73
  80.001      3939         0      3939           0.351     6.394    28.803   104.792   163.316   268.042   413.663   531.628
2026-05-29 04:03:53.303: [ERROR][Attempt 0/10][Retry in 125 ms] SdkError: Internal server error: exceptions::mutation_write_timeout_exception (Failed to accept proposal(6806f9a4-5b13-11f1-d274-43e7718db56f) for alternator_latte_hot_partition.latte_hot_partition: write timeout due to uncertainty. Replica errors: )
2026-05-29 04:03:53.523: [ERROR][Attempt 0/10][Retry in 57 ms] SdkError: Internal server error: exceptions::mutation_write_timeout_exception (Failed to accept proposal(68285a36-5b13-11f1-b117-77326494a579) for alternator_latte_hot_partition.latte_hot_partition: write timeout due to uncertainty. Replica errors: )
2026-05-29 04:03:54.103: [ERROR][Attempt 0/10][Retry in 108 ms] SdkError: Internal server error: exceptions::mutation_write_timeout_exception (Failed to accept proposal(6880f7d6-5b13-11f1-a8f5-5181e0e12e99) for alternator_latte_hot_partition.latte_hot_partition: write timeout due to uncertainty. Replica errors: )
2026-05-29 04:03:53.810: [ERROR][Attempt 0/10][Retry in 103 ms] SdkError: Internal server error: exceptions::mutation_write_timeout_exception (Failed to accept proposal(68545852-5b13-11f1-ae08-3f8ead961cf0) for alternator_latte_hot_partition.latte_hot_partition: write timeout due to uncertainty. Replica errors: )
2026-05-29 04:03:53.254: [ERROR][Attempt 0/10][Retry in 146 ms] SdkError: Internal server error: exceptions::mutation_write_timeout_exception (Failed to accept proposal(67ff20c6-5b13-11f1-b645-92a008a6a7f4) for alternator_latte_hot_partition.latte_hot_partition: write timeout due to uncertainty. Replica errors: )
...number of dropped error messages per sampling period: 72
  81.001      3873         0      3873           0.358     6.337    22.872   102.040   155.845   331.350   687.866   956.826
2026-05-29 04:03:54.617: [ERROR][Attempt 0/10][Retry in 100 ms] SdkError: Internal server error: exceptions::mutation_write_timeout_exception (Failed to accept proposal(68cf5eee-5b13-11f1-36a6-996ba231ce62) for alternator_latte_hot_partition.latte_hot_partition: write timeout due to uncertainty. Replica errors: )
2026-05-29 04:03:54.304: [ERROR][Attempt 0/10][Retry in 146 ms] SdkError: Internal server error: exceptions::mutation_write_timeout_exception (Failed to accept proposal(689f943e-5b13-11f1-7719-3b14d810718f) for alternator_latte_hot_partition.latte_hot_partition: write timeout due to uncertainty. Replica errors: )
2026-05-29 04:03:54.619: [ERROR][Attempt 0/10][Retry in 95 ms] SdkError: Internal server error: exceptions::mutation_write_timeout_exception (Failed to accept proposal(68cfe9ea-5b13-11f1-1867-76069e20d257) for alternator_latte_hot_partition.latte_hot_partition: write timeout due to uncertainty. Replica errors: )
2026-05-29 04:03:54.316: [ERROR][Attempt 0/10][Retry in 144 ms] SdkError: Internal server error: exceptions::mutation_write_timeout_exception (Failed to accept proposal(68a1a12a-5b13-11f1-bf5d-a2f02aa80961) for alternator_latte_hot_partition.latte_hot_partition: write timeout due to uncertainty. Replica errors: )
2026-05-29 04:03:54.382: [ERROR][Attempt 0/10][Retry in 116 ms] SdkError: Internal server error: exceptions::mutation_write_timeout_exception (Failed to accept proposal(68abc3b2-5b13-11f1-0fee-b43a45ce5b35) for alternator_latte_hot_partition.latte_hot_partition: write timeout due to uncertainty. Replica errors: )
...number of dropped error messages per sampling period: 104
  82.001      3852         0      3851           0.381     6.406    27.132   111.018   171.311   301.990   513.802   659.554
2026-05-29 04:03:55.483: [ERROR][Attempt 1/10][Retry in 190 ms] SdkError: Internal server error: exceptions::mutation_write_timeout_exception (Failed to accept proposal(69537968-5b13-11f1-26e4-8b062a0e76fb) for alternator_latte_hot_partition.latte_hot_partition: write timeout due to uncertainty. Replica errors: )
2026-05-29 04:03:55.706: [ERROR][Attempt 0/10][Retry in 58 ms] SdkError: Internal server error: exceptions::mutation_write_timeout_exception (Failed to accept proposal(697577e8-5b13-11f1-a2bc-f9d59ccdee18) for alternator_latte_hot_partition.latte_hot_partition: write timeout due to uncertainty. Replica errors: )
2026-05-29 04:03:55.644: [ERROR][Attempt 0/10][Retry in 69 ms] SdkError: Internal server error: exceptions::mutation_write_timeout_exception (Failed to accept proposal(696c5f6e-5b13-11f1-18d9-0efe7510b11e) for alternator_latte_hot_partition.latte_hot_partition: write timeout due to uncertainty. Replica errors: )
2026-05-29 04:03:55.882: [ERROR][Attempt 0/10][Retry in 142 ms] SdkError: Internal server error: exceptions::mutation_write_timeout_exception (Failed to accept proposal(69906634-5b13-11f1-a8b9-bac6313d5578) for alternator_latte_hot_partition.latte_hot_partition: write timeout due to uncertainty. Replica errors: )
2026-05-29 04:03:55.387: [ERROR][Attempt 0/10][Retry in 101 ms] SdkError: Internal server error: exceptions::mutation_write_timeout_exception (Failed to accept proposal(6943ce8c-5b13-11f1-332d-83fe1d6557c7) for alternator_latte_hot_partition.latte_hot_partition: write timeout due to uncertainty. Replica errors: )
...number of dropped error messages per sampling period: 94
  83.001      3859         0      3859           0.359     7.135    37.388   105.120   152.437   250.741   419.168   500.957
2026-05-29 04:03:56.261: [ERROR][Attempt 0/10][Retry in 96 ms] SdkError: Internal server error: exceptions::mutation_write_timeout_exception (Failed to accept proposal(69ca17d0-5b13-11f1-58cb-17ab15cb50de) for alternator_latte_hot_partition.latte_hot_partition: write timeout due to uncertainty. Replica errors: )
2026-05-29 04:03:56.264: [ERROR][Attempt 0/10][Retry in 96 ms] SdkError: Internal server error: exceptions::mutation_write_timeout_exception (Failed to accept proposal(69caee58-5b13-11f1-e6fc-ad91bc8304b5) for alternator_latte_hot_partition.latte_hot_partition: write timeout due to uncertainty. Replica errors: )
2026-05-29 04:03:56.801: [ERROR][Attempt 0/10][Retry in 135 ms] SdkError: Internal server error: exceptions::mutation_write_timeout_exception (Failed to accept proposal(6a1cb4cc-5b13-11f1-c707-4fde8918fc98) for alternator_latte_hot_partition.latte_hot_partition: write timeout due to uncertainty. Replica errors: )
2026-05-29 04:03:57.110: [ERROR][Attempt 0/10][Retry in 69 ms] SdkError: Internal server error: exceptions::mutation_write_timeout_exception (Failed to accept proposal(6a4bdd2e-5b13-11f1-0f31-8c31eafeeeb3) for alternator_latte_hot_partition.latte_hot_partition: write timeout due to uncertainty. Replica errors: )
2026-05-29 04:03:56.398: [ERROR][Attempt 0/10][Retry in 142 ms] SdkError: Internal server error: exceptions::mutation_write_timeout_exception (Failed to accept proposal(69df64b4-5b13-11f1-87f5-62c02445c2fa) for alternator_latte_hot_partition.latte_hot_partition: write timeout due to uncertainty. Replica errors: )
...number of dropped error messages per sampling period: 104
  84.001      3904         0      3905           0.368     7.127    36.798   105.316   155.058   254.673   425.460   472.383
2026-05-29 04:03:57.288: [ERROR][Attempt 0/10][Retry in 74 ms] SdkError: Internal server error: exceptions::mutation_write_timeout_exception (Failed to accept proposal(6a674a32-5b13-11f1-7193-2b3217695cb1) for alternator_latte_hot_partition.latte_hot_partition: write timeout due to uncertainty. Replica errors: )
2026-05-29 04:03:57.676: [ERROR][Attempt 0/10][Retry in 85 ms] SdkError: Internal server error: exceptions::mutation_write_timeout_exception (Failed to accept proposal(6aa24376-5b13-11f1-d806-fbbe453cd969) for alternator_latte_hot_partition.latte_hot_partition: write timeout due to uncertainty. Replica errors: )
2026-05-29 04:03:57.996: [ERROR][Attempt 0/10][Retry in 110 ms] SdkError: Internal server error: exceptions::mutation_write_timeout_exception (Failed to accept proposal(6ad3522c-5b13-11f1-698f-29b7b3a2d043) for alternator_latte_hot_partition.latte_hot_partition: write timeout due to uncertainty. Replica errors: )
2026-05-29 04:03:57.951: [ERROR][Attempt 0/10][Retry in 128 ms] SdkError: Internal server error: exceptions::mutation_write_timeout_exception (Failed to accept proposal(6acbf734-5b13-11f1-b7b9-0c56c00e0f7d) for alternator_latte_hot_partition.latte_hot_partition: write timeout due to uncertainty. Replica errors: )
2026-05-29 04:03:57.334: [ERROR][Attempt 0/10][Retry in 141 ms] SdkError: Internal server error: exceptions::mutation_write_timeout_exception (Failed to accept proposal(6a6e082c-5b13-11f1-af20-9f838f633c70) for alternator_latte_hot_partition.latte_hot_partition: write timeout due to uncertainty. Replica errors: )
...number of dropped error messages per sampling period: 93
  85.001      3964         0      3964           0.379     7.217    34.472    99.484   147.587   277.348   403.702   481.821
2026-05-29 04:03:58.421: [ERROR][Attempt 0/10][Retry in 62 ms] SdkError: Internal server error: exceptions::mutation_write_timeout_exception (Failed to accept proposal(6b140038-5b13-11f1-8959-e3227db6a065) for alternator_latte_hot_partition.latte_hot_partition: write timeout due to uncertainty. Replica errors: )
2026-05-29 04:03:58.439: [ERROR][Attempt 0/10][Retry in 102 ms] SdkError: Internal server error: exceptions::mutation_write_timeout_exception (Failed to accept proposal(6b1698d4-5b13-11f1-bfe5-b1f9186af603) for alternator_latte_hot_partition.latte_hot_partition: write timeout due to uncertainty. Replica errors: )
2026-05-29 04:03:59.166: [ERROR][Attempt 0/10][Retry in 138 ms] SdkError: Internal server error: exceptions::mutation_write_timeout_exception (Failed to accept proposal(6b85ae18-5b13-11f1-4129-c4670c4acfb9) for alternator_latte_hot_partition.latte_hot_partition: write timeout due to uncertainty. Replica errors: )
2026-05-29 04:03:58.565: [ERROR][Attempt 0/10][Retry in 94 ms] SdkError: Internal server error: exceptions::mutation_write_timeout_exception (Failed to accept proposal(6b296ab8-5b13-11f1-2d23-493ec8779fdc) for alternator_latte_hot_partition.latte_hot_partition: write timeout due to uncertainty. Replica errors: )
2026-05-29 04:03:58.703: [ERROR][Attempt 0/10][Retry in 134 ms] SdkError: Internal server error: exceptions::mutation_write_timeout_exception (Failed to accept proposal(6b3ef068-5b13-11f1-8903-abafc2ef6467) for alternator_latte_hot_partition.latte_hot_partition: write timeout due to uncertainty. Replica errors: )
...number of dropped error messages per sampling period: 95
  86.001      3880         0      3880           0.378     6.775    35.553   103.154   148.898   273.678   447.218   485.753
2026-05-29 04:03:59.779: [ERROR][Attempt 0/10][Retry in 123 ms] SdkError: Internal server error: exceptions::mutation_write_timeout_exception (Failed to accept proposal(6be316f2-5b13-11f1-439b-0afd67da092e) for alternator_latte_hot_partition.latte_hot_partition: write timeout due to uncertainty. Replica errors: )
2026-05-29 04:03:59.338: [ERROR][Attempt 0/10][Retry in 52 ms] SdkError: Internal server error: exceptions::mutation_write_timeout_exception (Failed to accept proposal(6b9ee78e-5b13-11f1-a395-747a7d5770db) for alternator_latte_hot_partition.latte_hot_partition: write timeout due to uncertainty. Replica errors: )
2026-05-29 04:03:59.492: [ERROR][Attempt 0/10][Retry in 141 ms] SdkError: Internal server error: exceptions::mutation_write_timeout_exception (Failed to accept proposal(6bb6d6a0-5b13-11f1-17a9-123451e8adc3) for alternator_latte_hot_partition.latte_hot_partition: write timeout due to uncertainty. Replica errors: )
2026-05-29 04:03:59.449: [ERROR][Attempt 0/10][Retry in 122 ms] SdkError: Internal server error: exceptions::mutation_write_timeout_exception (Failed to accept proposal(6bb0dd86-5b13-11f1-480b-4889e14ddc10) for alternator_latte_hot_partition.latte_hot_partition: write timeout due to uncertainty. Replica errors: )
2026-05-29 04:03:59.358: [ERROR][Attempt 0/10][Retry in 140 ms] SdkError: Internal server error: exceptions::mutation_write_timeout_exception (Failed to accept proposal(6ba2cf2a-5b13-11f1-6e23-5d3763c555c0) for alternator_latte_hot_partition.latte_hot_partition: write timeout due to uncertainty. Replica errors: )
...number of dropped error messages per sampling period: 89
  87.001      3775         0      3775           0.345     6.910    33.718   106.562   163.578   304.349   476.840   702.546
2026-05-29 04:04:00.802: [ERROR][Attempt 0/10][Retry in 75 ms] SdkError: Internal server error: exceptions::mutation_write_timeout_exception (Failed to accept proposal(6c7ef37e-5b13-11f1-8d6b-3c9520fed918) for alternator_latte_hot_partition.latte_hot_partition: write timeout due to uncertainty. Replica errors: )
2026-05-29 04:04:00.460: [ERROR][Attempt 0/10][Retry in 66 ms] SdkError: Internal server error: exceptions::mutation_write_timeout_exception (Failed to accept proposal(6c4b024e-5b13-11f1-87e8-396be44a22d9) for alternator_latte_hot_partition.latte_hot_partition: write timeout due to uncertainty. Replica errors: )
2026-05-29 04:04:00.474: [ERROR][Attempt 0/10][Retry in 103 ms] SdkError: Internal server error: exceptions::mutation_write_timeout_exception (Failed to accept proposal(6c4d128c-5b13-11f1-7c37-285a8169fe40) for alternator_latte_hot_partition.latte_hot_partition: write timeout due to uncertainty. Replica errors: )
2026-05-29 04:04:00.856: [ERROR][Attempt 0/10][Retry in 122 ms] SdkError: Internal server error: exceptions::mutation_write_timeout_exception (Failed to accept proposal(6c876b30-5b13-11f1-589b-79f78d0f0f66) for alternator_latte_hot_partition.latte_hot_partition: write timeout due to uncertainty. Replica errors: )
2026-05-29 04:04:00.297: [ERROR][Attempt 0/10][Retry in 115 ms] SdkError: Internal server error: exceptions::mutation_write_timeout_exception (Failed to accept proposal(6c31697e-5b13-11f1-e8c1-5fdda331407f) for alternator_latte_hot_partition.latte_hot_partition: write timeout due to uncertainty. Replica errors: )
...number of dropped error messages per sampling period: 96
  88.001      3904         0      3904           0.354     7.016    32.604   107.938   154.534   317.719   481.296   491.782
2026-05-29 04:04:01.760: [ERROR][Attempt 0/10][Retry in 102 ms] SdkError: Internal server error: exceptions::mutation_write_timeout_exception (Failed to accept proposal(6d10c84e-5b13-11f1-c136-daaeca25a11d) for alternator_latte_hot_partition.latte_hot_partition: write timeout due to uncertainty. Replica errors: )
2026-05-29 04:04:01.620: [ERROR][Attempt 0/10][Retry in 102 ms] SdkError: Internal server error: exceptions::mutation_write_timeout_exception (Failed to accept proposal(6cfb7f98-5b13-11f1-bce4-a47baa591b47) for alternator_latte_hot_partition.latte_hot_partition: write timeout due to uncertainty. Replica errors: )
2026-05-29 04:04:01.575: [ERROR][Attempt 0/10][Retry in 144 ms] SdkError: Internal server error: exceptions::mutation_write_timeout_exception (Failed to accept proposal(6cf57ac6-5b13-11f1-9b67-2d73544bf3d6) for alternator_latte_hot_partition.latte_hot_partition: write timeout due to uncertainty. Replica errors: )
2026-05-29 04:04:01.955: [ERROR][Attempt 0/10][Retry in 122 ms] SdkError: Internal server error: exceptions::mutation_write_timeout_exception (Failed to accept proposal(6d2ed910-5b13-11f1-f860-d8dd213f51d2) for alternator_latte_hot_partition.latte_hot_partition: write timeout due to uncertainty. Replica errors: )
2026-05-29 04:04:01.924: [ERROR][Attempt 0/10][Retry in 76 ms] SdkError: Internal server error: exceptions::mutation_write_timeout_exception (Failed to accept proposal(6d2a2a14-5b13-11f1-f8a9-63cfb5c15a89) for alternator_latte_hot_partition.latte_hot_partition: write timeout due to uncertainty. Replica errors: )
...number of dropped error messages per sampling period: 83
  89.001      3795         0      3796           0.365     7.107    28.328   112.853   161.087   258.736   403.440   484.704
2026-05-29 04:04:02.720: [ERROR][Attempt 0/10][Retry in 103 ms] SdkError: Internal server error: exceptions::mutation_write_timeout_exception (Failed to accept proposal(6da4097e-5b13-11f1-ee55-a0d69a64f983) for alternator_latte_hot_partition.latte_hot_partition: write timeout due to uncertainty. Replica errors: )
2026-05-29 04:04:02.265: [ERROR][Attempt 0/10][Retry in 148 ms] SdkError: Internal server error: exceptions::mutation_write_timeout_exception (Failed to accept proposal(6d5e6efa-5b13-11f1-9657-ce9fc4341916) for alternator_latte_hot_partition.latte_hot_partition: write timeout due to uncertainty. Replica errors: )
2026-05-29 04:04:03.001: [ERROR][Attempt 0/10][Retry in 62 ms] SdkError: Internal server error: exceptions::mutation_write_timeout_exception (Failed to accept proposal(6dcc8930-5b13-11f1-bf2b-9dcbec094064) for alternator_latte_hot_partition.latte_hot_partition: write timeout due to uncertainty. Replica errors: )
2026-05-29 04:04:03.159: [ERROR][Attempt 0/10][Retry in 90 ms] SdkError: Internal server error: exceptions::mutation_write_timeout_exception (Failed to accept proposal(6de692da-5b13-11f1-e9eb-6d9169dcca94) for alternator_latte_hot_partition.latte_hot_partition: write timeout due to uncertainty. Replica errors: )
2026-05-29 04:04:02.567: [ERROR][Attempt 0/10][Retry in 92 ms] SdkError: Internal server error: exceptions::mutation_write_timeout_exception (Failed to accept proposal(6d8c8bbe-5b13-11f1-fd76-43d346a46a2b) for alternator_latte_hot_partition.latte_hot_partition: write timeout due to uncertainty. Replica errors: )
...number of dropped error messages per sampling period: 97
  90.001      3489         0      3489           0.373     7.873    41.189   114.622   172.622   290.456   451.412   716.702
2026-05-29 04:04:03.426: [ERROR][Attempt 0/10][Retry in 81 ms] SdkError: Internal server error: exceptions::mutation_write_timeout_exception (Failed to accept proposal(6e0fae5e-5b13-11f1-2edb-bc5dcbef65d8) for alternator_latte_hot_partition.latte_hot_partition: write timeout due to uncertainty. Replica errors: )
2026-05-29 04:04:03.603: [ERROR][Attempt 0/10][Retry in 50 ms] SdkError: Internal server error: exceptions::mutation_write_timeout_exception (Failed to accept proposal(6e2acfcc-5b13-11f1-566d-3ae42ccff09d) for alternator_latte_hot_partition.latte_hot_partition: write timeout due to uncertainty. Replica errors: )
2026-05-29 04:04:03.861: [ERROR][Attempt 1/10][Retry in 244 ms] SdkError: Internal server error: exceptions::mutation_write_timeout_exception (Failed to accept proposal(6e522b30-5b13-11f1-55fa-27f8de963f0f) for alternator_latte_hot_partition.latte_hot_partition: write timeout due to uncertainty. Replica errors: )
2026-05-29 04:04:03.696: [ERROR][Attempt 0/10][Retry in 139 ms] SdkError: Internal server error: exceptions::mutation_write_timeout_exception (Failed to accept proposal(6e390024-5b13-11f1-3d0b-70688bbe3015) for alternator_latte_hot_partition.latte_hot_partition: write timeout due to uncertainty. Replica errors: )
2026-05-29 04:04:04.076: [ERROR][Attempt 0/10][Retry in 50 ms] SdkError: Internal server error: exceptions::mutation_write_timeout_exception (Failed to accept proposal(6e7256c6-5b13-11f1-6d7c-ef29845ae1e6) for alternator_latte_hot_partition.latte_hot_partition: write timeout due to uncertainty. Replica errors: )
...number of dropped error messages per sampling period: 85
  91.001      3795         0      3795           0.380     6.623    29.819   103.219   162.791   338.428   589.300   663.224
2026-05-29 04:04:04.479: [ERROR][Attempt 0/10][Retry in 116 ms] SdkError: Internal server error: exceptions::mutation_write_timeout_exception (Failed to accept proposal(6eb05bc4-5b13-11f1-a3cf-d15fd7676c3e) for alternator_latte_hot_partition.latte_hot_partition: write timeout due to uncertainty. Replica errors: )
2026-05-29 04:04:04.527: [ERROR][Attempt 0/10][Retry in 138 ms] SdkError: Internal server error: exceptions::mutation_write_timeout_exception (Failed to accept proposal(6eb6d206-5b13-11f1-7458-8bc99ec690c0) for alternator_latte_hot_partition.latte_hot_partition: write timeout due to uncertainty. Replica errors: )
2026-05-29 04:04:04.607: [ERROR][Attempt 0/10][Retry in 77 ms] SdkError: Internal server error: exceptions::mutation_write_timeout_exception (Failed to accept proposal(6ec3c4fc-5b13-11f1-eee0-2acf334759da) for alternator_latte_hot_partition.latte_hot_partition: write timeout due to uncertainty. Replica errors: )
2026-05-29 04:04:04.409: [ERROR][Attempt 0/10][Retry in 78 ms] SdkError: Internal server error: exceptions::mutation_write_timeout_exception (Failed to accept proposal(6ea4ce8a-5b13-11f1-a322-07f894e5a1bb) for alternator_latte_hot_partition.latte_hot_partition: write timeout due to uncertainty. Replica errors: )
2026-05-29 04:04:04.384: [ERROR][Attempt 0/10][Retry in 73 ms] SdkError: Internal server error: exceptions::mutation_write_timeout_exception (Failed to accept proposal(6ea1947c-5b13-11f1-abe3-b13cfbedbbe1) for alternator_latte_hot_partition.latte_hot_partition: write timeout due to uncertainty. Replica errors: )
...number of dropped error messages per sampling period: 88
  92.001      3698         0      3698           0.339     7.913    36.602   110.363   161.219   276.300   457.966   868.221
2026-05-29 04:04:05.489: [ERROR][Attempt 0/10][Retry in 143 ms] SdkError: Internal server error: exceptions::mutation_write_timeout_exception (Failed to accept proposal(6f4a2baa-5b13-11f1-2895-9a290eaa0628) for alternator_latte_hot_partition.latte_hot_partition: write timeout due to uncertainty. Replica errors: )
2026-05-29 04:04:05.803: [ERROR][Attempt 0/10][Retry in 108 ms] SdkError: Internal server error: exceptions::mutation_write_timeout_exception (Failed to accept proposal(6f7aa58c-5b13-11f1-2634-4b8b79e04c1b) for alternator_latte_hot_partition.latte_hot_partition: write timeout due to uncertainty. Replica errors: )
2026-05-29 04:04:05.265: [ERROR][Attempt 0/10][Retry in 107 ms] SdkError: Internal server error: exceptions::mutation_write_timeout_exception (Failed to accept proposal(6f283662-5b13-11f1-7eb6-b43598b39c03) for alternator_latte_hot_partition.latte_hot_partition: write timeout due to uncertainty. Replica errors: )
2026-05-29 04:04:06.210: [ERROR][Attempt 0/10][Retry in 91 ms] SdkError: Internal server error: exceptions::mutation_write_timeout_exception (Failed to accept proposal(6fb878a8-5b13-11f1-8091-de484af1c371) for alternator_latte_hot_partition.latte_hot_partition: write timeout due to uncertainty. Replica errors: )
2026-05-29 04:04:05.589: [ERROR][Attempt 0/10][Retry in 135 ms] SdkError: Internal server error: exceptions::mutation_write_timeout_exception (Failed to accept proposal(6f597ee8-5b13-11f1-6557-9a8adb25455d) for alternator_latte_hot_partition.latte_hot_partition: write timeout due to uncertainty. Replica errors: )
...number of dropped error messages per sampling period: 104
  93.001      3757         0      3757           0.357     7.332    36.897   108.659   154.403   282.853   453.247   836.764
2026-05-29 04:04:06.331: [ERROR][Attempt 0/10][Retry in 99 ms] SdkError: Internal server error: exceptions::mutation_write_timeout_exception (Failed to accept proposal(6fcb3394-5b13-11f1-71f9-8321053d058e) for alternator_latte_hot_partition.latte_hot_partition: write timeout due to uncertainty. Replica errors: )
2026-05-29 04:04:06.801: [ERROR][Attempt 0/10][Retry in 94 ms] SdkError: Internal server error: exceptions::mutation_write_timeout_exception (Failed to accept proposal(7012cb50-5b13-11f1-cb2c-83841c09d1e9) for alternator_latte_hot_partition.latte_hot_partition: write timeout due to uncertainty. Replica errors: )
2026-05-29 04:04:06.768: [ERROR][Attempt 0/10][Retry in 122 ms] SdkError: Internal server error: exceptions::mutation_write_timeout_exception (Failed to accept proposal(700d3b68-5b13-11f1-f67a-9b813cd40b90) for alternator_latte_hot_partition.latte_hot_partition: write timeout due to uncertainty. Replica errors: )
2026-05-29 04:04:06.885: [ERROR][Attempt 0/10][Retry in 112 ms] SdkError: Internal server error: exceptions::mutation_write_timeout_exception (Failed to accept proposal(701e9de0-5b13-11f1-7817-0927ff9d921b) for alternator_latte_hot_partition.latte_hot_partition: write timeout due to uncertainty. Replica errors: )
2026-05-29 04:04:06.464: [ERROR][Attempt 1/10][Retry in 223 ms] SdkError: Internal server error: exceptions::mutation_write_timeout_exception (Failed to accept proposal(6fdf3a42-5b13-11f1-36ac-346f797dbc3b) for alternator_latte_hot_partition.latte_hot_partition: write timeout due to uncertainty. Replica errors: )
...number of dropped error messages per sampling period: 96
  94.002      3869         0      3869           0.362     6.353    29.508   106.168   157.680   271.057   485.491   990.904
2026-05-29 04:04:07.792: [ERROR][Attempt 0/10][Retry in 117 ms] SdkError: Internal server error: exceptions::mutation_write_timeout_exception (Failed to accept proposal(70a98c0c-5b13-11f1-4864-96e2555866d3) for alternator_latte_hot_partition.latte_hot_partition: write timeout due to uncertainty. Replica errors: )
2026-05-29 04:04:08.122: [ERROR][Attempt 0/10][Retry in 121 ms] SdkError: Internal server error: exceptions::mutation_write_timeout_exception (Failed to accept proposal(70db8f90-5b13-11f1-c88c-e27950051568) for alternator_latte_hot_partition.latte_hot_partition: write timeout due to uncertainty. Replica errors: )
2026-05-29 04:04:07.988: [ERROR][Attempt 0/10][Retry in 108 ms] SdkError: Internal server error: exceptions::mutation_write_timeout_exception (Failed to accept proposal(70c7ef1c-5b13-11f1-98fa-919af8ec5c5a) for alternator_latte_hot_partition.latte_hot_partition: write timeout due to uncertainty. Replica errors: )
2026-05-29 04:04:07.755: [ERROR][Attempt 0/10][Retry in 78 ms] SdkError: Internal server error: exceptions::mutation_write_timeout_exception (Failed to accept proposal(70a2f6c6-5b13-11f1-6bbb-b672c60148ab) for alternator_latte_hot_partition.latte_hot_partition: write timeout due to uncertainty. Replica errors: )
2026-05-29 04:04:07.679: [ERROR][Attempt 1/10][Retry in 246 ms] SdkError: Internal server error: exceptions::mutation_write_timeout_exception (Failed to accept proposal(7098afcc-5b13-11f1-16e2-161be306318b) for alternator_latte_hot_partition.latte_hot_partition: write timeout due to uncertainty. Replica errors: )
...number of dropped error messages per sampling period: 77
  95.002      3731         0      3732           0.341     7.950    43.287   109.838   158.859   266.076   513.278   587.203
2026-05-29 04:04:09.005: [ERROR][Attempt 0/10][Retry in 69 ms] SdkError: Internal server error: exceptions::mutation_write_timeout_exception (Failed to accept proposal(71631294-5b13-11f1-184d-5090493951ca) for alternator_latte_hot_partition.latte_hot_partition: write timeout due to uncertainty. Replica errors: )
2026-05-29 04:04:08.743: [ERROR][Attempt 1/10][Retry in 174 ms] SdkError: Internal server error: exceptions::mutation_write_timeout_exception (Failed to accept proposal(713b3396-5b13-11f1-9ade-547adb31d4e0) for alternator_latte_hot_partition.latte_hot_partition: write timeout due to uncertainty. Replica errors: )
2026-05-29 04:04:08.801: [ERROR][Attempt 0/10][Retry in 140 ms] SdkError: Internal server error: exceptions::mutation_write_timeout_exception (Failed to accept proposal(714404d0-5b13-11f1-2a27-18ffa0acf617) for alternator_latte_hot_partition.latte_hot_partition: write timeout due to uncertainty. Replica errors: )
2026-05-29 04:04:08.685: [ERROR][Attempt 0/10][Retry in 54 ms] SdkError: Internal server error: exceptions::mutation_write_timeout_exception (Failed to accept proposal(7131db84-5b13-11f1-10c2-ebd2d0b18892) for alternator_latte_hot_partition.latte_hot_partition: write timeout due to uncertainty. Replica errors: )
2026-05-29 04:04:09.005: [ERROR][Attempt 0/10][Retry in 82 ms] SdkError: Internal server error: exceptions::mutation_write_timeout_exception (Failed to accept proposal(7162c730-5b13-11f1-4b6d-f49a2e1f43e0) for alternator_latte_hot_partition.latte_hot_partition: write timeout due to uncertainty. Replica errors: )
...number of dropped error messages per sampling period: 82
  96.001      3986         0      3985           0.355     5.956    25.231   102.564   158.728   323.224   548.930   751.305
2026-05-29 04:04:09.380: [ERROR][Attempt 0/10][Retry in 54 ms] SdkError: Internal server error: exceptions::mutation_write_timeout_exception (Failed to accept proposal(719c2606-5b13-11f1-02c5-3389ebdc51bd) for alternator_latte_hot_partition.latte_hot_partition: write timeout due to uncertainty. Replica errors: )
2026-05-29 04:04:10.011: [ERROR][Attempt 1/10][Retry in 185 ms] SdkError: Internal server error: exceptions::mutation_write_timeout_exception (Failed to accept proposal(71fbf34c-5b13-11f1-5630-6e305135a17f) for alternator_latte_hot_partition.latte_hot_partition: write timeout due to uncertainty. Replica errors: )
2026-05-29 04:04:09.775: [ERROR][Attempt 0/10][Retry in 119 ms] SdkError: Internal server error: exceptions::mutation_write_timeout_exception (Failed to accept proposal(71d876d8-5b13-11f1-4218-bf7ff01e32d5) for alternator_latte_hot_partition.latte_hot_partition: write timeout due to uncertainty. Replica errors: )
2026-05-29 04:04:09.889: [ERROR][Attempt 0/10][Retry in 111 ms] SdkError: Internal server error: exceptions::mutation_write_timeout_exception (Failed to accept proposal(71e9c23a-5b13-11f1-5feb-a715349eedf9) for alternator_latte_hot_partition.latte_hot_partition: write timeout due to uncertainty. Replica errors: )
2026-05-29 04:04:10.016: [ERROR][Attempt 0/10][Retry in 102 ms] SdkError: Internal server error: exceptions::mutation_write_timeout_exception (Failed to accept proposal(71fd45d0-5b13-11f1-60b9-ae9afb88104b) for alternator_latte_hot_partition.latte_hot_partition: write timeout due to uncertainty. Replica errors: )
...number of dropped error messages per sampling period: 93
  97.001      3678         0      3677           0.384     7.524    43.352   109.249   150.471   252.183   442.499   474.481
2026-05-29 04:04:10.570: [ERROR][Attempt 0/10][Retry in 140 ms] SdkError: Internal server error: exceptions::mutation_write_timeout_exception (Failed to accept proposal(72518046-5b13-11f1-9bd1-e9143eb248b0) for alternator_latte_hot_partition.latte_hot_partition: write timeout due to uncertainty. Replica errors: )
2026-05-29 04:04:10.500: [ERROR][Attempt 0/10][Retry in 88 ms] SdkError: Internal server error: exceptions::mutation_write_timeout_exception (Failed to accept proposal(7246c020-5b13-11f1-8b7e-25c3a78c5d43) for alternator_latte_hot_partition.latte_hot_partition: write timeout due to uncertainty. Replica errors: )
2026-05-29 04:04:10.642: [ERROR][Attempt 0/10][Retry in 64 ms] SdkError: Internal server error: exceptions::mutation_write_timeout_exception (Failed to accept proposal(725ca9b2-5b13-11f1-0f0d-f45421f6d8b0) for alternator_latte_hot_partition.latte_hot_partition: write timeout due to uncertainty. Replica errors: )
2026-05-29 04:04:11.038: [ERROR][Attempt 0/10][Retry in 81 ms] SdkError: Internal server error: exceptions::mutation_write_timeout_exception (Failed to accept proposal(7299066e-5b13-11f1-8f53-aa1c716c3252) for alternator_latte_hot_partition.latte_hot_partition: write timeout due to uncertainty. Replica errors: )
2026-05-29 04:04:10.293: [ERROR][Attempt 0/10][Retry in 79 ms] SdkError: Internal server error: exceptions::mutation_write_timeout_exception (Failed to accept proposal(7226e368-5b13-11f1-4473-4ac1baec9069) for alternator_latte_hot_partition.latte_hot_partition: write timeout due to uncertainty. Replica errors: )
...number of dropped error messages per sampling period: 78
  98.001      3715         0      3716           0.343     7.459    36.504   113.705   163.578   284.688   445.121   667.419
2026-05-29 04:04:11.669: [ERROR][Attempt 0/10][Retry in 148 ms] SdkError: Internal server error: exceptions::mutation_write_timeout_exception (Failed to accept proposal(72f95938-5b13-11f1-a2b3-89e56e132d79) for alternator_latte_hot_partition.latte_hot_partition: write timeout due to uncertainty. Replica errors: )
2026-05-29 04:04:11.385: [ERROR][Attempt 0/10][Retry in 61 ms] SdkError: Internal server error: exceptions::mutation_write_timeout_exception (Failed to accept proposal(72ce21a0-5b13-11f1-258e-e6cb07234941) for alternator_latte_hot_partition.latte_hot_partition: write timeout due to uncertainty. Replica errors: )
2026-05-29 04:04:11.579: [ERROR][Attempt 0/10][Retry in 145 ms] SdkError: Internal server error: exceptions::mutation_write_timeout_exception (Failed to accept proposal(72eb91cc-5b13-11f1-56fe-83101548c8e5) for alternator_latte_hot_partition.latte_hot_partition: write timeout due to uncertainty. Replica errors: )
2026-05-29 04:04:11.685: [ERROR][Attempt 0/10][Retry in 136 ms] SdkError: Internal server error: exceptions::mutation_write_timeout_exception (Failed to accept proposal(72fc3d24-5b13-11f1-0e17-dc079430c2f7) for alternator_latte_hot_partition.latte_hot_partition: write timeout due to uncertainty. Replica errors: )
2026-05-29 04:04:12.040: [ERROR][Attempt 0/10][Retry in 136 ms] SdkError: Internal server error: exceptions::mutation_write_timeout_exception (Failed to accept proposal(733244aa-5b13-11f1-139a-d76963db82d4) for alternator_latte_hot_partition.latte_hot_partition: write timeout due to uncertainty. Replica errors: )
...number of dropped error messages per sampling period: 97
  99.002      3835         0      3834           0.341     6.373    27.197   106.365   163.447   300.155   526.647   659.030
2026-05-29 04:04:12.666: [ERROR][Attempt 0/10][Retry in 87 ms] SdkError: Internal server error: exceptions::mutation_write_timeout_exception (Failed to accept proposal(73911610-5b13-11f1-0df6-a618d329a9aa) for alternator_latte_hot_partition.latte_hot_partition: write timeout due to uncertainty. Replica errors: )
2026-05-29 04:04:12.311: [ERROR][Attempt 0/10][Retry in 122 ms] SdkError: Internal server error: exceptions::mutation_write_timeout_exception (Failed to accept proposal(735ae84c-5b13-11f1-f775-d34bb1c73656) for alternator_latte_hot_partition.latte_hot_partition: write timeout due to uncertainty. Replica errors: )
2026-05-29 04:04:12.956: [ERROR][Attempt 0/10][Retry in 131 ms] SdkError: Internal server error: exceptions::mutation_write_timeout_exception (Failed to accept proposal(73bdb6ac-5b13-11f1-3c8d-f3a3e4d9d41b) for alternator_latte_hot_partition.latte_hot_partition: write timeout due to uncertainty. Replica errors: )
2026-05-29 04:04:13.011: [ERROR][Attempt 0/10][Retry in 64 ms] SdkError: Internal server error: exceptions::mutation_write_timeout_exception (Failed to accept proposal(73c612c0-5b13-11f1-16fd-7eb746327426) for alternator_latte_hot_partition.latte_hot_partition: write timeout due to uncertainty. Replica errors: )
2026-05-29 04:04:12.941: [ERROR][Attempt 0/10][Retry in 133 ms] SdkError: Internal server error: exceptions::mutation_write_timeout_exception (Failed to accept proposal(73ba1966-5b13-11f1-9ddc-fdb5b2ff119a) for alternator_latte_hot_partition.latte_hot_partition: write timeout due to uncertainty. Replica errors: )
...number of dropped error messages per sampling period: 94
 100.002      3551         0      3551           0.370     8.266    46.170   115.868   159.646   249.561   460.325   509.084
2026-05-29 04:04:13.612: [ERROR][Attempt 0/10][Retry in 80 ms] SdkError: Internal server error: exceptions::mutation_write_timeout_exception (Failed to accept proposal(7421b94a-5b13-11f1-5dfc-cace09dc5870) for alternator_latte_hot_partition.latte_hot_partition: write timeout due to uncertainty. Replica errors: )
2026-05-29 04:04:13.728: [ERROR][Attempt 0/10][Retry in 50 ms] SdkError: Internal server error: exceptions::mutation_write_timeout_exception (Failed to accept proposal(7433bae6-5b13-11f1-ba45-f6c64f7b01f5) for alternator_latte_hot_partition.latte_hot_partition: write timeout due to uncertainty. Replica errors: )
2026-05-29 04:04:13.908: [ERROR][Attempt 0/10][Retry in 146 ms] SdkError: Internal server error: exceptions::mutation_write_timeout_exception (Failed to accept proposal(744f32d0-5b13-11f1-7e3c-01b3bc31190d) for alternator_latte_hot_partition.latte_hot_partition: write timeout due to uncertainty. Replica errors: )
2026-05-29 04:04:13.603: [ERROR][Attempt 0/10][Retry in 93 ms] SdkError: Internal server error: exceptions::mutation_write_timeout_exception (Failed to accept proposal(74207756-5b13-11f1-08a1-cf91168323c8) for alternator_latte_hot_partition.latte_hot_partition: write timeout due to uncertainty. Replica errors: )
2026-05-29 04:04:13.496: [ERROR][Attempt 1/10][Retry in 233 ms] SdkError: Internal server error: exceptions::mutation_write_timeout_exception (Failed to accept proposal(741007a4-5b13-11f1-d350-6916381cc308) for alternator_latte_hot_partition.latte_hot_partition: write timeout due to uncertainty. Replica errors: )
...number of dropped error messages per sampling period: 105
 101.001      3989         0      3990           0.344     6.132    29.475   103.809   159.777   293.339   452.198   778.568
2026-05-29 04:04:14.333: [ERROR][Attempt 0/10][Retry in 63 ms] SdkError: Internal server error: exceptions::mutation_write_timeout_exception (Failed to accept proposal(748f122e-5b13-11f1-f29c-eab37d9d4bf9) for alternator_latte_hot_partition.latte_hot_partition: write timeout due to uncertainty. Replica errors: )
2026-05-29 04:04:14.414: [ERROR][Attempt 0/10][Retry in 64 ms] SdkError: Internal server error: exceptions::mutation_write_timeout_exception (Failed to accept proposal(749c35e4-5b13-11f1-5081-98570e62e0c8) for alternator_latte_hot_partition.latte_hot_partition: write timeout due to uncertainty. Replica errors: )
2026-05-29 04:04:14.535: [ERROR][Attempt 0/10][Retry in 67 ms] SdkError: Internal server error: exceptions::mutation_write_timeout_exception (Failed to accept proposal(74aee0ae-5b13-11f1-749f-2b5a6b6125ce) for alternator_latte_hot_partition.latte_hot_partition: write timeout due to uncertainty. Replica errors: )
2026-05-29 04:04:15.184: [ERROR][Attempt 0/10][Retry in 129 ms] SdkError: Internal server error: exceptions::mutation_write_timeout_exception (Failed to accept proposal(75115c66-5b13-11f1-0605-b18fd6ec43ac) for alternator_latte_hot_partition.latte_hot_partition: write timeout due to uncertainty. Replica errors: )
2026-05-29 04:04:14.657: [ERROR][Attempt 0/10][Retry in 105 ms] SdkError: Internal server error: exceptions::mutation_write_timeout_exception (Failed to accept proposal(74c1302e-5b13-11f1-8c4e-bb41b165c2dd) for alternator_latte_hot_partition.latte_hot_partition: write timeout due to uncertainty. Replica errors: )
...number of dropped error messages per sampling period: 111
 102.002      3823         0      3823           0.376     8.081    37.388   108.790   153.879   241.828   402.653   867.172
2026-05-29 04:04:15.897: [ERROR][Attempt 0/10][Retry in 68 ms] SdkError: Internal server error: exceptions::mutation_write_timeout_exception (Failed to accept proposal(757eb216-5b13-11f1-27e4-890498ed0224) for alternator_latte_hot_partition.latte_hot_partition: write timeout due to uncertainty. Replica errors: )
2026-05-29 04:04:15.753: [ERROR][Attempt 0/10][Retry in 139 ms] SdkError: Internal server error: exceptions::mutation_write_timeout_exception (Failed to accept proposal(7568c564-5b13-11f1-fecb-4fc6f7aa8094) for alternator_latte_hot_partition.latte_hot_partition: write timeout due to uncertainty. Replica errors: )
2026-05-29 04:04:15.382: [ERROR][Attempt 0/10][Retry in 79 ms] SdkError: Internal server error: exceptions::mutation_write_timeout_exception (Failed to accept proposal(752ff784-5b13-11f1-6f47-db25f45ed5c5) for alternator_latte_hot_partition.latte_hot_partition: write timeout due to uncertainty. Replica errors: )
2026-05-29 04:04:15.549: [ERROR][Attempt 0/10][Retry in 120 ms] SdkError: Internal server error: exceptions::mutation_write_timeout_exception (Failed to accept proposal(75490648-5b13-11f1-a711-9a480f0ebc5a) for alternator_latte_hot_partition.latte_hot_partition: write timeout due to uncertainty. Replica errors: )
2026-05-29 04:04:15.713: [ERROR][Attempt 0/10][Retry in 100 ms] SdkError: Internal server error: exceptions::mutation_write_timeout_exception (Failed to accept proposal(7562bb88-5b13-11f1-07e2-a85ce9123af5) for alternator_latte_hot_partition.latte_hot_partition: write timeout due to uncertainty. Replica errors: )
...number of dropped error messages per sampling period: 96
 103.001      3969         0      3968           0.345     6.611    33.784   105.841   154.534   255.197   455.082   469.238
2026-05-29 04:04:16.344: [ERROR][Attempt 0/10][Retry in 62 ms] SdkError: Internal server error: exceptions::mutation_write_timeout_exception (Failed to accept proposal(75c2ca50-5b13-11f1-17dd-2139e5c9662f) for alternator_latte_hot_partition.latte_hot_partition: write timeout due to uncertainty. Replica errors: )
2026-05-29 04:04:16.721: [ERROR][Attempt 0/10][Retry in 129 ms] SdkError: Internal server error: exceptions::mutation_write_timeout_exception (Failed to accept proposal(75fc771e-5b13-11f1-d006-2bf1a9bbe836) for alternator_latte_hot_partition.latte_hot_partition: write timeout due to uncertainty. Replica errors: )
2026-05-29 04:04:17.043: [ERROR][Attempt 0/10][Retry in 61 ms] SdkError: Internal server error: exceptions::mutation_write_timeout_exception (Failed to accept proposal(762ce6e2-5b13-11f1-9b27-a9457dca4ef6) for alternator_latte_hot_partition.latte_hot_partition: write timeout due to uncertainty. Replica errors: )
2026-05-29 04:04:16.525: [ERROR][Attempt 0/10][Retry in 130 ms] SdkError: Internal server error: exceptions::mutation_write_timeout_exception (Failed to accept proposal(75de57c0-5b13-11f1-ef7d-95dbf2bedb30) for alternator_latte_hot_partition.latte_hot_partition: write timeout due to uncertainty. Replica errors: )
2026-05-29 04:04:16.355: [ERROR][Attempt 0/10][Retry in 53 ms] SdkError: Internal server error: exceptions::mutation_write_timeout_exception (Failed to accept proposal(75c4498e-5b13-11f1-e8e9-109840fa279b) for alternator_latte_hot_partition.latte_hot_partition: write timeout due to uncertainty. Replica errors: )
...number of dropped error messages per sampling period: 97
 104.001      3968         0      3968           0.339     6.922    35.160   102.433   144.835   263.979   478.151   643.301
2026-05-29 04:04:17.966: [ERROR][Attempt 0/10][Retry in 107 ms] SdkError: Internal server error: exceptions::mutation_write_timeout_exception (Failed to accept proposal(76ba0752-5b13-11f1-50bf-fd64bc72df33) for alternator_latte_hot_partition.latte_hot_partition: write timeout due to uncertainty. Replica errors: )
2026-05-29 04:04:17.670: [ERROR][Attempt 0/10][Retry in 54 ms] SdkError: Internal server error: exceptions::mutation_write_timeout_exception (Failed to accept proposal(768cffe6-5b13-11f1-dd26-33fbaa5a1922) for alternator_latte_hot_partition.latte_hot_partition: write timeout due to uncertainty. Replica errors: )
2026-05-29 04:04:17.305: [ERROR][Attempt 0/10][Retry in 98 ms] SdkError: Internal server error: exceptions::mutation_write_timeout_exception (Failed to accept proposal(7654ac54-5b13-11f1-d16f-8d6497f9c823) for alternator_latte_hot_partition.latte_hot_partition: write timeout due to uncertainty. Replica errors: )
2026-05-29 04:04:17.708: [ERROR][Attempt 0/10][Retry in 149 ms] SdkError: Internal server error: exceptions::mutation_write_timeout_exception (Failed to accept proposal(76930544-5b13-11f1-67ed-1dca73c696a6) for alternator_latte_hot_partition.latte_hot_partition: write timeout due to uncertainty. Replica errors: )
2026-05-29 04:04:17.460: [ERROR][Attempt 0/10][Retry in 67 ms] SdkError: Internal server error: exceptions::mutation_write_timeout_exception (Failed to accept proposal(766cde28-5b13-11f1-bb98-e85f6ac76efd) for alternator_latte_hot_partition.latte_hot_partition: write timeout due to uncertainty. Replica errors: )
...number of dropped error messages per sampling period: 103
 105.001      3837         0      3837           0.363     8.225    42.205   105.841   155.189   237.502   380.633   568.852
2026-05-29 04:04:18.666: [ERROR][Attempt 0/10][Retry in 116 ms] SdkError: Internal server error: exceptions::mutation_write_timeout_exception (Failed to accept proposal(7724ebee-5b13-11f1-b533-cf4becb88419) for alternator_latte_hot_partition.latte_hot_partition: write timeout due to uncertainty. Replica errors: )
2026-05-29 04:04:19.221: [ERROR][Attempt 0/10][Retry in 119 ms] SdkError: Internal server error: exceptions::mutation_write_timeout_exception (Failed to accept proposal(7779f864-5b13-11f1-b0ad-494085410ad9) for alternator_latte_hot_partition.latte_hot_partition: write timeout due to uncertainty. Replica errors: )
2026-05-29 04:04:18.580: [ERROR][Attempt 0/10][Retry in 62 ms] SdkError: Internal server error: exceptions::mutation_write_timeout_exception (Failed to accept proposal(7717e7f0-5b13-11f1-fe93-8798aae1eefa) for alternator_latte_hot_partition.latte_hot_partition: write timeout due to uncertainty. Replica errors: )
2026-05-29 04:04:19.032: [ERROR][Attempt 0/10][Retry in 97 ms] SdkError: Internal server error: exceptions::mutation_write_timeout_exception (Failed to accept proposal(775ca98a-5b13-11f1-44fc-fce14dc253ca) for alternator_latte_hot_partition.latte_hot_partition: write timeout due to uncertainty. Replica errors: )
2026-05-29 04:04:18.733: [ERROR][Attempt 0/10][Retry in 55 ms] SdkError: Internal server error: exceptions::mutation_write_timeout_exception (Failed to accept proposal(772f134e-5b13-11f1-2fe5-61eb857f7f79) for alternator_latte_hot_partition.latte_hot_partition: write timeout due to uncertainty. Replica errors: )
...number of dropped error messages per sampling period: 81
 106.001      4191         0      4191           0.354     6.148    30.802   100.532   148.374   258.998   374.604   395.051
2026-05-29 04:04:19.421: [ERROR][Attempt 0/10][Retry in 61 ms] SdkError: Internal server error: exceptions::mutation_write_timeout_exception (Failed to accept proposal(779847ba-5b13-11f1-c7b2-9d2abdbd6be6) for alternator_latte_hot_partition.latte_hot_partition: write timeout due to uncertainty. Replica errors: )
2026-05-29 04:04:20.132: [ERROR][Attempt 0/10][Retry in 87 ms] SdkError: Internal server error: exceptions::mutation_write_timeout_exception (Failed to accept proposal(780424a8-5b13-11f1-97c0-2a465f1ce9f1) for alternator_latte_hot_partition.latte_hot_partition: write timeout due to uncertainty. Replica errors: )
2026-05-29 04:04:19.572: [ERROR][Attempt 0/10][Retry in 112 ms] SdkError: Internal server error: exceptions::mutation_write_timeout_exception (Failed to accept proposal(77af4546-5b13-11f1-eca1-619a29a00122) for alternator_latte_hot_partition.latte_hot_partition: write timeout due to uncertainty. Replica errors: )
2026-05-29 04:04:19.359: [ERROR][Attempt 0/10][Retry in 79 ms] SdkError: Internal server error: exceptions::mutation_write_timeout_exception (Failed to accept proposal(778ed13a-5b13-11f1-1edf-922ce4e19d67) for alternator_latte_hot_partition.latte_hot_partition: write timeout due to uncertainty. Replica errors: )
2026-05-29 04:04:19.780: [ERROR][Attempt 0/10][Retry in 121 ms] SdkError: Internal server error: exceptions::mutation_write_timeout_exception (Failed to accept proposal(77cf1560-5b13-11f1-eec0-348a68df0af2) for alternator_latte_hot_partition.latte_hot_partition: write timeout due to uncertainty. Replica errors: )
...number of dropped error messages per sampling period: 99
 107.001      3785         0      3785           0.360     7.643    38.339   110.690   155.058   276.300   554.697   707.265
2026-05-29 04:04:20.549: [ERROR][Attempt 0/10][Retry in 87 ms] SdkError: Internal server error: exceptions::mutation_write_timeout_exception (Failed to accept proposal(7844271a-5b13-11f1-0117-e10e8da27478) for alternator_latte_hot_partition.latte_hot_partition: write timeout due to uncertainty. Replica errors: )
2026-05-29 04:04:20.948: [ERROR][Attempt 0/10][Retry in 114 ms] SdkError: Internal server error: exceptions::mutation_write_timeout_exception (Failed to accept proposal(78805e06-5b13-11f1-10eb-150fd8d6ad97) for alternator_latte_hot_partition.latte_hot_partition: write timeout due to uncertainty. Replica errors: )
2026-05-29 04:04:20.339: [ERROR][Attempt 0/10][Retry in 73 ms] SdkError: Internal server error: exceptions::mutation_write_timeout_exception (Failed to accept proposal(782443d2-5b13-11f1-9bb7-54729f4edd59) for alternator_latte_hot_partition.latte_hot_partition: write timeout due to uncertainty. Replica errors: )
2026-05-29 04:04:20.688: [ERROR][Attempt 0/10][Retry in 146 ms] SdkError: Internal server error: exceptions::mutation_write_timeout_exception (Failed to accept proposal(78593330-5b13-11f1-9169-413d58dd0191) for alternator_latte_hot_partition.latte_hot_partition: write timeout due to uncertainty. Replica errors: )
2026-05-29 04:04:21.093: [ERROR][Attempt 0/10][Retry in 66 ms] SdkError: Internal server error: exceptions::mutation_write_timeout_exception (Failed to accept proposal(78971a7e-5b13-11f1-20a7-6292b0994471) for alternator_latte_hot_partition.latte_hot_partition: write timeout due to uncertainty. Replica errors: )
...number of dropped error messages per sampling period: 93
 108.001      3869         0      3869           0.369     6.492    29.213   102.760   152.568   282.591   510.919   672.662
2026-05-29 04:04:21.495: [ERROR][Attempt 0/10][Retry in 132 ms] SdkError: Internal server error: exceptions::mutation_write_timeout_exception (Failed to accept proposal(78d4dbca-5b13-11f1-fa5e-a8fafb56a166) for alternator_latte_hot_partition.latte_hot_partition: write timeout due to uncertainty. Replica errors: )
2026-05-29 04:04:21.438: [ERROR][Attempt 0/10][Retry in 130 ms] SdkError: Internal server error: exceptions::mutation_write_timeout_exception (Failed to accept proposal(78cbba72-5b13-11f1-7f6e-235aa483c2e1) for alternator_latte_hot_partition.latte_hot_partition: write timeout due to uncertainty. Replica errors: )
2026-05-29 04:04:21.852: [ERROR][Attempt 0/10][Retry in 58 ms] SdkError: Internal server error: exceptions::mutation_write_timeout_exception (Failed to accept proposal(790b74d2-5b13-11f1-b416-c6d3e995eb07) for alternator_latte_hot_partition.latte_hot_partition: write timeout due to uncertainty. Replica errors: )
2026-05-29 04:04:21.581: [ERROR][Attempt 0/10][Retry in 62 ms] SdkError: Internal server error: exceptions::mutation_write_timeout_exception (Failed to accept proposal(78e18136-5b13-11f1-d23a-88438a3be715) for alternator_latte_hot_partition.latte_hot_partition: write timeout due to uncertainty. Replica errors: )
2026-05-29 04:04:21.750: [ERROR][Attempt 0/10][Retry in 145 ms] SdkError: Internal server error: exceptions::mutation_write_timeout_exception (Failed to accept proposal(78fbb920-5b13-11f1-c1fb-81b56a84cf02) for alternator_latte_hot_partition.latte_hot_partition: write timeout due to uncertainty. Replica errors: )
...number of dropped error messages per sampling period: 92
 109.002      3902         0      3902           0.364     7.021    37.880   105.775   154.665   283.640   431.489   836.239
2026-05-29 04:04:23.191: [ERROR][Attempt 0/10][Retry in 114 ms] SdkError: Internal server error: exceptions::mutation_write_timeout_exception (Failed to accept proposal(79d796ca-5b13-11f1-2a05-c8370f564f69) for alternator_latte_hot_partition.latte_hot_partition: write timeout due to uncertainty. Replica errors: )
2026-05-29 04:04:22.698: [ERROR][Attempt 0/10][Retry in 95 ms] SdkError: Internal server error: exceptions::mutation_write_timeout_exception (Failed to accept proposal(798bece8-5b13-11f1-e487-da8c9023c38b) for alternator_latte_hot_partition.latte_hot_partition: write timeout due to uncertainty. Replica errors: )
2026-05-29 04:04:22.304: [ERROR][Attempt 0/10][Retry in 79 ms] SdkError: Internal server error: exceptions::mutation_write_timeout_exception (Failed to accept proposal(794fd578-5b13-11f1-812e-946ebe42af98) for alternator_latte_hot_partition.latte_hot_partition: write timeout due to uncertainty. Replica errors: )
2026-05-29 04:04:22.393: [ERROR][Attempt 0/10][Retry in 111 ms] SdkError: Internal server error: exceptions::mutation_write_timeout_exception (Failed to accept proposal(795d7c46-5b13-11f1-98f7-110d0ac3257d) for alternator_latte_hot_partition.latte_hot_partition: write timeout due to uncertainty. Replica errors: )
2026-05-29 04:04:23.011: [ERROR][Attempt 0/10][Retry in 87 ms] SdkError: Internal server error: exceptions::mutation_write_timeout_exception (Failed to accept proposal(79bbd34a-5b13-11f1-9045-d066f0284d02) for alternator_latte_hot_partition.latte_hot_partition: write timeout due to uncertainty. Replica errors: )
...number of dropped error messages per sampling period: 75
 110.001      3650         0      3650           0.372     7.279    31.900   112.787   167.641   306.446   530.055   678.953
2026-05-29 04:04:23.340: [ERROR][Attempt 0/10][Retry in 147 ms] SdkError: Internal server error: exceptions::mutation_write_timeout_exception (Failed to accept proposal(79ed4664-5b13-11f1-02d8-9ccf4e1c9377) for alternator_latte_hot_partition.latte_hot_partition: write timeout due to uncertainty. Replica errors: )
2026-05-29 04:04:23.627: [ERROR][Attempt 0/10][Retry in 94 ms] SdkError: Internal server error: exceptions::mutation_write_timeout_exception (Failed to accept proposal(7a1a218e-5b13-11f1-a6b8-c30925036312) for alternator_latte_hot_partition.latte_hot_partition: write timeout due to uncertainty. Replica errors: )
2026-05-29 04:04:23.831: [ERROR][Attempt 0/10][Retry in 103 ms] SdkError: Internal server error: exceptions::mutation_write_timeout_exception (Failed to accept proposal(7a392e4e-5b13-11f1-c7c7-db234efa2c90) for alternator_latte_hot_partition.latte_hot_partition: write timeout due to uncertainty. Replica errors: )
2026-05-29 04:04:23.982: [ERROR][Attempt 0/10][Retry in 66 ms] SdkError: Internal server error: exceptions::mutation_write_timeout_exception (Failed to accept proposal(7a5048cc-5b13-11f1-a4be-3fca70640a79) for alternator_latte_hot_partition.latte_hot_partition: write timeout due to uncertainty. Replica errors: )
2026-05-29 04:04:23.689: [ERROR][Attempt 0/10][Retry in 109 ms] SdkError: Internal server error: exceptions::mutation_write_timeout_exception (Failed to accept proposal(7a23888c-5b13-11f1-59f3-fbe1c8922441) for alternator_latte_hot_partition.latte_hot_partition: write timeout due to uncertainty. Replica errors: )
...number of dropped error messages per sampling period: 87
 111.002      4130         0      4131           0.377     6.648    32.981   102.826   149.160   256.246   438.567   987.234
2026-05-29 04:04:24.496: [ERROR][Attempt 0/10][Retry in 124 ms] SdkError: Internal server error: exceptions::mutation_write_timeout_exception (Failed to accept proposal(7a9ecc5e-5b13-11f1-c7b2-3d6f79160547) for alternator_latte_hot_partition.latte_hot_partition: write timeout due to uncertainty. Replica errors: )
2026-05-29 04:04:25.049: [ERROR][Attempt 0/10][Retry in 52 ms] SdkError: Internal server error: exceptions::mutation_write_timeout_exception (Failed to accept proposal(7af2fb12-5b13-11f1-ef5f-13d7d7a7a58c) for alternator_latte_hot_partition.latte_hot_partition: write timeout due to uncertainty. Replica errors: )
2026-05-29 04:04:24.648: [ERROR][Attempt 0/10][Retry in 112 ms] SdkError: Internal server error: exceptions::mutation_write_timeout_exception (Failed to accept proposal(7ab5c206-5b13-11f1-63ab-5b0c33b23ba5) for alternator_latte_hot_partition.latte_hot_partition: write timeout due to uncertainty. Replica errors: )
2026-05-29 04:04:24.279: [ERROR][Attempt 0/10][Retry in 84 ms] SdkError: Internal server error: exceptions::mutation_write_timeout_exception (Failed to accept proposal(7a7dca5e-5b13-11f1-e708-1748b735d9b4) for alternator_latte_hot_partition.latte_hot_partition: write timeout due to uncertainty. Replica errors: )
2026-05-29 04:04:24.381: [ERROR][Attempt 0/10][Retry in 98 ms] SdkError: Internal server error: exceptions::mutation_write_timeout_exception (Failed to accept proposal(7a8d61c6-5b13-11f1-ffc1-ebf6f770d5df) for alternator_latte_hot_partition.latte_hot_partition: write timeout due to uncertainty. Replica errors: )
...number of dropped error messages per sampling period: 104
 112.001      3664         0      3664           0.364     7.655    39.453   111.280   165.151   269.746   443.548   590.873
2026-05-29 04:04:25.681: [ERROR][Attempt 0/10][Retry in 148 ms] SdkError: Internal server error: exceptions::mutation_write_timeout_exception (Failed to accept proposal(7b52542c-5b13-11f1-3778-7ab603e29ae4) for alternator_latte_hot_partition.latte_hot_partition: write timeout due to uncertainty. Replica errors: )
2026-05-29 04:04:25.363: [ERROR][Attempt 1/10][Retry in 249 ms] SdkError: Internal server error: exceptions::mutation_write_timeout_exception (Failed to accept proposal(7b22c7b6-5b13-11f1-4534-d12022f894c5) for alternator_latte_hot_partition.latte_hot_partition: write timeout due to uncertainty. Replica errors: )
2026-05-29 04:04:26.249: [ERROR][Attempt 0/10][Retry in 138 ms] SdkError: Internal server error: exceptions::mutation_write_timeout_exception (Failed to accept proposal(7baa3728-5b13-11f1-87a4-519af68b12c1) for alternator_latte_hot_partition.latte_hot_partition: write timeout due to uncertainty. Replica errors: )
2026-05-29 04:04:25.594: [ERROR][Attempt 0/10][Retry in 124 ms] SdkError: Internal server error: exceptions::mutation_write_timeout_exception (Failed to accept proposal(7b459520-5b13-11f1-e584-1c5265243d01) for alternator_latte_hot_partition.latte_hot_partition: write timeout due to uncertainty. Replica errors: )
2026-05-29 04:04:25.373: [ERROR][Attempt 0/10][Retry in 72 ms] SdkError: Internal server error: exceptions::mutation_write_timeout_exception (Failed to accept proposal(7b23f4ec-5b13-11f1-90c0-8e3662f3191d) for alternator_latte_hot_partition.latte_hot_partition: write timeout due to uncertainty. Replica errors: )
...number of dropped error messages per sampling period: 84
 113.001      3853         0      3853           0.388     7.057    38.207   108.921   155.451   252.314   399.507   422.052
2026-05-29 04:04:26.871: [ERROR][Attempt 0/10][Retry in 97 ms] SdkError: Internal server error: exceptions::mutation_write_timeout_exception (Failed to accept proposal(7c08e9d0-5b13-11f1-fbd6-f24979ce8d13) for alternator_latte_hot_partition.latte_hot_partition: write timeout due to uncertainty. Replica errors: )
2026-05-29 04:04:26.282: [ERROR][Attempt 0/10][Retry in 144 ms] SdkError: Internal server error: exceptions::mutation_write_timeout_exception (Failed to accept proposal(7baf3f5c-5b13-11f1-a9ec-3171651837ab) for alternator_latte_hot_partition.latte_hot_partition: write timeout due to uncertainty. Replica errors: )
2026-05-29 04:04:26.962: [ERROR][Attempt 0/10][Retry in 97 ms] SdkError: Internal server error: exceptions::mutation_write_timeout_exception (Failed to accept proposal(7c16bbaa-5b13-11f1-2ca7-a8779cafca89) for alternator_latte_hot_partition.latte_hot_partition: write timeout due to uncertainty. Replica errors: )
2026-05-29 04:04:26.545: [ERROR][Attempt 0/10][Retry in 140 ms] SdkError: Internal server error: exceptions::mutation_write_timeout_exception (Failed to accept proposal(7bd717fc-5b13-11f1-8d44-cf19e16d7771) for alternator_latte_hot_partition.latte_hot_partition: write timeout due to uncertainty. Replica errors: )
2026-05-29 04:04:26.543: [ERROR][Attempt 0/10][Retry in 101 ms] SdkError: Internal server error: exceptions::mutation_write_timeout_exception (Failed to accept proposal(7bd74236-5b13-11f1-c6ab-29c1a3bc6d5f) for alternator_latte_hot_partition.latte_hot_partition: write timeout due to uncertainty. Replica errors: )
...number of dropped error messages per sampling period: 108
 114.002      3756         0      3756           0.360     7.332    39.715   107.414   158.335   242.090   409.469   485.229
2026-05-29 04:04:27.890: [ERROR][Attempt 0/10][Retry in 148 ms] SdkError: Internal server error: exceptions::mutation_write_timeout_exception (Failed to accept proposal(7ca3f394-5b13-11f1-0f76-7f5aee745d4b) for alternator_latte_hot_partition.latte_hot_partition: write timeout due to uncertainty. Replica errors: )
2026-05-29 04:04:27.276: [ERROR][Attempt 0/10][Retry in 105 ms] SdkError: Internal server error: exceptions::mutation_write_timeout_exception (Failed to accept proposal(7c46d68c-5b13-11f1-1da0-9f54709a13b1) for alternator_latte_hot_partition.latte_hot_partition: write timeout due to uncertainty. Replica errors: )
2026-05-29 04:04:27.775: [ERROR][Attempt 0/10][Retry in 109 ms] SdkError: Internal server error: exceptions::mutation_write_timeout_exception (Failed to accept proposal(7c92cb28-5b13-11f1-a350-e940b24bd88b) for alternator_latte_hot_partition.latte_hot_partition: write timeout due to uncertainty. Replica errors: )
2026-05-29 04:04:27.523: [ERROR][Attempt 0/10][Retry in 63 ms] SdkError: Internal server error: exceptions::mutation_write_timeout_exception (Failed to accept proposal(7c6cba5a-5b13-11f1-b96c-0e25dc4082e1) for alternator_latte_hot_partition.latte_hot_partition: write timeout due to uncertainty. Replica errors: )
2026-05-29 04:04:27.450: [ERROR][Attempt 0/10][Retry in 132 ms] SdkError: Internal server error: exceptions::mutation_write_timeout_exception (Failed to accept proposal(7c613482-5b13-11f1-349e-591b1459faec) for alternator_latte_hot_partition.latte_hot_partition: write timeout due to uncertainty. Replica errors: )
...number of dropped error messages per sampling period: 99
 115.001      3879         0      3879           0.375     6.771    30.704   104.727   161.219   299.368   502.268   924.320
2026-05-29 04:04:28.358: [ERROR][Attempt 0/10][Retry in 128 ms] SdkError: Internal server error: exceptions::mutation_write_timeout_exception (Failed to accept proposal(7cec10d4-5b13-11f1-a2c4-e3f2095c3eef) for alternator_latte_hot_partition.latte_hot_partition: write timeout due to uncertainty. Replica errors: )
2026-05-29 04:04:28.566: [ERROR][Attempt 0/10][Retry in 78 ms] SdkError: Internal server error: exceptions::mutation_write_timeout_exception (Failed to accept proposal(7d0bcd16-5b13-11f1-fb28-13c47e0f9d08) for alternator_latte_hot_partition.latte_hot_partition: write timeout due to uncertainty. Replica errors: )
2026-05-29 04:04:28.260: [ERROR][Attempt 0/10][Retry in 133 ms] SdkError: Internal server error: exceptions::mutation_write_timeout_exception (Failed to accept proposal(7cdc0e28-5b13-11f1-7f5f-90218d0caaad) for alternator_latte_hot_partition.latte_hot_partition: write timeout due to uncertainty. Replica errors: )
2026-05-29 04:04:28.414: [ERROR][Attempt 0/10][Retry in 72 ms] SdkError: Internal server error: exceptions::mutation_write_timeout_exception (Failed to accept proposal(7cf4a118-5b13-11f1-af25-d33b07bf0c43) for alternator_latte_hot_partition.latte_hot_partition: write timeout due to uncertainty. Replica errors: )
2026-05-29 04:04:28.548: [ERROR][Attempt 0/10][Retry in 104 ms] SdkError: Internal server error: exceptions::mutation_write_timeout_exception (Failed to accept proposal(7d089f38-5b13-11f1-06bf-7cf3e9b5b17e) for alternator_latte_hot_partition.latte_hot_partition: write timeout due to uncertainty. Replica errors: )
...number of dropped error messages per sampling period: 103
 116.001      3958         0      3958           0.373     6.898    37.323   108.593   154.272   245.367   388.235   510.919
2026-05-29 04:04:29.437: [ERROR][Attempt 0/10][Retry in 95 ms] SdkError: Internal server error: exceptions::mutation_write_timeout_exception (Failed to accept proposal(7d9099ce-5b13-11f1-9a68-0f6d4a5dd3b1) for alternator_latte_hot_partition.latte_hot_partition: write timeout due to uncertainty. Replica errors: )
2026-05-29 04:04:29.567: [ERROR][Attempt 0/10][Retry in 129 ms] SdkError: Internal server error: exceptions::mutation_write_timeout_exception (Failed to accept proposal(7da4b378-5b13-11f1-e063-130c35ae24c2) for alternator_latte_hot_partition.latte_hot_partition: write timeout due to uncertainty. Replica errors: )
2026-05-29 04:04:29.782: [ERROR][Attempt 0/10][Retry in 60 ms] SdkError: Internal server error: exceptions::mutation_write_timeout_exception (Failed to accept proposal(7dc54200-5b13-11f1-a94b-91f0d786904e) for alternator_latte_hot_partition.latte_hot_partition: write timeout due to uncertainty. Replica errors: )
2026-05-29 04:04:29.557: [ERROR][Attempt 0/10][Retry in 60 ms] SdkError: Internal server error: exceptions::mutation_write_timeout_exception (Failed to accept proposal(7da32ddc-5b13-11f1-4a7d-8d978eaca677) for alternator_latte_hot_partition.latte_hot_partition: write timeout due to uncertainty. Replica errors: )
2026-05-29 04:04:29.832: [ERROR][Attempt 0/10][Retry in 136 ms] SdkError: Internal server error: exceptions::mutation_write_timeout_exception (Failed to accept proposal(7dccb3b4-5b13-11f1-2bb7-e586f8544a1c) for alternator_latte_hot_partition.latte_hot_partition: write timeout due to uncertainty. Replica errors: )
...number of dropped error messages per sampling period: 85
 117.002      3839         0      3839           0.347     6.349    26.313   102.826   158.335   290.980   542.114   752.353
2026-05-29 04:04:30.255: [ERROR][Attempt 0/10][Retry in 73 ms] SdkError: Internal server error: exceptions::mutation_write_timeout_exception (Failed to accept proposal(7e0dba12-5b13-11f1-f4f0-308c41ad8766) for alternator_latte_hot_partition.latte_hot_partition: write timeout due to uncertainty. Replica errors: )
2026-05-29 04:04:30.838: [ERROR][Attempt 0/10][Retry in 102 ms] SdkError: Internal server error: exceptions::mutation_write_timeout_exception (Failed to accept proposal(7e65bf3c-5b13-11f1-15a8-4cfa45adc00b) for alternator_latte_hot_partition.latte_hot_partition: write timeout due to uncertainty. Replica errors: )
2026-05-29 04:04:30.446: [ERROR][Attempt 0/10][Retry in 57 ms] SdkError: Internal server error: exceptions::mutation_write_timeout_exception (Failed to accept proposal(7e2a9204-5b13-11f1-429b-bc6398d699ee) for alternator_latte_hot_partition.latte_hot_partition: write timeout due to uncertainty. Replica errors: )
2026-05-29 04:04:30.569: [ERROR][Attempt 1/10][Retry in 150 ms] SdkError: Internal server error: exceptions::mutation_write_timeout_exception (Failed to accept proposal(7e3d1320-5b13-11f1-bd6f-635eb68131d2) for alternator_latte_hot_partition.latte_hot_partition: write timeout due to uncertainty. Replica errors: )
2026-05-29 04:04:30.536: [ERROR][Attempt 0/10][Retry in 54 ms] SdkError: Internal server error: exceptions::mutation_write_timeout_exception (Failed to accept proposal(7e37ee72-5b13-11f1-5f39-c6cc1f4c5185) for alternator_latte_hot_partition.latte_hot_partition: write timeout due to uncertainty. Replica errors: )
...number of dropped error messages per sampling period: 93
 118.001      3730         0      3730           0.342     7.156    37.192   108.528   160.039   349.438   610.271  1104.151
2026-05-29 04:04:31.706: [ERROR][Attempt 0/10][Retry in 66 ms] SdkError: Internal server error: exceptions::mutation_write_timeout_exception (Failed to accept proposal(7eead730-5b13-11f1-ae14-1cbaaff7fb63) for alternator_latte_hot_partition.latte_hot_partition: write timeout due to uncertainty. Replica errors: )
2026-05-29 04:04:31.358: [ERROR][Attempt 0/10][Retry in 149 ms] SdkError: Internal server error: exceptions::mutation_write_timeout_exception (Failed to accept proposal(7eb5c950-5b13-11f1-0b2e-f43708c48efe) for alternator_latte_hot_partition.latte_hot_partition: write timeout due to uncertainty. Replica errors: )
2026-05-29 04:04:31.397: [ERROR][Attempt 0/10][Retry in 70 ms] SdkError: Internal server error: exceptions::mutation_write_timeout_exception (Failed to accept proposal(7ebbe7f4-5b13-11f1-3104-9cac229b2078) for alternator_latte_hot_partition.latte_hot_partition: write timeout due to uncertainty. Replica errors: )
2026-05-29 04:04:31.676: [ERROR][Attempt 0/10][Retry in 144 ms] SdkError: Internal server error: exceptions::mutation_write_timeout_exception (Failed to accept proposal(7ee65d4a-5b13-11f1-7db3-811cf965e844) for alternator_latte_hot_partition.latte_hot_partition: write timeout due to uncertainty. Replica errors: )
2026-05-29 04:04:31.250: [ERROR][Attempt 0/10][Retry in 95 ms] SdkError: Internal server error: exceptions::mutation_write_timeout_exception (Failed to accept proposal(7ea52e10-5b13-11f1-18fb-733f8c8816ca) for alternator_latte_hot_partition.latte_hot_partition: write timeout due to uncertainty. Replica errors: )
...number of dropped error messages per sampling period: 86
 119.001      3958         0      3958           0.385     6.509    28.410   104.071   160.301   289.145   460.849   522.191
2026-05-29 04:04:33.162: [ERROR][Attempt 0/10][Retry in 136 ms] SdkError: Internal server error: exceptions::mutation_write_timeout_exception (Failed to accept proposal(7fc8fa1a-5b13-11f1-a457-97956faa04b2) for alternator_latte_hot_partition.latte_hot_partition: write timeout due to uncertainty. Replica errors: )
2026-05-29 04:04:33.234: [ERROR][Attempt 0/10][Retry in 94 ms] SdkError: Internal server error: exceptions::mutation_write_timeout_exception (Failed to accept proposal(7fd3eb3c-5b13-11f1-9a95-0e94152d58f8) for alternator_latte_hot_partition.latte_hot_partition: write timeout due to uncertainty. Replica errors: )
2026-05-29 04:04:32.811: [ERROR][Attempt 0/10][Retry in 50 ms] SdkError: Internal server error: exceptions::mutation_write_timeout_exception (Failed to accept proposal(7f92fd5c-5b13-11f1-099f-f887817d458d) for alternator_latte_hot_partition.latte_hot_partition: write timeout due to uncertainty. Replica errors: )
2026-05-29 04:04:32.302: [ERROR][Attempt 0/10][Retry in 136 ms] SdkError: Internal server error: exceptions::mutation_write_timeout_exception (Failed to accept proposal(7f45b7a4-5b13-11f1-bcb3-3d8c1608864e) for alternator_latte_hot_partition.latte_hot_partition: write timeout due to uncertainty. Replica errors: )
2026-05-29 04:04:32.331: [ERROR][Attempt 0/10][Retry in 137 ms] SdkError: Internal server error: exceptions::mutation_write_timeout_exception (Failed to accept proposal(7f49ff80-5b13-11f1-45d9-edfd42391ae4) for alternator_latte_hot_partition.latte_hot_partition: write timeout due to uncertainty. Replica errors: )
...number of dropped error messages per sampling period: 68
 120.001      3743         0      3742           0.350     6.918    29.262   106.168   157.155   336.593   526.123   573.047
2026-05-29 04:04:33.260: [ERROR][Attempt 0/10][Retry in 120 ms] SdkError: Internal server error: exceptions::mutation_write_timeout_exception (Failed to accept proposal(7fd81838-5b13-11f1-3dda-dfcb72f17af7) for alternator_latte_hot_partition.latte_hot_partition: write timeout due to uncertainty. Replica errors: )

 120.086       120         0      1414           7.721    89.981   163.054   225.968   253.100   348.652   369.099   369.099

SUMMARY STATS ══════════════════════════════════════════════════════════════════════════════════════════════════════════════
    Elapsed time       [s]    120.138                                                                 
        CPU time       [s]    105.118                                                                 
 CPU utilisation       [%]        5.5                                                                 
          Cycles      [op]     459572                                                                 
          Errors      [op]          0                                                                 
              └─       [%]        0.0                                                                 
        Requests     [req]     459572                                                                 
              └─  [req/op]        1.0                                                                 
         Retries     [ret]      11425                                                                 
              └─ [ret/req]    0.02486                                                                 
            Rows     [row]     135700                                                                 
              └─ [row/req]        0.3                                                                 
     Concurrency     [req]        362 ± 340                                                           
              └─       [%]       4520                                                                 
      Throughput    [op/s]       3825 ± 53                                                            
              ├─   [req/s]       3825 ± 53                                                            
              └─   [row/s]       1130 ± 16                                                            
   Cycle latency      [ms]     33.430 ± 0.407                                                         
 Request latency      [ms]     29.635 ± 0.264                                                         

CYCLE LATENCY for get [ms]  ════════════════════════════════════════════════════════════════════════════════════════════════
          Min                   0.328 ± 0.016                                                         
           25                   0.901 ± 0.005                                                         
           50                   1.240 ± 0.008                                                         
           75                   1.821 ± 0.013                                                         
           90                   2.621 ± 0.027                                                         
           95                   3.314 ± 0.039                                                         
           98                   4.182 ± 0.054                                                         
           99                   4.866 ± 0.080                                                         
           99.9                 7.328 ± 0.299                                                         
           99.99                9.757 ± 0.939                                                         
          Max                  12.845 ± 1.716                                                         

CYCLE LATENCY for update [ms]  ═════════════════════════════════════════════════════════════════════════════════════════════
          Min                   2.049 ± 0.134                                                         
           25                   6.476 ± 0.028                                                         
           50                  12.141 ± 0.144                                                         
           75                  66.552 ± 0.875                                                         
           90                 132.383 ± 1.731                                                         
           95                 185.467 ± 1.953                                                         
           98                 259.260 ± 3.531                                                         
           99                 321.126 ± 5.467                                                         
           99.9               547.357 ± 25.704                                                        
           99.99              811.598 ± 78.187                                                        
          Max                1863.320 ± 881.292                                                       

info: Saved report to /output/latte_1.json
TIMEFORMAT 151.440 107.952 23.778
