info: Loading workload script /workload/hot_partition.rn...
info: Connecting to ["http://172.31.15.196:8000", "http://172.31.0.121:8000", "http://172.31.2.195:8000"]... 
info: Connected to '' cluster running ScyllaDB 2026.1.0~dev-0.20251003.20aeed160740 with build-id d177add4e6a23f71d527ca6e182d27a1f9ad74b4
info: Preparing...
info: Warming up...
info: Running benchmark...
CONFIG ═════════════════════════════════════════════════════════════════════════════════════════════════════════════════════
            Date            Fri, 29 May 2026                                                          
            Time            14:12:50 +0000                                                            
         Cluster                                                                                      
      Datacenter                                                                                      
            Rack                                                                                      
      DB version            ScyllaDB 2026.1.0~dev-0.20251003.20aeed160740 with build-id d177add4e6a23f71d527ca6e182d27a1f9ad74b4                                            
        Workload            hot_partition.rn                                                          
     Function(s)            get:0.3, update:0.7                                                       
Request compression            Off                                                                       
Header whitelist            default                                                                   
 Active interval            default                                                                   
   Idle interval            default                                                                   
Routing fallback            default                                                                   
Key route affinity            default                                                                   
Key route affinity tables            none                                                                      
            Tags                                                                                      
────────────────────────────────────────────────────────────────────────────────────────────────────────────────────────────
-P alternator.consistentReads            false                                                                     
-P cold_partitions            900000                                                                    
   -P fieldcount            10                                                                        
  -P fieldlength            512                                                                       
-P hot_items_per_partition            3125                                                                      
-P hot_partitions            32                                                                        
-P hot_traffic_ratio            0.99                                                                      
-P requestdistribution            "uniform"                                                                 
    -P row_count            1000000                                                                   
        -P table            "latte_hot_partition"                                                     
────────────────────────────────────────────────────────────────────────────────────────────────────────────────────────────
         Threads                   16                                                                 
     Concurrency     [req]         16                                                                 
        Max rate    [op/s]       3500                                                                 
          Warmup       [s]         30                                                                 
              └─      [op]                                                                            
        Run time       [s]      120.0                                                                 
              └─      [op]                                                                            
        Sampling       [s]        1.0                                                                 
              └─      [op]                                                                            
 Request timeout       [s]          5                                                                 
         Retries                                                                                      
  ┌──────┴number                   10                                                                 
  ├─min interval      [ms]        100                                                                 
  └─max interval      [ms]       5000                                                                 

LOG ════════════════════════════════════════════════════════════════════════════════════════════════════════════════════════
    Time    Cycles    Errors    Thrpt.     ────────────────────────────────── Latency [ms/op] ──────────────────────────────
     [s]      [op]      [op]    [op/s]             Min        50        75        90        95        99      99.9       Max
2026-05-29 14:13:21.181: [ERROR][Attempt 0/10][Retry in 67 ms] SdkError: Internal server error: exceptions::mutation_write_timeout_exception (Failed to accept proposal(8c2e8e50-5b68-11f1-a218-0b4634f11767) for alternator_latte_hot_partition.latte_hot_partition: write timeout due to uncertainty. Replica errors: )
2026-05-29 14:13:20.962: [ERROR][Attempt 0/10][Retry in 98 ms] SdkError: Internal server error: exceptions::mutation_write_timeout_exception (Failed to accept proposal(8c0d1cd4-5b68-11f1-a86b-a7e777a8b58b) for alternator_latte_hot_partition.latte_hot_partition: write timeout due to uncertainty. Replica errors: )
2026-05-29 14:13:21.164: [ERROR][Attempt 0/10][Retry in 129 ms] SdkError: Internal server error: exceptions::mutation_write_timeout_exception (Failed to accept proposal(8c2bce7c-5b68-11f1-b7a9-ea177bae4d29) for alternator_latte_hot_partition.latte_hot_partition: write timeout due to uncertainty. Replica errors: )
2026-05-29 14:13:21.298: [ERROR][Attempt 0/10][Retry in 87 ms] SdkError: Internal server error: exceptions::mutation_write_timeout_exception (Failed to accept proposal(8c4063be-5b68-11f1-c61d-67d9458f3684) for alternator_latte_hot_partition.latte_hot_partition: write timeout due to uncertainty. Replica errors: )
2026-05-29 14:13:21.699: [ERROR][Attempt 0/10][Retry in 98 ms] SdkError: Internal server error: exceptions::mutation_write_timeout_exception (Failed to accept proposal(8c7d4504-5b68-11f1-5704-a58635d9e544) for alternator_latte_hot_partition.latte_hot_partition: write timeout due to uncertainty. Replica errors: )
...number of dropped error messages per sampling period: 53
   1.001      3430         0      3426           0.455     5.804     9.077    50.364    88.343   159.252   293.077   419.430
2026-05-29 14:13:22.611: [ERROR][Attempt 0/10][Retry in 51 ms] SdkError: Internal server error: exceptions::mutation_write_timeout_exception (Failed to accept proposal(8d088c4a-5b68-11f1-160c-289f55b7b02a) for alternator_latte_hot_partition.latte_hot_partition: write timeout due to uncertainty. Replica errors: )
2026-05-29 14:13:22.007: [ERROR][Attempt 0/10][Retry in 75 ms] SdkError: Internal server error: exceptions::mutation_write_timeout_exception (Failed to accept proposal(8cac5ede-5b68-11f1-61ee-72df19798587) for alternator_latte_hot_partition.latte_hot_partition: write timeout due to uncertainty. Replica errors: )
2026-05-29 14:13:22.369: [ERROR][Attempt 0/10][Retry in 70 ms] SdkError: Internal server error: exceptions::mutation_write_timeout_exception (Failed to accept proposal(8ce3baaa-5b68-11f1-6b65-8e74bb8b5144) for alternator_latte_hot_partition.latte_hot_partition: write timeout due to uncertainty. Replica errors: )
2026-05-29 14:13:22.949: [ERROR][Attempt 0/10][Retry in 77 ms] SdkError: Internal server error: exceptions::mutation_write_timeout_exception (Failed to accept proposal(8d3be28e-5b68-11f1-8525-178520128fca) for alternator_latte_hot_partition.latte_hot_partition: write timeout due to uncertainty. Replica errors: )
2026-05-29 14:13:22.072: [ERROR][Attempt 0/10][Retry in 60 ms] SdkError: Internal server error: exceptions::mutation_write_timeout_exception (Failed to accept proposal(8cb662c6-5b68-11f1-b472-929533b9fc25) for alternator_latte_hot_partition.latte_hot_partition: write timeout due to uncertainty. Replica errors: )
...number of dropped error messages per sampling period: 58
   2.002      3445         0      3446           0.546     7.483    19.038    82.838   119.407   227.541   368.837   434.110
2026-05-29 14:13:23.630: [ERROR][Attempt 0/10][Retry in 123 ms] SdkError: Internal server error: exceptions::mutation_write_timeout_exception (Failed to accept proposal(8da3e834-5b68-11f1-903c-a0d687b26095) for alternator_latte_hot_partition.latte_hot_partition: write timeout due to uncertainty. Replica errors: )
2026-05-29 14:13:23.555: [ERROR][Attempt 0/10][Retry in 107 ms] SdkError: Internal server error: exceptions::mutation_write_timeout_exception (Failed to accept proposal(8d9892a4-5b68-11f1-c092-bf1296e4d63e) for alternator_latte_hot_partition.latte_hot_partition: write timeout due to uncertainty. Replica errors: )
2026-05-29 14:13:23.705: [ERROR][Attempt 0/10][Retry in 102 ms] SdkError: Internal server error: exceptions::mutation_write_timeout_exception (Failed to accept proposal(8daf8f22-5b68-11f1-aee2-e75c9bc530b4) for alternator_latte_hot_partition.latte_hot_partition: write timeout due to uncertainty. Replica errors: )
2026-05-29 14:13:23.371: [ERROR][Attempt 0/10][Retry in 60 ms] SdkError: Internal server error: exceptions::mutation_write_timeout_exception (Failed to accept proposal(8d7c94e6-5b68-11f1-49c1-b2bdf82b9e85) for alternator_latte_hot_partition.latte_hot_partition: write timeout due to uncertainty. Replica errors: )
2026-05-29 14:13:23.465: [ERROR][Attempt 0/10][Retry in 95 ms] SdkError: Internal server error: exceptions::mutation_write_timeout_exception (Failed to accept proposal(8d8aaec8-5b68-11f1-039f-217d7f7e42ad) for alternator_latte_hot_partition.latte_hot_partition: write timeout due to uncertainty. Replica errors: )
...number of dropped error messages per sampling period: 65
   3.001      3573         0      3573           0.481     5.456     9.585    71.631   111.280   198.312   374.342   455.868
2026-05-29 14:13:24.795: [ERROR][Attempt 0/10][Retry in 57 ms] SdkError: Internal server error: exceptions::mutation_write_timeout_exception (Failed to accept proposal(8e55cedc-5b68-11f1-7fe5-6f7aa8932bbb) for alternator_latte_hot_partition.latte_hot_partition: write timeout due to uncertainty. Replica errors: )
2026-05-29 14:13:24.241: [ERROR][Attempt 0/10][Retry in 107 ms] SdkError: Internal server error: exceptions::mutation_write_timeout_exception (Failed to accept proposal(8e00fa60-5b68-11f1-4fc8-2ef8ef5e7876) for alternator_latte_hot_partition.latte_hot_partition: write timeout due to uncertainty. Replica errors: )
2026-05-29 14:13:24.820: [ERROR][Attempt 0/10][Retry in 100 ms] SdkError: Internal server error: exceptions::mutation_write_timeout_exception (Failed to accept proposal(8e59661e-5b68-11f1-89ec-65e8c9702ffe) for alternator_latte_hot_partition.latte_hot_partition: write timeout due to uncertainty. Replica errors: )
2026-05-29 14:13:24.423: [ERROR][Attempt 0/10][Retry in 63 ms] SdkError: Internal server error: exceptions::mutation_write_timeout_exception (Failed to accept proposal(8e1d3266-5b68-11f1-f4ac-fe7a78537118) for alternator_latte_hot_partition.latte_hot_partition: write timeout due to uncertainty. Replica errors: )
2026-05-29 14:13:24.862: [ERROR][Attempt 0/10][Retry in 94 ms] SdkError: Internal server error: exceptions::mutation_write_timeout_exception (Failed to accept proposal(8e601892-5b68-11f1-08f1-317869c63f0d) for alternator_latte_hot_partition.latte_hot_partition: write timeout due to uncertainty. Replica errors: )
...number of dropped error messages per sampling period: 55
   4.002      3415         0      3414           0.445     7.049    16.540    78.971   107.872   188.875   309.854   418.382
2026-05-29 14:13:25.352: [ERROR][Attempt 0/10][Retry in 149 ms] SdkError: Internal server error: exceptions::mutation_write_timeout_exception (Failed to accept proposal(8eaabcda-5b68-11f1-4435-decce62a8da0) for alternator_latte_hot_partition.latte_hot_partition: write timeout due to uncertainty. Replica errors: )
2026-05-29 14:13:24.998: [ERROR][Attempt 0/10][Retry in 124 ms] SdkError: Internal server error: exceptions::mutation_write_timeout_exception (Failed to accept proposal(8e74d2c8-5b68-11f1-3811-8f76e0cc66f8) for alternator_latte_hot_partition.latte_hot_partition: write timeout due to uncertainty. Replica errors: )
2026-05-29 14:13:25.060: [ERROR][Attempt 0/10][Retry in 54 ms] SdkError: Internal server error: exceptions::mutation_write_timeout_exception (Failed to accept proposal(8e7e6536-5b68-11f1-21c6-e9d3de984d12) for alternator_latte_hot_partition.latte_hot_partition: write timeout due to uncertainty. Replica errors: )
2026-05-29 14:13:25.123: [ERROR][Attempt 0/10][Retry in 94 ms] SdkError: Internal server error: exceptions::mutation_write_timeout_exception (Failed to accept proposal(8e879494-5b68-11f1-c471-55a03b2e7e54) for alternator_latte_hot_partition.latte_hot_partition: write timeout due to uncertainty. Replica errors: )
2026-05-29 14:13:25.608: [ERROR][Attempt 0/10][Retry in 78 ms] SdkError: Internal server error: exceptions::mutation_write_timeout_exception (Failed to accept proposal(8ed1d50e-5b68-11f1-69c9-8df88d4b56c3) for alternator_latte_hot_partition.latte_hot_partition: write timeout due to uncertainty. Replica errors: )
...number of dropped error messages per sampling period: 73
   5.001      3565         0      3566           0.422     6.623    17.564    97.714   146.014   243.270   396.100   572.522
2026-05-29 14:13:26.754: [ERROR][Attempt 0/10][Retry in 102 ms] SdkError: Internal server error: exceptions::mutation_write_timeout_exception (Failed to accept proposal(8f80a2b4-5b68-11f1-6b65-b25f4f2c99bc) for alternator_latte_hot_partition.latte_hot_partition: write timeout due to uncertainty. Replica errors: )
2026-05-29 14:13:26.144: [ERROR][Attempt 0/10][Retry in 134 ms] SdkError: Internal server error: exceptions::mutation_write_timeout_exception (Failed to accept proposal(8f23c620-5b68-11f1-6d74-7c088a8820f4) for alternator_latte_hot_partition.latte_hot_partition: write timeout due to uncertainty. Replica errors: )
2026-05-29 14:13:26.864: [ERROR][Attempt 0/10][Retry in 111 ms] SdkError: Internal server error: exceptions::mutation_write_timeout_exception (Failed to accept proposal(8f9196f0-5b68-11f1-24dd-1be4e54d4077) for alternator_latte_hot_partition.latte_hot_partition: write timeout due to uncertainty. Replica errors: )
2026-05-29 14:13:26.183: [ERROR][Attempt 0/10][Retry in 52 ms] SdkError: Internal server error: exceptions::mutation_write_timeout_exception (Failed to accept proposal(8f29cb56-5b68-11f1-5b79-fce89c129772) for alternator_latte_hot_partition.latte_hot_partition: write timeout due to uncertainty. Replica errors: )
2026-05-29 14:13:26.762: [ERROR][Attempt 0/10][Retry in 66 ms] SdkError: Internal server error: exceptions::mutation_write_timeout_exception (Failed to accept proposal(8f81be92-5b68-11f1-0e85-8a6b0c4fe959) for alternator_latte_hot_partition.latte_hot_partition: write timeout due to uncertainty. Replica errors: )
...number of dropped error messages per sampling period: 48
   6.001      3508         0      3508           0.472     5.792     9.781    48.136    87.163   158.204   259.129   351.011
2026-05-29 14:13:27.219: [ERROR][Attempt 0/10][Retry in 105 ms] SdkError: Internal server error: exceptions::mutation_write_timeout_exception (Failed to accept proposal(8fc74246-5b68-11f1-4c25-61716c130a22) for alternator_latte_hot_partition.latte_hot_partition: write timeout due to uncertainty. Replica errors: )
2026-05-29 14:13:27.593: [ERROR][Attempt 0/10][Retry in 71 ms] SdkError: Internal server error: exceptions::mutation_write_timeout_exception (Failed to accept proposal(90002282-5b68-11f1-1a65-9e888eed5532) for alternator_latte_hot_partition.latte_hot_partition: write timeout due to uncertainty. Replica errors: )
2026-05-29 14:13:27.423: [ERROR][Attempt 0/10][Retry in 84 ms] SdkError: Internal server error: exceptions::mutation_write_timeout_exception (Failed to accept proposal(8fe6c94a-5b68-11f1-4638-d98e51470d49) for alternator_latte_hot_partition.latte_hot_partition: write timeout due to uncertainty. Replica errors: )
2026-05-29 14:13:27.015: [ERROR][Attempt 0/10][Retry in 132 ms] SdkError: Internal server error: exceptions::mutation_write_timeout_exception (Failed to accept proposal(8fa8a656-5b68-11f1-c454-18f82d274e7a) for alternator_latte_hot_partition.latte_hot_partition: write timeout due to uncertainty. Replica errors: )
2026-05-29 14:13:27.180: [ERROR][Attempt 0/10][Retry in 128 ms] SdkError: Internal server error: exceptions::mutation_write_timeout_exception (Failed to accept proposal(8fc1f85e-5b68-11f1-f3d6-a4e5fd8a02d6) for alternator_latte_hot_partition.latte_hot_partition: write timeout due to uncertainty. Replica errors: )
...number of dropped error messages per sampling period: 68
   7.001      3475         0      3475           0.550     7.262    17.547    85.590   120.390   234.488   381.944   884.998
2026-05-29 14:13:28.609: [ERROR][Attempt 0/10][Retry in 109 ms] SdkError: Internal server error: exceptions::mutation_write_timeout_exception (Failed to accept proposal(909beda2-5b68-11f1-03b2-60fc8e805570) for alternator_latte_hot_partition.latte_hot_partition: write timeout due to uncertainty. Replica errors: )
2026-05-29 14:13:28.646: [ERROR][Attempt 0/10][Retry in 93 ms] SdkError: Internal server error: exceptions::mutation_write_timeout_exception (Failed to accept proposal(90a1916c-5b68-11f1-67c3-168b38bc9e5a) for alternator_latte_hot_partition.latte_hot_partition: write timeout due to uncertainty. Replica errors: )
2026-05-29 14:13:28.131: [ERROR][Attempt 0/10][Retry in 114 ms] SdkError: Internal server error: exceptions::mutation_write_timeout_exception (Failed to accept proposal(90530d44-5b68-11f1-fa44-660bc7f1032e) for alternator_latte_hot_partition.latte_hot_partition: write timeout due to uncertainty. Replica errors: )
2026-05-29 14:13:28.185: [ERROR][Attempt 0/10][Retry in 112 ms] SdkError: Internal server error: exceptions::mutation_write_timeout_exception (Failed to accept proposal(905b2ccc-5b68-11f1-8679-a8e484b90e8f) for alternator_latte_hot_partition.latte_hot_partition: write timeout due to uncertainty. Replica errors: )
2026-05-29 14:13:28.069: [ERROR][Attempt 0/10][Retry in 119 ms] SdkError: Internal server error: exceptions::mutation_write_timeout_exception (Failed to accept proposal(9049674e-5b68-11f1-6104-f5fe9b3ed40a) for alternator_latte_hot_partition.latte_hot_partition: write timeout due to uncertainty. Replica errors: )
...number of dropped error messages per sampling period: 57
   8.001      3515         0      3515           0.511     5.423     8.978    63.275    95.945   189.923   287.834   534.512
2026-05-29 14:13:29.229: [ERROR][Attempt 0/10][Retry in 142 ms] SdkError: Internal server error: exceptions::mutation_write_timeout_exception (Failed to accept proposal(90fa7732-5b68-11f1-f94c-df5ddb9db5c8) for alternator_latte_hot_partition.latte_hot_partition: write timeout due to uncertainty. Replica errors: )
2026-05-29 14:13:29.749: [ERROR][Attempt 0/10][Retry in 136 ms] SdkError: Internal server error: exceptions::mutation_write_timeout_exception (Failed to accept proposal(9149d520-5b68-11f1-e8e8-b992082d3859) for alternator_latte_hot_partition.latte_hot_partition: write timeout due to uncertainty. Replica errors: )
2026-05-29 14:13:29.150: [ERROR][Attempt 0/10][Retry in 76 ms] SdkError: Internal server error: exceptions::mutation_write_timeout_exception (Failed to accept proposal(90ee87ce-5b68-11f1-1f8d-a402799ee3e5) for alternator_latte_hot_partition.latte_hot_partition: write timeout due to uncertainty. Replica errors: )
2026-05-29 14:13:28.965: [ERROR][Attempt 0/10][Retry in 75 ms] SdkError: Internal server error: exceptions::mutation_write_timeout_exception (Failed to accept proposal(90d25428-5b68-11f1-891e-c23eeba4d401) for alternator_latte_hot_partition.latte_hot_partition: write timeout due to uncertainty. Replica errors: )
2026-05-29 14:13:29.086: [ERROR][Attempt 0/10][Retry in 104 ms] SdkError: Internal server error: exceptions::mutation_write_timeout_exception (Failed to accept proposal(90e4b906-5b68-11f1-ccda-372841059683) for alternator_latte_hot_partition.latte_hot_partition: write timeout due to uncertainty. Replica errors: )
...number of dropped error messages per sampling period: 78
   9.001      3458         0      3458           0.604     7.606    18.530    86.376   127.205   251.789   471.073   503.841
2026-05-29 14:13:30.560: [ERROR][Attempt 0/10][Retry in 91 ms] SdkError: Internal server error: exceptions::mutation_write_timeout_exception (Failed to accept proposal(91c56bae-5b68-11f1-61eb-acd0d1e36f6b) for alternator_latte_hot_partition.latte_hot_partition: write timeout due to uncertainty. Replica errors: )
2026-05-29 14:13:30.407: [ERROR][Attempt 0/10][Retry in 93 ms] SdkError: Internal server error: exceptions::mutation_write_timeout_exception (Failed to accept proposal(91ad41fa-5b68-11f1-f09b-137528907837) for alternator_latte_hot_partition.latte_hot_partition: write timeout due to uncertainty. Replica errors: )
2026-05-29 14:13:30.378: [ERROR][Attempt 0/10][Retry in 96 ms] SdkError: Internal server error: exceptions::mutation_write_timeout_exception (Failed to accept proposal(91a9e71c-5b68-11f1-2499-04908e71eda7) for alternator_latte_hot_partition.latte_hot_partition: write timeout due to uncertainty. Replica errors: )
2026-05-29 14:13:30.272: [ERROR][Attempt 0/10][Retry in 127 ms] SdkError: Internal server error: exceptions::mutation_write_timeout_exception (Failed to accept proposal(91995ab4-5b68-11f1-0b77-febb15286aa5) for alternator_latte_hot_partition.latte_hot_partition: write timeout due to uncertainty. Replica errors: )
2026-05-29 14:13:30.217: [ERROR][Attempt 0/10][Retry in 115 ms] SdkError: Internal server error: exceptions::mutation_write_timeout_exception (Failed to accept proposal(91910f8a-5b68-11f1-2753-9b4c78c65c7e) for alternator_latte_hot_partition.latte_hot_partition: write timeout due to uncertainty. Replica errors: )
...number of dropped error messages per sampling period: 50
  10.002      3554         0      3553           0.406     6.205    12.288    82.182   124.060   236.978   484.966   516.948
2026-05-29 14:13:31.660: [ERROR][Attempt 0/10][Retry in 85 ms] SdkError: Internal server error: exceptions::mutation_write_timeout_exception (Failed to accept proposal(926cb382-5b68-11f1-bdd5-45abf79405d9) for alternator_latte_hot_partition.latte_hot_partition: write timeout due to uncertainty. Replica errors: )
2026-05-29 14:13:31.263: [ERROR][Attempt 0/10][Retry in 110 ms] SdkError: Internal server error: exceptions::mutation_write_timeout_exception (Failed to accept proposal(9230a964-5b68-11f1-76ff-cd46a4db4b4e) for alternator_latte_hot_partition.latte_hot_partition: write timeout due to uncertainty. Replica errors: )
2026-05-29 14:13:31.866: [ERROR][Attempt 0/10][Retry in 60 ms] SdkError: Internal server error: exceptions::mutation_write_timeout_exception (Failed to accept proposal(928c5a0c-5b68-11f1-a7ec-c396e210522d) for alternator_latte_hot_partition.latte_hot_partition: write timeout due to uncertainty. Replica errors: )
2026-05-29 14:13:31.838: [ERROR][Attempt 0/10][Retry in 96 ms] SdkError: Internal server error: exceptions::mutation_write_timeout_exception (Failed to accept proposal(92885eca-5b68-11f1-b2c2-29d6cff5085b) for alternator_latte_hot_partition.latte_hot_partition: write timeout due to uncertainty. Replica errors: )
2026-05-29 14:13:31.857: [ERROR][Attempt 0/10][Retry in 139 ms] SdkError: Internal server error: exceptions::mutation_write_timeout_exception (Failed to accept proposal(928b0792-5b68-11f1-1e4d-df06fd843526) for alternator_latte_hot_partition.latte_hot_partition: write timeout due to uncertainty. Replica errors: )
...number of dropped error messages per sampling period: 52
  11.002      3448         0      3449           0.516     6.038    10.486    58.163    92.078   168.296   342.622   358.875
2026-05-29 14:13:32.313: [ERROR][Attempt 0/10][Retry in 124 ms] SdkError: Internal server error: exceptions::mutation_write_timeout_exception (Failed to accept proposal(92d0b404-5b68-11f1-0166-f3ed790fedd2) for alternator_latte_hot_partition.latte_hot_partition: write timeout due to uncertainty. Replica errors: )
2026-05-29 14:13:32.477: [ERROR][Attempt 0/10][Retry in 92 ms] SdkError: Internal server error: exceptions::mutation_write_timeout_exception (Failed to accept proposal(92ea247a-5b68-11f1-9767-9b2eff022ec5) for alternator_latte_hot_partition.latte_hot_partition: write timeout due to uncertainty. Replica errors: )
2026-05-29 14:13:32.432: [ERROR][Attempt 0/10][Retry in 129 ms] SdkError: Internal server error: exceptions::mutation_write_timeout_exception (Failed to accept proposal(92e30e74-5b68-11f1-b2bb-815bea376eff) for alternator_latte_hot_partition.latte_hot_partition: write timeout due to uncertainty. Replica errors: )
2026-05-29 14:13:32.365: [ERROR][Attempt 0/10][Retry in 125 ms] SdkError: Internal server error: exceptions::mutation_write_timeout_exception (Failed to accept proposal(92d8fbdc-5b68-11f1-31c4-773c65f35ef7) for alternator_latte_hot_partition.latte_hot_partition: write timeout due to uncertainty. Replica errors: )
2026-05-29 14:13:32.475: [ERROR][Attempt 0/10][Retry in 83 ms] SdkError: Internal server error: exceptions::mutation_write_timeout_exception (Failed to accept proposal(92e9b1a2-5b68-11f1-6a60-c5ee0f483750) for alternator_latte_hot_partition.latte_hot_partition: write timeout due to uncertainty. Replica errors: )
...number of dropped error messages per sampling period: 70
  12.001      3512         0      3512           0.478     7.156    19.448    90.309   129.303   218.235   390.595   575.144
2026-05-29 14:13:33.428: [ERROR][Attempt 1/10][Retry in 179 ms] SdkError: Internal server error: exceptions::mutation_write_timeout_exception (Failed to accept proposal(937b5d28-5b68-11f1-8e55-8e68801d262d) for alternator_latte_hot_partition.latte_hot_partition: write timeout due to uncertainty. Replica errors: )
2026-05-29 14:13:33.315: [ERROR][Attempt 0/10][Retry in 95 ms] SdkError: Internal server error: exceptions::mutation_write_timeout_exception (Failed to accept proposal(936a0ffa-5b68-11f1-0073-8f0e9cd0ea3c) for alternator_latte_hot_partition.latte_hot_partition: write timeout due to uncertainty. Replica errors: )
2026-05-29 14:13:33.135: [ERROR][Attempt 0/10][Retry in 73 ms] SdkError: Internal server error: exceptions::mutation_write_timeout_exception (Failed to accept proposal(934e392e-5b68-11f1-1091-3773e1aace1c) for alternator_latte_hot_partition.latte_hot_partition: write timeout due to uncertainty. Replica errors: )
2026-05-29 14:13:33.333: [ERROR][Attempt 0/10][Retry in 54 ms] SdkError: Internal server error: exceptions::mutation_write_timeout_exception (Failed to accept proposal(936c9a4a-5b68-11f1-37bb-9efaa48ec1d5) for alternator_latte_hot_partition.latte_hot_partition: write timeout due to uncertainty. Replica errors: )
2026-05-29 14:13:32.998: [ERROR][Attempt 0/10][Retry in 64 ms] SdkError: Internal server error: exceptions::mutation_write_timeout_exception (Failed to accept proposal(9339d2fe-5b68-11f1-d3db-29004cb00ef8) for alternator_latte_hot_partition.latte_hot_partition: write timeout due to uncertainty. Replica errors: )
...number of dropped error messages per sampling period: 70
  13.002      3534         0      3534           0.443     5.530     9.085    55.935    93.979   158.728   276.824   391.905
2026-05-29 14:13:34.729: [ERROR][Attempt 0/10][Retry in 86 ms] SdkError: Internal server error: exceptions::mutation_write_timeout_exception (Failed to accept proposal(9440d4ae-5b68-11f1-e3f1-5d438df19d04) for alternator_latte_hot_partition.latte_hot_partition: write timeout due to uncertainty. Replica errors: )
2026-05-29 14:13:34.587: [ERROR][Attempt 0/10][Retry in 114 ms] SdkError: Internal server error: exceptions::mutation_write_timeout_exception (Failed to accept proposal(942bfd9a-5b68-11f1-31d4-b1ea99eb81db) for alternator_latte_hot_partition.latte_hot_partition: write timeout due to uncertainty. Replica errors: )
2026-05-29 14:13:34.778: [ERROR][Attempt 0/10][Retry in 131 ms] SdkError: Internal server error: exceptions::mutation_write_timeout_exception (Failed to accept proposal(94491920-5b68-11f1-1d4c-f849dd6f197b) for alternator_latte_hot_partition.latte_hot_partition: write timeout due to uncertainty. Replica errors: )
2026-05-29 14:13:34.292: [ERROR][Attempt 0/10][Retry in 94 ms] SdkError: Internal server error: exceptions::mutation_write_timeout_exception (Failed to accept proposal(93ff2a86-5b68-11f1-30b3-dd5ba7e69f36) for alternator_latte_hot_partition.latte_hot_partition: write timeout due to uncertainty. Replica errors: )
2026-05-29 14:13:34.865: [ERROR][Attempt 0/10][Retry in 126 ms] SdkError: Internal server error: exceptions::mutation_write_timeout_exception (Failed to accept proposal(9455dd22-5b68-11f1-f43c-7a2f5c411f5b) for alternator_latte_hot_partition.latte_hot_partition: write timeout due to uncertainty. Replica errors: )
...number of dropped error messages per sampling period: 72
  14.002      3463         0      3463           0.567     6.914    17.727    81.920   129.958   209.191   357.302   376.177
2026-05-29 14:13:35.833: [ERROR][Attempt 0/10][Retry in 64 ms] SdkError: Internal server error: exceptions::mutation_write_timeout_exception (Failed to accept proposal(94ea42b4-5b68-11f1-2185-e8fe96a2db25) for alternator_latte_hot_partition.latte_hot_partition: write timeout due to uncertainty. Replica errors: )
2026-05-29 14:13:35.626: [ERROR][Attempt 0/10][Retry in 105 ms] SdkError: Internal server error: exceptions::mutation_write_timeout_exception (Failed to accept proposal(94ca8794-5b68-11f1-3ded-96938ae3efdc) for alternator_latte_hot_partition.latte_hot_partition: write timeout due to uncertainty. Replica errors: )
2026-05-29 14:13:35.259: [ERROR][Attempt 0/10][Retry in 74 ms] SdkError: Internal server error: exceptions::mutation_write_timeout_exception (Failed to accept proposal(94924b2c-5b68-11f1-e023-427a96139231) for alternator_latte_hot_partition.latte_hot_partition: write timeout due to uncertainty. Replica errors: )
2026-05-29 14:13:35.215: [ERROR][Attempt 0/10][Retry in 77 ms] SdkError: Internal server error: exceptions::mutation_write_timeout_exception (Failed to accept proposal(948be76e-5b68-11f1-23eb-49f5f56c2401) for alternator_latte_hot_partition.latte_hot_partition: write timeout due to uncertainty. Replica errors: )
2026-05-29 14:13:35.555: [ERROR][Attempt 0/10][Retry in 62 ms] SdkError: Internal server error: exceptions::mutation_write_timeout_exception (Failed to accept proposal(94bfbbca-5b68-11f1-51a9-aeb0bc187642) for alternator_latte_hot_partition.latte_hot_partition: write timeout due to uncertainty. Replica errors: )
...number of dropped error messages per sampling period: 59
  15.001      3549         0      3549           0.497     6.337    14.115    77.005   112.984   253.231   509.346   650.117
2026-05-29 14:13:36.333: [ERROR][Attempt 0/10][Retry in 141 ms] SdkError: Internal server error: exceptions::mutation_write_timeout_exception (Failed to accept proposal(95362058-5b68-11f1-dffc-166912981b31) for alternator_latte_hot_partition.latte_hot_partition: write timeout due to uncertainty. Replica errors: )
2026-05-29 14:13:36.253: [ERROR][Attempt 0/10][Retry in 84 ms] SdkError: Internal server error: exceptions::mutation_write_timeout_exception (Failed to accept proposal(952a3388-5b68-11f1-07f7-d45b4f6bd2cb) for alternator_latte_hot_partition.latte_hot_partition: write timeout due to uncertainty. Replica errors: )
2026-05-29 14:13:36.060: [ERROR][Attempt 1/10][Retry in 188 ms] SdkError: Internal server error: exceptions::mutation_write_timeout_exception (Failed to accept proposal(950ce3fa-5b68-11f1-5228-00ed6fda934e) for alternator_latte_hot_partition.latte_hot_partition: write timeout due to uncertainty. Replica errors: )
2026-05-29 14:13:36.117: [ERROR][Attempt 0/10][Retry in 53 ms] SdkError: Internal server error: exceptions::mutation_write_timeout_exception (Failed to accept proposal(95156b88-5b68-11f1-b097-a0fad940af41) for alternator_latte_hot_partition.latte_hot_partition: write timeout due to uncertainty. Replica errors: )
2026-05-29 14:13:36.659: [ERROR][Attempt 0/10][Retry in 80 ms] SdkError: Internal server error: exceptions::mutation_write_timeout_exception (Failed to accept proposal(956822b0-5b68-11f1-3a67-029744ab1c09) for alternator_latte_hot_partition.latte_hot_partition: write timeout due to uncertainty. Replica errors: )
...number of dropped error messages per sampling period: 72
  16.001      3438         0      3437           0.482     6.078    11.592    65.896   100.139   170.918   306.184   428.343
2026-05-29 14:13:37.101: [ERROR][Attempt 0/10][Retry in 119 ms] SdkError: Internal server error: exceptions::mutation_write_timeout_exception (Failed to accept proposal(95aa9320-5b68-11f1-eb7d-067ba4b85894) for alternator_latte_hot_partition.latte_hot_partition: write timeout due to uncertainty. Replica errors: )
2026-05-29 14:13:37.331: [ERROR][Attempt 0/10][Retry in 70 ms] SdkError: Internal server error: exceptions::mutation_write_timeout_exception (Failed to accept proposal(95ceaa26-5b68-11f1-c7fc-98abd9800a21) for alternator_latte_hot_partition.latte_hot_partition: write timeout due to uncertainty. Replica errors: )
2026-05-29 14:13:37.836: [ERROR][Attempt 0/10][Retry in 139 ms] SdkError: Internal server error: exceptions::mutation_write_timeout_exception (Failed to accept proposal(961b99ee-5b68-11f1-bcef-d0b75f9bee6e) for alternator_latte_hot_partition.latte_hot_partition: write timeout due to uncertainty. Replica errors: )
2026-05-29 14:13:37.245: [ERROR][Attempt 0/10][Retry in 76 ms] SdkError: Internal server error: exceptions::mutation_write_timeout_exception (Failed to accept proposal(95c1a83a-5b68-11f1-c1fa-99c7d107f147) for alternator_latte_hot_partition.latte_hot_partition: write timeout due to uncertainty. Replica errors: )
2026-05-29 14:13:37.119: [ERROR][Attempt 0/10][Retry in 117 ms] SdkError: Internal server error: exceptions::mutation_write_timeout_exception (Failed to accept proposal(95ae21ac-5b68-11f1-ab15-8884cf9ceaa5) for alternator_latte_hot_partition.latte_hot_partition: write timeout due to uncertainty. Replica errors: )
...number of dropped error messages per sampling period: 67
  17.001      3538         0      3539           0.520     7.361    23.691    92.799   133.956   217.711   346.292   382.468
2026-05-29 14:13:38.052: [ERROR][Attempt 0/10][Retry in 141 ms] SdkError: Internal server error: exceptions::mutation_write_timeout_exception (Failed to accept proposal(963ce054-5b68-11f1-e769-6dd2d1663d95) for alternator_latte_hot_partition.latte_hot_partition: write timeout due to uncertainty. Replica errors: )
2026-05-29 14:13:38.297: [ERROR][Attempt 0/10][Retry in 92 ms] SdkError: Internal server error: exceptions::mutation_write_timeout_exception (Failed to accept proposal(9662083e-5b68-11f1-bcfc-c7f3c43d30ac) for alternator_latte_hot_partition.latte_hot_partition: write timeout due to uncertainty. Replica errors: )
2026-05-29 14:13:38.668: [ERROR][Attempt 0/10][Retry in 62 ms] SdkError: Internal server error: exceptions::mutation_write_timeout_exception (Failed to accept proposal(969a92c6-5b68-11f1-a75c-2dc48079519b) for alternator_latte_hot_partition.latte_hot_partition: write timeout due to uncertainty. Replica errors: )
2026-05-29 14:13:38.166: [ERROR][Attempt 0/10][Retry in 134 ms] SdkError: Internal server error: exceptions::mutation_write_timeout_exception (Failed to accept proposal(964e1a04-5b68-11f1-2152-0cfbc351ca62) for alternator_latte_hot_partition.latte_hot_partition: write timeout due to uncertainty. Replica errors: )
2026-05-29 14:13:38.555: [ERROR][Attempt 0/10][Retry in 95 ms] SdkError: Internal server error: exceptions::mutation_write_timeout_exception (Failed to accept proposal(9689507e-5b68-11f1-aaeb-2e0a50bb3a0d) for alternator_latte_hot_partition.latte_hot_partition: write timeout due to uncertainty. Replica errors: )
...number of dropped error messages per sampling period: 68
  18.001      3490         0      3490           0.484     6.042    10.617    64.881    97.714   158.204   260.440   391.905
2026-05-29 14:13:39.235: [ERROR][Attempt 0/10][Retry in 66 ms] SdkError: Internal server error: exceptions::mutation_write_timeout_exception (Failed to accept proposal(96f0b4e4-5b68-11f1-e358-4d98a6d7dd76) for alternator_latte_hot_partition.latte_hot_partition: write timeout due to uncertainty. Replica errors: )
2026-05-29 14:13:39.294: [ERROR][Attempt 0/10][Retry in 66 ms] SdkError: Internal server error: exceptions::mutation_write_timeout_exception (Failed to accept proposal(96fa2f92-5b68-11f1-dcc1-da15d7dd2890) for alternator_latte_hot_partition.latte_hot_partition: write timeout due to uncertainty. Replica errors: )
2026-05-29 14:13:39.119: [ERROR][Attempt 0/10][Retry in 107 ms] SdkError: Internal server error: exceptions::mutation_write_timeout_exception (Failed to accept proposal(96dfbbda-5b68-11f1-628f-d22b861291b0) for alternator_latte_hot_partition.latte_hot_partition: write timeout due to uncertainty. Replica errors: )
2026-05-29 14:13:39.224: [ERROR][Attempt 0/10][Retry in 135 ms] SdkError: Internal server error: exceptions::mutation_write_timeout_exception (Failed to accept proposal(96ef1382-5b68-11f1-0a77-343a6d714b46) for alternator_latte_hot_partition.latte_hot_partition: write timeout due to uncertainty. Replica errors: )
2026-05-29 14:13:39.046: [ERROR][Attempt 0/10][Retry in 110 ms] SdkError: Internal server error: exceptions::mutation_write_timeout_exception (Failed to accept proposal(96d47770-5b68-11f1-b349-1bf3227651f7) for alternator_latte_hot_partition.latte_hot_partition: write timeout due to uncertainty. Replica errors: )
...number of dropped error messages per sampling period: 84
  19.001      3487         0      3487           0.538     7.688    20.726    94.700   132.514   275.251   450.888   516.948
2026-05-29 14:13:40.749: [ERROR][Attempt 0/10][Retry in 148 ms] SdkError: Internal server error: exceptions::mutation_write_timeout_exception (Failed to accept proposal(97d8739c-5b68-11f1-13b4-fadf6d2596a8) for alternator_latte_hot_partition.latte_hot_partition: write timeout due to uncertainty. Replica errors: )
2026-05-29 14:13:40.433: [ERROR][Attempt 0/10][Retry in 62 ms] SdkError: Internal server error: exceptions::mutation_write_timeout_exception (Failed to accept proposal(97a7fbae-5b68-11f1-4730-e486cfa0566a) for alternator_latte_hot_partition.latte_hot_partition: write timeout due to uncertainty. Replica errors: )
2026-05-29 14:13:40.400: [ERROR][Attempt 0/10][Retry in 117 ms] SdkError: Internal server error: exceptions::mutation_write_timeout_exception (Failed to accept proposal(97a2f00a-5b68-11f1-a8bc-d5d1f182529d) for alternator_latte_hot_partition.latte_hot_partition: write timeout due to uncertainty. Replica errors: )
2026-05-29 14:13:40.414: [ERROR][Attempt 0/10][Retry in 128 ms] SdkError: Internal server error: exceptions::mutation_write_timeout_exception (Failed to accept proposal(97a4d4f6-5b68-11f1-0743-2b5ac683796b) for alternator_latte_hot_partition.latte_hot_partition: write timeout due to uncertainty. Replica errors: )
2026-05-29 14:13:40.770: [ERROR][Attempt 0/10][Retry in 80 ms] SdkError: Internal server error: exceptions::mutation_write_timeout_exception (Failed to accept proposal(97dbac10-5b68-11f1-a3ac-e814815f2f7e) for alternator_latte_hot_partition.latte_hot_partition: write timeout due to uncertainty. Replica errors: )
...number of dropped error messages per sampling period: 60
  20.002      3519         0      3518           0.514     5.870    10.093    63.046   103.940   174.850   311.689   448.528
2026-05-29 14:13:41.044: [ERROR][Attempt 0/10][Retry in 149 ms] SdkError: Internal server error: exceptions::mutation_write_timeout_exception (Failed to accept proposal(98056d20-5b68-11f1-153b-544a6b2ddfb0) for alternator_latte_hot_partition.latte_hot_partition: write timeout due to uncertainty. Replica errors: )
2026-05-29 14:13:41.526: [ERROR][Attempt 0/10][Retry in 57 ms] SdkError: Internal server error: exceptions::mutation_write_timeout_exception (Failed to accept proposal(984ebf84-5b68-11f1-be15-bd0cd07b3115) for alternator_latte_hot_partition.latte_hot_partition: write timeout due to uncertainty. Replica errors: )
2026-05-29 14:13:41.920: [ERROR][Attempt 0/10][Retry in 81 ms] SdkError: Internal server error: exceptions::mutation_write_timeout_exception (Failed to accept proposal(988af670-5b68-11f1-4790-11687f3baa25) for alternator_latte_hot_partition.latte_hot_partition: write timeout due to uncertainty. Replica errors: )
2026-05-29 14:13:41.002: [ERROR][Attempt 0/10][Retry in 136 ms] SdkError: Internal server error: exceptions::mutation_write_timeout_exception (Failed to accept proposal(97fef724-5b68-11f1-692d-57ad31bf638b) for alternator_latte_hot_partition.latte_hot_partition: write timeout due to uncertainty. Replica errors: )
2026-05-29 14:13:41.322: [ERROR][Attempt 0/10][Retry in 60 ms] SdkError: Internal server error: exceptions::mutation_write_timeout_exception (Failed to accept proposal(982fe5a0-5b68-11f1-ef65-56886c3f17a0) for alternator_latte_hot_partition.latte_hot_partition: write timeout due to uncertainty. Replica errors: )
...number of dropped error messages per sampling period: 84
  21.001      3477         0      3478           0.566     6.517    14.533    77.201   110.035   209.846   310.903   400.294
2026-05-29 14:13:42.399: [ERROR][Attempt 0/10][Retry in 117 ms] SdkError: Internal server error: exceptions::mutation_write_timeout_exception (Failed to accept proposal(98d3e3a8-5b68-11f1-83ad-9c635f9d4cae) for alternator_latte_hot_partition.latte_hot_partition: write timeout due to uncertainty. Replica errors: )
2026-05-29 14:13:42.397: [ERROR][Attempt 0/10][Retry in 102 ms] SdkError: Internal server error: exceptions::mutation_write_timeout_exception (Failed to accept proposal(98d37de6-5b68-11f1-4c26-99299de1ab02) for alternator_latte_hot_partition.latte_hot_partition: write timeout due to uncertainty. Replica errors: )
2026-05-29 14:13:42.109: [ERROR][Attempt 0/10][Retry in 139 ms] SdkError: Internal server error: exceptions::mutation_write_timeout_exception (Failed to accept proposal(98a7b468-5b68-11f1-4206-b7eb7def827e) for alternator_latte_hot_partition.latte_hot_partition: write timeout due to uncertainty. Replica errors: )
2026-05-29 14:13:42.194: [ERROR][Attempt 0/10][Retry in 90 ms] SdkError: Internal server error: exceptions::mutation_write_timeout_exception (Failed to accept proposal(98b46ffa-5b68-11f1-6c00-6f6ff7b69612) for alternator_latte_hot_partition.latte_hot_partition: write timeout due to uncertainty. Replica errors: )
2026-05-29 14:13:42.177: [ERROR][Attempt 0/10][Retry in 111 ms] SdkError: Internal server error: exceptions::mutation_write_timeout_exception (Failed to accept proposal(98b273bc-5b68-11f1-24e6-44a0992e8f08) for alternator_latte_hot_partition.latte_hot_partition: write timeout due to uncertainty. Replica errors: )
...number of dropped error messages per sampling period: 72
  22.001      3511         0      3512           0.470     6.894    17.482    86.180   124.453   327.418   488.374   532.414
2026-05-29 14:13:43.333: [ERROR][Attempt 0/10][Retry in 148 ms] SdkError: Internal server error: exceptions::mutation_write_timeout_exception (Failed to accept proposal(9962cb68-5b68-11f1-67f2-7ecb98c66909) for alternator_latte_hot_partition.latte_hot_partition: write timeout due to uncertainty. Replica errors: )
2026-05-29 14:13:43.753: [ERROR][Attempt 0/10][Retry in 132 ms] SdkError: Internal server error: exceptions::mutation_write_timeout_exception (Failed to accept proposal(99a2cbf0-5b68-11f1-ffcb-f182a25de129) for alternator_latte_hot_partition.latte_hot_partition: write timeout due to uncertainty. Replica errors: )
2026-05-29 14:13:43.244: [ERROR][Attempt 0/10][Retry in 69 ms] SdkError: Internal server error: exceptions::mutation_write_timeout_exception (Failed to accept proposal(9954df12-5b68-11f1-e487-35d92eca0688) for alternator_latte_hot_partition.latte_hot_partition: write timeout due to uncertainty. Replica errors: )
2026-05-29 14:13:43.121: [ERROR][Attempt 0/10][Retry in 103 ms] SdkError: Internal server error: exceptions::mutation_write_timeout_exception (Failed to accept proposal(99421828-5b68-11f1-de26-f1889bdf05fa) for alternator_latte_hot_partition.latte_hot_partition: write timeout due to uncertainty. Replica errors: )
2026-05-29 14:13:43.346: [ERROR][Attempt 0/10][Retry in 86 ms] SdkError: Internal server error: exceptions::mutation_write_timeout_exception (Failed to accept proposal(99647530-5b68-11f1-ec61-077246f92e91) for alternator_latte_hot_partition.latte_hot_partition: write timeout due to uncertainty. Replica errors: )
...number of dropped error messages per sampling period: 73
  23.001      3509         0      3509           0.543     5.997    10.453    64.520   109.904   192.676   386.925   445.645
2026-05-29 14:13:44.398: [ERROR][Attempt 0/10][Retry in 134 ms] SdkError: Internal server error: exceptions::mutation_write_timeout_exception (Failed to accept proposal(9a054492-5b68-11f1-1953-d5249da76ad0) for alternator_latte_hot_partition.latte_hot_partition: write timeout due to uncertainty. Replica errors: )
2026-05-29 14:13:44.437: [ERROR][Attempt 0/10][Retry in 67 ms] SdkError: Internal server error: exceptions::mutation_write_timeout_exception (Failed to accept proposal(9a0a185a-5b68-11f1-ee79-41a3810cc0aa) for alternator_latte_hot_partition.latte_hot_partition: write timeout due to uncertainty. Replica errors: )
2026-05-29 14:13:44.074: [ERROR][Attempt 0/10][Retry in 70 ms] SdkError: Internal server error: exceptions::mutation_write_timeout_exception (Failed to accept proposal(99d3a1d0-5b68-11f1-402e-548bf9c5db80) for alternator_latte_hot_partition.latte_hot_partition: write timeout due to uncertainty. Replica errors: )
2026-05-29 14:13:44.567: [ERROR][Attempt 0/10][Retry in 97 ms] SdkError: Internal server error: exceptions::mutation_write_timeout_exception (Failed to accept proposal(9a1e93b6-5b68-11f1-2789-b6f44652547d) for alternator_latte_hot_partition.latte_hot_partition: write timeout due to uncertainty. Replica errors: )
2026-05-29 14:13:44.067: [ERROR][Attempt 0/10][Retry in 127 ms] SdkError: Internal server error: exceptions::mutation_write_timeout_exception (Failed to accept proposal(99d28412-5b68-11f1-f5ba-4e36f648397c) for alternator_latte_hot_partition.latte_hot_partition: write timeout due to uncertainty. Replica errors: )
...number of dropped error messages per sampling period: 79
  24.002      3477         0      3476           0.475     7.320    19.005    90.505   131.006   244.187   355.205   505.414
2026-05-29 14:13:45.661: [ERROR][Attempt 0/10][Retry in 145 ms] SdkError: Internal server error: exceptions::mutation_write_timeout_exception (Failed to accept proposal(9ac53392-5b68-11f1-8362-fbf49cfaf371) for alternator_latte_hot_partition.latte_hot_partition: write timeout due to uncertainty. Replica errors: )
2026-05-29 14:13:45.055: [ERROR][Attempt 1/10][Retry in 214 ms] SdkError: Internal server error: exceptions::mutation_write_timeout_exception (Failed to accept proposal(9a691076-5b68-11f1-a0b1-8f747760a2a6) for alternator_latte_hot_partition.latte_hot_partition: write timeout due to uncertainty. Replica errors: )
2026-05-29 14:13:45.343: [ERROR][Attempt 0/10][Retry in 102 ms] SdkError: Internal server error: exceptions::mutation_write_timeout_exception (Failed to accept proposal(9a94e584-5b68-11f1-40c8-7bf328045d65) for alternator_latte_hot_partition.latte_hot_partition: write timeout due to uncertainty. Replica errors: )
2026-05-29 14:13:45.681: [ERROR][Attempt 0/10][Retry in 64 ms] SdkError: Internal server error: exceptions::mutation_write_timeout_exception (Failed to accept proposal(9ac88114-5b68-11f1-ea70-a099edf1b173) for alternator_latte_hot_partition.latte_hot_partition: write timeout due to uncertainty. Replica errors: )
2026-05-29 14:13:45.535: [ERROR][Attempt 0/10][Retry in 125 ms] SdkError: Internal server error: exceptions::mutation_write_timeout_exception (Failed to accept proposal(9ab2704a-5b68-11f1-d1b9-7c50a13005e7) for alternator_latte_hot_partition.latte_hot_partition: write timeout due to uncertainty. Replica errors: )
...number of dropped error messages per sampling period: 81
  25.001      3540         0      3540           0.415     6.607    17.891    89.326   134.349   235.799   503.316   557.842
2026-05-29 14:13:46.662: [ERROR][Attempt 0/10][Retry in 97 ms] SdkError: Internal server error: exceptions::mutation_write_timeout_exception (Failed to accept proposal(9b5e6da0-5b68-11f1-70e4-0fc3630d705d) for alternator_latte_hot_partition.latte_hot_partition: write timeout due to uncertainty. Replica errors: )
2026-05-29 14:13:46.118: [ERROR][Attempt 0/10][Retry in 131 ms] SdkError: Internal server error: exceptions::mutation_write_timeout_exception (Failed to accept proposal(9b0b737a-5b68-11f1-9679-147c3a35492d) for alternator_latte_hot_partition.latte_hot_partition: write timeout due to uncertainty. Replica errors: )
2026-05-29 14:13:46.417: [ERROR][Attempt 0/10][Retry in 137 ms] SdkError: Internal server error: exceptions::mutation_write_timeout_exception (Failed to accept proposal(9b391640-5b68-11f1-9f69-15dad8981c35) for alternator_latte_hot_partition.latte_hot_partition: write timeout due to uncertainty. Replica errors: )
2026-05-29 14:13:46.641: [ERROR][Attempt 0/10][Retry in 129 ms] SdkError: Internal server error: exceptions::mutation_write_timeout_exception (Failed to accept proposal(9b5b2320-5b68-11f1-ffdf-358563a0dd25) for alternator_latte_hot_partition.latte_hot_partition: write timeout due to uncertainty. Replica errors: )
2026-05-29 14:13:46.575: [ERROR][Attempt 0/10][Retry in 123 ms] SdkError: Internal server error: exceptions::mutation_write_timeout_exception (Failed to accept proposal(9b512988-5b68-11f1-26db-8269f2534036) for alternator_latte_hot_partition.latte_hot_partition: write timeout due to uncertainty. Replica errors: )
...number of dropped error messages per sampling period: 60
  26.002      3461         0      3462           0.383     6.115    11.403    60.621    97.386   167.379   359.137   423.363
2026-05-29 14:13:47.662: [ERROR][Attempt 0/10][Retry in 75 ms] SdkError: Internal server error: exceptions::mutation_write_timeout_exception (Failed to accept proposal(9bf7385a-5b68-11f1-af48-e57a704e3157) for alternator_latte_hot_partition.latte_hot_partition: write timeout due to uncertainty. Replica errors: )
2026-05-29 14:13:47.722: [ERROR][Attempt 0/10][Retry in 127 ms] SdkError: Internal server error: exceptions::mutation_write_timeout_exception (Failed to accept proposal(9c00774e-5b68-11f1-4a8e-d0923a90bdc9) for alternator_latte_hot_partition.latte_hot_partition: write timeout due to uncertainty. Replica errors: )
2026-05-29 14:13:47.310: [ERROR][Attempt 0/10][Retry in 75 ms] SdkError: Internal server error: exceptions::mutation_write_timeout_exception (Failed to accept proposal(9bc167b6-5b68-11f1-a286-5f48c4252598) for alternator_latte_hot_partition.latte_hot_partition: write timeout due to uncertainty. Replica errors: )
2026-05-29 14:13:47.204: [ERROR][Attempt 0/10][Retry in 143 ms] SdkError: Internal server error: exceptions::mutation_write_timeout_exception (Failed to accept proposal(9bb10bc8-5b68-11f1-83d1-8a7f8d4ab2aa) for alternator_latte_hot_partition.latte_hot_partition: write timeout due to uncertainty. Replica errors: )
2026-05-29 14:13:47.915: [ERROR][Attempt 0/10][Retry in 61 ms] SdkError: Internal server error: exceptions::mutation_write_timeout_exception (Failed to accept proposal(9c1db764-5b68-11f1-9a07-23de0fe9abf5) for alternator_latte_hot_partition.latte_hot_partition: write timeout due to uncertainty. Replica errors: )
...number of dropped error messages per sampling period: 78
  27.001      3541         0      3541           0.451     7.172    24.412   103.285   154.927   275.513   448.528   784.335
2026-05-29 14:13:48.191: [ERROR][Attempt 0/10][Retry in 94 ms] SdkError: Internal server error: exceptions::mutation_write_timeout_exception (Failed to accept proposal(9c47d24c-5b68-11f1-a60d-8883cf821f0e) for alternator_latte_hot_partition.latte_hot_partition: write timeout due to uncertainty. Replica errors: )
2026-05-29 14:13:48.242: [ERROR][Attempt 0/10][Retry in 133 ms] SdkError: Internal server error: exceptions::mutation_write_timeout_exception (Failed to accept proposal(9c4f9b08-5b68-11f1-66eb-ed5996063bfc) for alternator_latte_hot_partition.latte_hot_partition: write timeout due to uncertainty. Replica errors: )
2026-05-29 14:13:48.056: [ERROR][Attempt 0/10][Retry in 117 ms] SdkError: Internal server error: exceptions::mutation_write_timeout_exception (Failed to accept proposal(9c330d62-5b68-11f1-31ce-b91d1495ebda) for alternator_latte_hot_partition.latte_hot_partition: write timeout due to uncertainty. Replica errors: )
2026-05-29 14:13:48.618: [ERROR][Attempt 0/10][Retry in 100 ms] SdkError: Internal server error: exceptions::mutation_write_timeout_exception (Failed to accept proposal(9c88c0cc-5b68-11f1-14c5-9635b586cb38) for alternator_latte_hot_partition.latte_hot_partition: write timeout due to uncertainty. Replica errors: )
2026-05-29 14:13:48.240: [ERROR][Attempt 0/10][Retry in 62 ms] SdkError: Internal server error: exceptions::mutation_write_timeout_exception (Failed to accept proposal(9c4f6ef8-5b68-11f1-4548-e04c231f8f52) for alternator_latte_hot_partition.latte_hot_partition: write timeout due to uncertainty. Replica errors: )
...number of dropped error messages per sampling period: 72
  28.001      3484         0      3484           0.488     6.214    11.551    63.832   100.598   205.914   328.729   380.109
2026-05-29 14:13:49.926: [ERROR][Attempt 0/10][Retry in 83 ms] SdkError: Internal server error: exceptions::mutation_write_timeout_exception (Failed to accept proposal(9d50a42a-5b68-11f1-4f09-8c6b6c17b825) for alternator_latte_hot_partition.latte_hot_partition: write timeout due to uncertainty. Replica errors: )
2026-05-29 14:13:49.302: [ERROR][Attempt 0/10][Retry in 78 ms] SdkError: Internal server error: exceptions::mutation_write_timeout_exception (Failed to accept proposal(9cf135a8-5b68-11f1-7f92-8a51ca018774) for alternator_latte_hot_partition.latte_hot_partition: write timeout due to uncertainty. Replica errors: )
2026-05-29 14:13:49.903: [ERROR][Attempt 0/10][Retry in 105 ms] SdkError: Internal server error: exceptions::mutation_write_timeout_exception (Failed to accept proposal(9d4cfa78-5b68-11f1-c9f2-c93d0d981d48) for alternator_latte_hot_partition.latte_hot_partition: write timeout due to uncertainty. Replica errors: )
2026-05-29 14:13:49.422: [ERROR][Attempt 0/10][Retry in 81 ms] SdkError: Internal server error: exceptions::mutation_write_timeout_exception (Failed to accept proposal(9d03dabe-5b68-11f1-f367-ed2b11a31840) for alternator_latte_hot_partition.latte_hot_partition: write timeout due to uncertainty. Replica errors: )
2026-05-29 14:13:49.866: [ERROR][Attempt 0/10][Retry in 131 ms] SdkError: Internal server error: exceptions::mutation_write_timeout_exception (Failed to accept proposal(9d476464-5b68-11f1-59cc-85ed2b36df55) for alternator_latte_hot_partition.latte_hot_partition: write timeout due to uncertainty. Replica errors: )
...number of dropped error messages per sampling period: 48
  29.001      3481         0      3480           0.450     6.627    11.739    58.819    97.714   186.122   365.691   526.123
2026-05-29 14:13:50.198: [ERROR][Attempt 0/10][Retry in 67 ms] SdkError: Internal server error: exceptions::mutation_write_timeout_exception (Failed to accept proposal(9d79fcda-5b68-11f1-a302-0964c86607e3) for alternator_latte_hot_partition.latte_hot_partition: write timeout due to uncertainty. Replica errors: )
2026-05-29 14:13:50.612: [ERROR][Attempt 0/10][Retry in 63 ms] SdkError: Internal server error: exceptions::mutation_write_timeout_exception (Failed to accept proposal(9db96a00-5b68-11f1-b584-b4aad750d87a) for alternator_latte_hot_partition.latte_hot_partition: write timeout due to uncertainty. Replica errors: )
2026-05-29 14:13:50.601: [ERROR][Attempt 0/10][Retry in 52 ms] SdkError: Internal server error: exceptions::mutation_write_timeout_exception (Failed to accept proposal(9db783ac-5b68-11f1-c8a5-660e6c1455cf) for alternator_latte_hot_partition.latte_hot_partition: write timeout due to uncertainty. Replica errors: )
2026-05-29 14:13:49.965: [ERROR][Attempt 0/10][Retry in 82 ms] SdkError: Internal server error: exceptions::mutation_write_timeout_exception (Failed to accept proposal(9d56be64-5b68-11f1-c1d6-c13225261fa1) for alternator_latte_hot_partition.latte_hot_partition: write timeout due to uncertainty. Replica errors: )
2026-05-29 14:13:50.584: [ERROR][Attempt 0/10][Retry in 123 ms] SdkError: Internal server error: exceptions::mutation_write_timeout_exception (Failed to accept proposal(9db4e886-5b68-11f1-e454-bbf1899dcf19) for alternator_latte_hot_partition.latte_hot_partition: write timeout due to uncertainty. Replica errors: )
...number of dropped error messages per sampling period: 72
  30.002      3508         0      3509           0.460     6.656    14.729    86.245   131.924   242.876   440.664   674.234
2026-05-29 14:13:51.123: [ERROR][Attempt 0/10][Retry in 87 ms] SdkError: Internal server error: exceptions::mutation_write_timeout_exception (Failed to accept proposal(9e0735fa-5b68-11f1-471c-4478f9d6ef13) for alternator_latte_hot_partition.latte_hot_partition: write timeout due to uncertainty. Replica errors: )
2026-05-29 14:13:51.876: [ERROR][Attempt 0/10][Retry in 98 ms] SdkError: Internal server error: exceptions::mutation_write_timeout_exception (Failed to accept proposal(9e7a0814-5b68-11f1-c641-1151d7ada918) for alternator_latte_hot_partition.latte_hot_partition: write timeout due to uncertainty. Replica errors: )
2026-05-29 14:13:51.692: [ERROR][Attempt 0/10][Retry in 86 ms] SdkError: Internal server error: exceptions::mutation_write_timeout_exception (Failed to accept proposal(9e5ddf5e-5b68-11f1-cc92-96d7ce4ce976) for alternator_latte_hot_partition.latte_hot_partition: write timeout due to uncertainty. Replica errors: )
2026-05-29 14:13:51.406: [ERROR][Attempt 0/10][Retry in 89 ms] SdkError: Internal server error: exceptions::mutation_write_timeout_exception (Failed to accept proposal(9e324c40-5b68-11f1-0286-32e064b74afa) for alternator_latte_hot_partition.latte_hot_partition: write timeout due to uncertainty. Replica errors: )
2026-05-29 14:13:51.201: [ERROR][Attempt 0/10][Retry in 58 ms] SdkError: Internal server error: exceptions::mutation_write_timeout_exception (Failed to accept proposal(9e13006a-5b68-11f1-85f4-c3541a55b892) for alternator_latte_hot_partition.latte_hot_partition: write timeout due to uncertainty. Replica errors: )
...number of dropped error messages per sampling period: 65
  31.002      3487         0      3486           0.535     6.484    12.206    67.961   102.826   158.990   234.881   326.369
2026-05-29 14:13:52.060: [ERROR][Attempt 0/10][Retry in 140 ms] SdkError: Internal server error: exceptions::mutation_write_timeout_exception (Failed to accept proposal(9e95fdee-5b68-11f1-d68b-13a1690e85b5) for alternator_latte_hot_partition.latte_hot_partition: write timeout due to uncertainty. Replica errors: )
2026-05-29 14:13:52.742: [ERROR][Attempt 0/10][Retry in 110 ms] SdkError: Internal server error: exceptions::mutation_write_timeout_exception (Failed to accept proposal(9efe482c-5b68-11f1-8d81-43e0b99dad59) for alternator_latte_hot_partition.latte_hot_partition: write timeout due to uncertainty. Replica errors: )
2026-05-29 14:13:52.332: [ERROR][Attempt 0/10][Retry in 134 ms] SdkError: Internal server error: exceptions::mutation_write_timeout_exception (Failed to accept proposal(9ebf8146-5b68-11f1-f9bf-2b7c9771f36d) for alternator_latte_hot_partition.latte_hot_partition: write timeout due to uncertainty. Replica errors: )
2026-05-29 14:13:52.180: [ERROR][Attempt 0/10][Retry in 90 ms] SdkError: Internal server error: exceptions::mutation_write_timeout_exception (Failed to accept proposal(9ea8665a-5b68-11f1-32c9-4cf3f49dd313) for alternator_latte_hot_partition.latte_hot_partition: write timeout due to uncertainty. Replica errors: )
2026-05-29 14:13:52.065: [ERROR][Attempt 0/10][Retry in 69 ms] SdkError: Internal server error: exceptions::mutation_write_timeout_exception (Failed to accept proposal(9e96cd64-5b68-11f1-56e1-7ee57b3e3e7a) for alternator_latte_hot_partition.latte_hot_partition: write timeout due to uncertainty. Replica errors: )
...number of dropped error messages per sampling period: 53
  32.001      3530         0      3530           0.507     6.189    13.058    76.481   110.297   214.172   354.681   462.422
2026-05-29 14:13:53.765: [ERROR][Attempt 0/10][Retry in 113 ms] SdkError: Internal server error: exceptions::mutation_write_timeout_exception (Failed to accept proposal(9f99f86c-5b68-11f1-3406-2b4908e2903c) for alternator_latte_hot_partition.latte_hot_partition: write timeout due to uncertainty. Replica errors: )
2026-05-29 14:13:52.991: [ERROR][Attempt 0/10][Retry in 61 ms] SdkError: Internal server error: exceptions::mutation_write_timeout_exception (Failed to accept proposal(9f2416c4-5b68-11f1-cc41-7f2289f8b069) for alternator_latte_hot_partition.latte_hot_partition: write timeout due to uncertainty. Replica errors: )
2026-05-29 14:13:53.222: [ERROR][Attempt 0/10][Retry in 65 ms] SdkError: Internal server error: exceptions::mutation_write_timeout_exception (Failed to accept proposal(9f478f64-5b68-11f1-d45f-4e779d4aee74) for alternator_latte_hot_partition.latte_hot_partition: write timeout due to uncertainty. Replica errors: )
2026-05-29 14:13:52.973: [ERROR][Attempt 0/10][Retry in 115 ms] SdkError: Internal server error: exceptions::mutation_write_timeout_exception (Failed to accept proposal(9f21b2ee-5b68-11f1-f594-e4f00f5c60bd) for alternator_latte_hot_partition.latte_hot_partition: write timeout due to uncertainty. Replica errors: )
2026-05-29 14:13:53.015: [ERROR][Attempt 0/10][Retry in 142 ms] SdkError: Internal server error: exceptions::mutation_write_timeout_exception (Failed to accept proposal(9f27f000-5b68-11f1-77c8-21fc59310669) for alternator_latte_hot_partition.latte_hot_partition: write timeout due to uncertainty. Replica errors: )
...number of dropped error messages per sampling period: 64
  33.001      3509         0      3510           0.420     6.451    11.788    60.686    98.435   168.690   282.067   372.769
2026-05-29 14:13:54.020: [ERROR][Attempt 0/10][Retry in 110 ms] SdkError: Internal server error: exceptions::mutation_write_timeout_exception (Failed to accept proposal(9fc1110e-5b68-11f1-5533-cbb52a595136) for alternator_latte_hot_partition.latte_hot_partition: write timeout due to uncertainty. Replica errors: )
2026-05-29 14:13:54.632: [ERROR][Attempt 0/10][Retry in 53 ms] SdkError: Internal server error: exceptions::mutation_write_timeout_exception (Failed to accept proposal(a01eb6c4-5b68-11f1-e3ec-424dfbbe9df0) for alternator_latte_hot_partition.latte_hot_partition: write timeout due to uncertainty. Replica errors: )
2026-05-29 14:13:54.034: [ERROR][Attempt 0/10][Retry in 141 ms] SdkError: Internal server error: exceptions::mutation_write_timeout_exception (Failed to accept proposal(9fc313a0-5b68-11f1-06c5-75474f0c1ac7) for alternator_latte_hot_partition.latte_hot_partition: write timeout due to uncertainty. Replica errors: )
2026-05-29 14:13:54.245: [ERROR][Attempt 0/10][Retry in 99 ms] SdkError: Internal server error: exceptions::mutation_write_timeout_exception (Failed to accept proposal(9fe37da2-5b68-11f1-06d1-98b3b706c0ea) for alternator_latte_hot_partition.latte_hot_partition: write timeout due to uncertainty. Replica errors: )
2026-05-29 14:13:54.682: [ERROR][Attempt 0/10][Retry in 52 ms] SdkError: Internal server error: exceptions::mutation_write_timeout_exception (Failed to accept proposal(a0264722-5b68-11f1-5157-0b5b1cd5f6b6) for alternator_latte_hot_partition.latte_hot_partition: write timeout due to uncertainty. Replica errors: )
...number of dropped error messages per sampling period: 44
  34.002      3519         0      3519           0.395     6.263    11.518    61.047    97.386   184.418   299.893   434.897
2026-05-29 14:13:55.004: [ERROR][Attempt 0/10][Retry in 83 ms] SdkError: Internal server error: exceptions::mutation_write_timeout_exception (Failed to accept proposal(a05774f0-5b68-11f1-09f8-a0a7a65c3d44) for alternator_latte_hot_partition.latte_hot_partition: write timeout due to uncertainty. Replica errors: )
2026-05-29 14:13:55.458: [ERROR][Attempt 0/10][Retry in 91 ms] SdkError: Internal server error: exceptions::mutation_write_timeout_exception (Failed to accept proposal(a09cb88a-5b68-11f1-c649-a02e5da75601) for alternator_latte_hot_partition.latte_hot_partition: write timeout due to uncertainty. Replica errors: )
2026-05-29 14:13:55.393: [ERROR][Attempt 0/10][Retry in 88 ms] SdkError: Internal server error: exceptions::mutation_write_timeout_exception (Failed to accept proposal(a092c294-5b68-11f1-4a7e-66692adb7ed1) for alternator_latte_hot_partition.latte_hot_partition: write timeout due to uncertainty. Replica errors: )
2026-05-29 14:13:55.937: [ERROR][Attempt 0/10][Retry in 51 ms] SdkError: Internal server error: exceptions::mutation_write_timeout_exception (Failed to accept proposal(a0e5257a-5b68-11f1-5ca4-57287646eb33) for alternator_latte_hot_partition.latte_hot_partition: write timeout due to uncertainty. Replica errors: )
2026-05-29 14:13:55.057: [ERROR][Attempt 0/10][Retry in 130 ms] SdkError: Internal server error: exceptions::mutation_write_timeout_exception (Failed to accept proposal(a05f7c18-5b68-11f1-9e05-74b4d92ece51) for alternator_latte_hot_partition.latte_hot_partition: write timeout due to uncertainty. Replica errors: )
...number of dropped error messages per sampling period: 73
  35.002      3421         0      3420           0.458     6.545    11.928    63.930    98.632   168.034   327.680   401.342
2026-05-29 14:13:56.462: [ERROR][Attempt 0/10][Retry in 58 ms] SdkError: Internal server error: exceptions::mutation_write_timeout_exception (Failed to accept proposal(a135f8f6-5b68-11f1-29a5-a62c1268b057) for alternator_latte_hot_partition.latte_hot_partition: write timeout due to uncertainty. Replica errors: )
2026-05-29 14:13:56.868: [ERROR][Attempt 0/10][Retry in 89 ms] SdkError: Internal server error: exceptions::mutation_write_timeout_exception (Failed to accept proposal(a173b77c-5b68-11f1-c45f-1dc3cee7ce8d) for alternator_latte_hot_partition.latte_hot_partition: write timeout due to uncertainty. Replica errors: )
2026-05-29 14:13:56.453: [ERROR][Attempt 0/10][Retry in 120 ms] SdkError: Internal server error: exceptions::mutation_write_timeout_exception (Failed to accept proposal(a13406cc-5b68-11f1-5dce-38d34c7ca0b6) for alternator_latte_hot_partition.latte_hot_partition: write timeout due to uncertainty. Replica errors: )
2026-05-29 14:13:56.690: [ERROR][Attempt 0/10][Retry in 147 ms] SdkError: Internal server error: exceptions::mutation_write_timeout_exception (Failed to accept proposal(a158a8ce-5b68-11f1-522b-62908714b5d7) for alternator_latte_hot_partition.latte_hot_partition: write timeout due to uncertainty. Replica errors: )
2026-05-29 14:13:56.518: [ERROR][Attempt 0/10][Retry in 111 ms] SdkError: Internal server error: exceptions::mutation_write_timeout_exception (Failed to accept proposal(a13e367e-5b68-11f1-76bc-b81236414583) for alternator_latte_hot_partition.latte_hot_partition: write timeout due to uncertainty. Replica errors: )
...number of dropped error messages per sampling period: 71
  36.002      3556         0      3556           0.468     6.865    18.366    86.966   119.734   208.798   334.496   900.727
2026-05-29 14:13:57.290: [ERROR][Attempt 0/10][Retry in 108 ms] SdkError: Internal server error: exceptions::mutation_write_timeout_exception (Failed to accept proposal(a1b478b6-5b68-11f1-c65d-6041d0e8c62c) for alternator_latte_hot_partition.latte_hot_partition: write timeout due to uncertainty. Replica errors: )
2026-05-29 14:13:57.498: [ERROR][Attempt 0/10][Retry in 90 ms] SdkError: Internal server error: exceptions::mutation_write_timeout_exception (Failed to accept proposal(a1d401f4-5b68-11f1-0d79-cd8a31972b96) for alternator_latte_hot_partition.latte_hot_partition: write timeout due to uncertainty. Replica errors: )
2026-05-29 14:13:57.492: [ERROR][Attempt 0/10][Retry in 94 ms] SdkError: Internal server error: exceptions::mutation_write_timeout_exception (Failed to accept proposal(a1d2ced8-5b68-11f1-a7de-e42f63e7210b) for alternator_latte_hot_partition.latte_hot_partition: write timeout due to uncertainty. Replica errors: )
2026-05-29 14:13:57.000: [ERROR][Attempt 0/10][Retry in 133 ms] SdkError: Internal server error: exceptions::mutation_write_timeout_exception (Failed to accept proposal(a187fbe2-5b68-11f1-90da-bd2726e473dd) for alternator_latte_hot_partition.latte_hot_partition: write timeout due to uncertainty. Replica errors: )
2026-05-29 14:13:57.096: [ERROR][Attempt 0/10][Retry in 96 ms] SdkError: Internal server error: exceptions::mutation_write_timeout_exception (Failed to accept proposal(a19630e0-5b68-11f1-90b4-9801a1b5b0b0) for alternator_latte_hot_partition.latte_hot_partition: write timeout due to uncertainty. Replica errors: )
...number of dropped error messages per sampling period: 49
  37.001      3499         0      3500           0.468     6.078    10.650    64.356   103.023   161.219   341.574   536.084
2026-05-29 14:13:58.389: [ERROR][Attempt 0/10][Retry in 85 ms] SdkError: Internal server error: exceptions::mutation_write_timeout_exception (Failed to accept proposal(a25baeb0-5b68-11f1-da4d-ca6280a12566) for alternator_latte_hot_partition.latte_hot_partition: write timeout due to uncertainty. Replica errors: )
2026-05-29 14:13:58.510: [ERROR][Attempt 0/10][Retry in 122 ms] SdkError: Internal server error: exceptions::mutation_write_timeout_exception (Failed to accept proposal(a26df944-5b68-11f1-3edd-d13d59b07d54) for alternator_latte_hot_partition.latte_hot_partition: write timeout due to uncertainty. Replica errors: )
2026-05-29 14:13:58.162: [ERROR][Attempt 0/10][Retry in 54 ms] SdkError: Internal server error: exceptions::mutation_write_timeout_exception (Failed to accept proposal(a2396d6e-5b68-11f1-dcd4-a64817cd7341) for alternator_latte_hot_partition.latte_hot_partition: write timeout due to uncertainty. Replica errors: )
2026-05-29 14:13:58.560: [ERROR][Attempt 0/10][Retry in 109 ms] SdkError: Internal server error: exceptions::mutation_write_timeout_exception (Failed to accept proposal(a2762d1c-5b68-11f1-78ac-17f1d1cbf963) for alternator_latte_hot_partition.latte_hot_partition: write timeout due to uncertainty. Replica errors: )
2026-05-29 14:13:58.478: [ERROR][Attempt 0/10][Retry in 106 ms] SdkError: Internal server error: exceptions::mutation_write_timeout_exception (Failed to accept proposal(a269588a-5b68-11f1-1e41-59ddc22f8c06) for alternator_latte_hot_partition.latte_hot_partition: write timeout due to uncertainty. Replica errors: )
...number of dropped error messages per sampling period: 77
  38.001      3478         0      3478           0.492     7.545    18.612    87.884   127.664   206.307   340.263   427.557
2026-05-29 14:13:59.613: [ERROR][Attempt 0/10][Retry in 148 ms] SdkError: Internal server error: exceptions::mutation_write_timeout_exception (Failed to accept proposal(a316292a-5b68-11f1-25a2-b9273bd4e74f) for alternator_latte_hot_partition.latte_hot_partition: write timeout due to uncertainty. Replica errors: )
2026-05-29 14:13:59.519: [ERROR][Attempt 0/10][Retry in 67 ms] SdkError: Internal server error: exceptions::mutation_write_timeout_exception (Failed to accept proposal(a308a46c-5b68-11f1-926e-f7120ca4b2e5) for alternator_latte_hot_partition.latte_hot_partition: write timeout due to uncertainty. Replica errors: )
2026-05-29 14:13:59.663: [ERROR][Attempt 0/10][Retry in 69 ms] SdkError: Internal server error: exceptions::mutation_write_timeout_exception (Failed to accept proposal(a31e3f66-5b68-11f1-072d-66037419fc6c) for alternator_latte_hot_partition.latte_hot_partition: write timeout due to uncertainty. Replica errors: )
2026-05-29 14:13:58.985: [ERROR][Attempt 0/10][Retry in 70 ms] SdkError: Internal server error: exceptions::mutation_write_timeout_exception (Failed to accept proposal(a2b697da-5b68-11f1-d75c-66c4be5e235e) for alternator_latte_hot_partition.latte_hot_partition: write timeout due to uncertainty. Replica errors: )
2026-05-29 14:13:59.399: [ERROR][Attempt 1/10][Retry in 237 ms] SdkError: Internal server error: exceptions::mutation_write_timeout_exception (Failed to accept proposal(a2f63660-5b68-11f1-04e5-457ced0c0c54) for alternator_latte_hot_partition.latte_hot_partition: write timeout due to uncertainty. Replica errors: )
...number of dropped error messages per sampling period: 63
  39.002      3511         0      3511           0.496     6.230    11.117    68.813   107.938   220.725   372.244   456.655
2026-05-29 14:14:00.299: [ERROR][Attempt 0/10][Retry in 62 ms] SdkError: Internal server error: exceptions::mutation_write_timeout_exception (Failed to accept proposal(a37f84ec-5b68-11f1-b01c-db287ddaf383) for alternator_latte_hot_partition.latte_hot_partition: write timeout due to uncertainty. Replica errors: )
2026-05-29 14:14:00.773: [ERROR][Attempt 0/10][Retry in 102 ms] SdkError: Internal server error: exceptions::mutation_write_timeout_exception (Failed to accept proposal(a3c76316-5b68-11f1-0756-285b0f89638f) for alternator_latte_hot_partition.latte_hot_partition: write timeout due to uncertainty. Replica errors: )
2026-05-29 14:14:00.280: [ERROR][Attempt 0/10][Retry in 60 ms] SdkError: Internal server error: exceptions::mutation_write_timeout_exception (Failed to accept proposal(a37c740a-5b68-11f1-f9eb-0da55a64d77a) for alternator_latte_hot_partition.latte_hot_partition: write timeout due to uncertainty. Replica errors: )
2026-05-29 14:14:00.432: [ERROR][Attempt 0/10][Retry in 110 ms] SdkError: Internal server error: exceptions::mutation_write_timeout_exception (Failed to accept proposal(a3938dca-5b68-11f1-25fc-70616cd76e67) for alternator_latte_hot_partition.latte_hot_partition: write timeout due to uncertainty. Replica errors: )
2026-05-29 14:14:00.165: [ERROR][Attempt 0/10][Retry in 110 ms] SdkError: Internal server error: exceptions::mutation_write_timeout_exception (Failed to accept proposal(a36ae596-5b68-11f1-420f-1bdd9ef2f44e) for alternator_latte_hot_partition.latte_hot_partition: write timeout due to uncertainty. Replica errors: )
...number of dropped error messages per sampling period: 68
  40.001      3480         0      3480           0.418     6.775    15.360    80.085   108.986   212.468   411.828   574.095
2026-05-29 14:14:01.053: [ERROR][Attempt 0/10][Retry in 108 ms] SdkError: Internal server error: exceptions::mutation_write_timeout_exception (Failed to accept proposal(a3f2699e-5b68-11f1-fb8e-631b70d67da9) for alternator_latte_hot_partition.latte_hot_partition: write timeout due to uncertainty. Replica errors: )
2026-05-29 14:14:01.590: [ERROR][Attempt 0/10][Retry in 127 ms] SdkError: Internal server error: exceptions::mutation_write_timeout_exception (Failed to accept proposal(a4440a4c-5b68-11f1-d4c6-36061f5f9739) for alternator_latte_hot_partition.latte_hot_partition: write timeout due to uncertainty. Replica errors: )
2026-05-29 14:14:01.005: [ERROR][Attempt 0/10][Retry in 139 ms] SdkError: Internal server error: exceptions::mutation_write_timeout_exception (Failed to accept proposal(a3ea6c26-5b68-11f1-193d-75dff9a3e3aa) for alternator_latte_hot_partition.latte_hot_partition: write timeout due to uncertainty. Replica errors: )
2026-05-29 14:14:01.328: [ERROR][Attempt 0/10][Retry in 90 ms] SdkError: Internal server error: exceptions::mutation_write_timeout_exception (Failed to accept proposal(a41c04f2-5b68-11f1-0e52-509a09bf15ec) for alternator_latte_hot_partition.latte_hot_partition: write timeout due to uncertainty. Replica errors: )
2026-05-29 14:14:00.986: [ERROR][Attempt 0/10][Retry in 77 ms] SdkError: Internal server error: exceptions::mutation_write_timeout_exception (Failed to accept proposal(a3e80814-5b68-11f1-34ec-63570f13a7d0) for alternator_latte_hot_partition.latte_hot_partition: write timeout due to uncertainty. Replica errors: )
...number of dropped error messages per sampling period: 64
  41.002      3554         0      3555           0.445     6.353    13.107    78.512   119.341   198.705   304.873   354.681
2026-05-29 14:14:02.220: [ERROR][Attempt 0/10][Retry in 127 ms] SdkError: Internal server error: exceptions::mutation_write_timeout_exception (Failed to accept proposal(a4a49ad8-5b68-11f1-4a18-ca072b514e56) for alternator_latte_hot_partition.latte_hot_partition: write timeout due to uncertainty. Replica errors: )
2026-05-29 14:14:02.086: [ERROR][Attempt 0/10][Retry in 129 ms] SdkError: Internal server error: exceptions::mutation_write_timeout_exception (Failed to accept proposal(a49002a8-5b68-11f1-1228-f62eaf17ecc4) for alternator_latte_hot_partition.latte_hot_partition: write timeout due to uncertainty. Replica errors: )
2026-05-29 14:14:02.190: [ERROR][Attempt 0/10][Retry in 69 ms] SdkError: Internal server error: exceptions::mutation_write_timeout_exception (Failed to accept proposal(a49fdc50-5b68-11f1-3581-27de7d6aa6ac) for alternator_latte_hot_partition.latte_hot_partition: write timeout due to uncertainty. Replica errors: )
2026-05-29 14:14:02.118: [ERROR][Attempt 0/10][Retry in 72 ms] SdkError: Internal server error: exceptions::mutation_write_timeout_exception (Failed to accept proposal(a4950d48-5b68-11f1-a7f5-115cdcffe58d) for alternator_latte_hot_partition.latte_hot_partition: write timeout due to uncertainty. Replica errors: )
2026-05-29 14:14:02.832: [ERROR][Attempt 0/10][Retry in 76 ms] SdkError: Internal server error: exceptions::mutation_write_timeout_exception (Failed to accept proposal(a501c26c-5b68-11f1-360f-2caa8c396d6f) for alternator_latte_hot_partition.latte_hot_partition: write timeout due to uncertainty. Replica errors: )
...number of dropped error messages per sampling period: 68
  42.001      3451         0      3451           0.482     6.238    10.297    59.048    92.602   173.670   260.702   345.768
2026-05-29 14:14:03.183: [ERROR][Attempt 0/10][Retry in 95 ms] SdkError: Internal server error: exceptions::mutation_write_timeout_exception (Failed to accept proposal(a53700bc-5b68-11f1-48b1-aba5f256678f) for alternator_latte_hot_partition.latte_hot_partition: write timeout due to uncertainty. Replica errors: )
2026-05-29 14:14:03.191: [ERROR][Attempt 0/10][Retry in 101 ms] SdkError: Internal server error: exceptions::mutation_write_timeout_exception (Failed to accept proposal(a5387d3e-5b68-11f1-c524-f0afeee99755) for alternator_latte_hot_partition.latte_hot_partition: write timeout due to uncertainty. Replica errors: )
2026-05-29 14:14:03.324: [ERROR][Attempt 0/10][Retry in 87 ms] SdkError: Internal server error: exceptions::mutation_write_timeout_exception (Failed to accept proposal(a54c4788-5b68-11f1-5172-6d3b1db4cfe6) for alternator_latte_hot_partition.latte_hot_partition: write timeout due to uncertainty. Replica errors: )
2026-05-29 14:14:03.117: [ERROR][Attempt 0/10][Retry in 65 ms] SdkError: Internal server error: exceptions::mutation_write_timeout_exception (Failed to accept proposal(a52ca3ec-5b68-11f1-e63d-c65e5200a90b) for alternator_latte_hot_partition.latte_hot_partition: write timeout due to uncertainty. Replica errors: )
2026-05-29 14:14:03.066: [ERROR][Attempt 0/10][Retry in 121 ms] SdkError: Internal server error: exceptions::mutation_write_timeout_exception (Failed to accept proposal(a52534ea-5b68-11f1-37b4-7c4ca87fd863) for alternator_latte_hot_partition.latte_hot_partition: write timeout due to uncertainty. Replica errors: )
...number of dropped error messages per sampling period: 73
  43.002      3469         0      3469           0.482     8.741    32.932   103.875   151.257   236.978   409.469   432.275
2026-05-29 14:14:04.449: [ERROR][Attempt 0/10][Retry in 51 ms] SdkError: Internal server error: exceptions::mutation_write_timeout_exception (Failed to accept proposal(a5f8b73e-5b68-11f1-4a8a-ba245e6f63e0) for alternator_latte_hot_partition.latte_hot_partition: write timeout due to uncertainty. Replica errors: )
2026-05-29 14:14:04.776: [ERROR][Attempt 0/10][Retry in 93 ms] SdkError: Internal server error: exceptions::mutation_write_timeout_exception (Failed to accept proposal(a629c2b6-5b68-11f1-f9e8-e9be3a29f605) for alternator_latte_hot_partition.latte_hot_partition: write timeout due to uncertainty. Replica errors: )
2026-05-29 14:14:04.619: [ERROR][Attempt 0/10][Retry in 139 ms] SdkError: Internal server error: exceptions::mutation_write_timeout_exception (Failed to accept proposal(a612c4c6-5b68-11f1-7e72-eb8f69f40e52) for alternator_latte_hot_partition.latte_hot_partition: write timeout due to uncertainty. Replica errors: )
2026-05-29 14:14:04.266: [ERROR][Attempt 0/10][Retry in 96 ms] SdkError: Internal server error: exceptions::mutation_write_timeout_exception (Failed to accept proposal(a5dc65e8-5b68-11f1-f437-730ff140c91f) for alternator_latte_hot_partition.latte_hot_partition: write timeout due to uncertainty. Replica errors: )
2026-05-29 14:14:04.757: [ERROR][Attempt 0/10][Retry in 66 ms] SdkError: Internal server error: exceptions::mutation_write_timeout_exception (Failed to accept proposal(a6279aae-5b68-11f1-b268-76a3373dd0bd) for alternator_latte_hot_partition.latte_hot_partition: write timeout due to uncertainty. Replica errors: )
...number of dropped error messages per sampling period: 62
  44.001      3551         0      3551           0.386     6.099    18.448   107.545   189.923   417.071   643.301   776.471
2026-05-29 14:14:05.114: [ERROR][Attempt 0/10][Retry in 86 ms] SdkError: Internal server error: exceptions::mutation_write_timeout_exception (Failed to accept proposal(a65d95d2-5b68-11f1-54d6-83b9a1fb6913) for alternator_latte_hot_partition.latte_hot_partition: write timeout due to uncertainty. Replica errors: )
2026-05-29 14:14:05.244: [ERROR][Attempt 0/10][Retry in 133 ms] SdkError: Internal server error: exceptions::mutation_write_timeout_exception (Failed to accept proposal(a671f3a6-5b68-11f1-df68-2995e65346f6) for alternator_latte_hot_partition.latte_hot_partition: write timeout due to uncertainty. Replica errors: )
2026-05-29 14:14:05.156: [ERROR][Attempt 0/10][Retry in 85 ms] SdkError: Internal server error: exceptions::mutation_write_timeout_exception (Failed to accept proposal(a6644f9e-5b68-11f1-300c-7c824ab7f802) for alternator_latte_hot_partition.latte_hot_partition: write timeout due to uncertainty. Replica errors: )
2026-05-29 14:14:05.255: [ERROR][Attempt 0/10][Retry in 100 ms] SdkError: Internal server error: exceptions::mutation_write_timeout_exception (Failed to accept proposal(a6735638-5b68-11f1-cca2-530dce8fcf79) for alternator_latte_hot_partition.latte_hot_partition: write timeout due to uncertainty. Replica errors: )
2026-05-29 14:14:05.331: [ERROR][Attempt 0/10][Retry in 126 ms] SdkError: Internal server error: exceptions::mutation_write_timeout_exception (Failed to accept proposal(a67e4b06-5b68-11f1-a8d5-a7e4db648917) for alternator_latte_hot_partition.latte_hot_partition: write timeout due to uncertainty. Replica errors: )
...number of dropped error messages per sampling period: 68
  45.002      3492         0      3492           0.415     7.324    16.753    80.347   120.127   209.453   456.393   618.660
2026-05-29 14:14:06.555: [ERROR][Attempt 0/10][Retry in 144 ms] SdkError: Internal server error: exceptions::mutation_write_timeout_exception (Failed to accept proposal(a739cc1e-5b68-11f1-cded-553e590b54d9) for alternator_latte_hot_partition.latte_hot_partition: write timeout due to uncertainty. Replica errors: )
2026-05-29 14:14:06.402: [ERROR][Attempt 0/10][Retry in 112 ms] SdkError: Internal server error: exceptions::mutation_write_timeout_exception (Failed to accept proposal(a722a0f2-5b68-11f1-3dd0-396be2a83f61) for alternator_latte_hot_partition.latte_hot_partition: write timeout due to uncertainty. Replica errors: )
2026-05-29 14:14:06.053: [ERROR][Attempt 0/10][Retry in 149 ms] SdkError: Internal server error: exceptions::mutation_write_timeout_exception (Failed to accept proposal(a6ed4a38-5b68-11f1-6a9b-9dc6d216ba46) for alternator_latte_hot_partition.latte_hot_partition: write timeout due to uncertainty. Replica errors: )
2026-05-29 14:14:06.206: [ERROR][Attempt 0/10][Retry in 85 ms] SdkError: Internal server error: exceptions::mutation_write_timeout_exception (Failed to accept proposal(a7049896-5b68-11f1-17bf-86a80efadd79) for alternator_latte_hot_partition.latte_hot_partition: write timeout due to uncertainty. Replica errors: )
2026-05-29 14:14:06.225: [ERROR][Attempt 0/10][Retry in 128 ms] SdkError: Internal server error: exceptions::mutation_write_timeout_exception (Failed to accept proposal(a707ba76-5b68-11f1-e7af-acce68b0fe42) for alternator_latte_hot_partition.latte_hot_partition: write timeout due to uncertainty. Replica errors: )
...number of dropped error messages per sampling period: 73
  46.001      3511         0      3512           0.479     6.324    14.959    84.214   128.582   253.886   399.245   617.087
2026-05-29 14:14:07.462: [ERROR][Attempt 0/10][Retry in 99 ms] SdkError: Internal server error: exceptions::mutation_write_timeout_exception (Failed to accept proposal(a7c47ee0-5b68-11f1-4d48-8ff584654c2f) for alternator_latte_hot_partition.latte_hot_partition: write timeout due to uncertainty. Replica errors: )
2026-05-29 14:14:07.395: [ERROR][Attempt 0/10][Retry in 67 ms] SdkError: Internal server error: exceptions::mutation_write_timeout_exception (Failed to accept proposal(a7ba03f2-5b68-11f1-c0ec-f704c8cd0591) for alternator_latte_hot_partition.latte_hot_partition: write timeout due to uncertainty. Replica errors: )
2026-05-29 14:14:07.952: [ERROR][Attempt 0/10][Retry in 103 ms] SdkError: Internal server error: exceptions::mutation_write_timeout_exception (Failed to accept proposal(a80f5d8e-5b68-11f1-4f99-d36b1a627176) for alternator_latte_hot_partition.latte_hot_partition: write timeout due to uncertainty. Replica errors: )
2026-05-29 14:14:07.158: [ERROR][Attempt 0/10][Retry in 117 ms] SdkError: Internal server error: exceptions::mutation_write_timeout_exception (Failed to accept proposal(a795f0e8-5b68-11f1-579b-5b66ffcd20b0) for alternator_latte_hot_partition.latte_hot_partition: write timeout due to uncertainty. Replica errors: )
2026-05-29 14:14:07.371: [ERROR][Attempt 0/10][Retry in 72 ms] SdkError: Internal server error: exceptions::mutation_write_timeout_exception (Failed to accept proposal(a7b6bd32-5b68-11f1-2574-9e207fbaff91) for alternator_latte_hot_partition.latte_hot_partition: write timeout due to uncertainty. Replica errors: )
...number of dropped error messages per sampling period: 56
  47.001      3504         0      3504           0.459     6.005    10.338    57.442    94.896   168.952   315.097   374.866
2026-05-29 14:14:08.555: [ERROR][Attempt 0/10][Retry in 71 ms] SdkError: Internal server error: exceptions::mutation_write_timeout_exception (Failed to accept proposal(a86ae15e-5b68-11f1-ec18-a3ed8a1dc6f7) for alternator_latte_hot_partition.latte_hot_partition: write timeout due to uncertainty. Replica errors: )
2026-05-29 14:14:08.149: [ERROR][Attempt 0/10][Retry in 83 ms] SdkError: Internal server error: exceptions::mutation_write_timeout_exception (Failed to accept proposal(a82d4196-5b68-11f1-1fdb-a2e87b2c8e00) for alternator_latte_hot_partition.latte_hot_partition: write timeout due to uncertainty. Replica errors: )
2026-05-29 14:14:08.940: [ERROR][Attempt 0/10][Retry in 114 ms] SdkError: Internal server error: exceptions::mutation_write_timeout_exception (Failed to accept proposal(a8a5fc58-5b68-11f1-b0f8-993b7d6d76d8) for alternator_latte_hot_partition.latte_hot_partition: write timeout due to uncertainty. Replica errors: )
2026-05-29 14:14:08.030: [ERROR][Attempt 0/10][Retry in 139 ms] SdkError: Internal server error: exceptions::mutation_write_timeout_exception (Failed to accept proposal(a81b0ada-5b68-11f1-c38b-7ee3ed6ccae9) for alternator_latte_hot_partition.latte_hot_partition: write timeout due to uncertainty. Replica errors: )
2026-05-29 14:14:08.361: [ERROR][Attempt 0/10][Retry in 118 ms] SdkError: Internal server error: exceptions::mutation_write_timeout_exception (Failed to accept proposal(a84d6458-5b68-11f1-ef81-5b31d555547b) for alternator_latte_hot_partition.latte_hot_partition: write timeout due to uncertainty. Replica errors: )
...number of dropped error messages per sampling period: 68
  48.002      3472         0      3471           0.471     7.066    14.787    76.349   111.870   207.356   339.476   392.430
2026-05-29 14:14:09.318: [ERROR][Attempt 0/10][Retry in 122 ms] SdkError: Internal server error: exceptions::mutation_write_timeout_exception (Failed to accept proposal(a8df95bc-5b68-11f1-ab82-5c12c57dcc8e) for alternator_latte_hot_partition.latte_hot_partition: write timeout due to uncertainty. Replica errors: )
2026-05-29 14:14:08.970: [ERROR][Attempt 0/10][Retry in 67 ms] SdkError: Internal server error: exceptions::mutation_write_timeout_exception (Failed to accept proposal(a8a9ed0e-5b68-11f1-9903-e493b0b7994c) for alternator_latte_hot_partition.latte_hot_partition: write timeout due to uncertainty. Replica errors: )
2026-05-29 14:14:08.996: [ERROR][Attempt 0/10][Retry in 56 ms] SdkError: Internal server error: exceptions::mutation_write_timeout_exception (Failed to accept proposal(a8ae496c-5b68-11f1-86c0-dfcf7311d9b6) for alternator_latte_hot_partition.latte_hot_partition: write timeout due to uncertainty. Replica errors: )
2026-05-29 14:14:09.693: [ERROR][Attempt 0/10][Retry in 105 ms] SdkError: Internal server error: exceptions::mutation_write_timeout_exception (Failed to accept proposal(a918a42e-5b68-11f1-c78f-e57bc4a1fbcb) for alternator_latte_hot_partition.latte_hot_partition: write timeout due to uncertainty. Replica errors: )
2026-05-29 14:14:09.474: [ERROR][Attempt 0/10][Retry in 143 ms] SdkError: Internal server error: exceptions::mutation_write_timeout_exception (Failed to accept proposal(a8f75ae4-5b68-11f1-5605-9ee4441e104a) for alternator_latte_hot_partition.latte_hot_partition: write timeout due to uncertainty. Replica errors: )
...number of dropped error messages per sampling period: 65
  49.002      3537         0      3537           0.351     5.947    11.207    74.580   115.212   204.472   355.729   385.876
2026-05-29 14:14:10.186: [ERROR][Attempt 0/10][Retry in 89 ms] SdkError: Internal server error: exceptions::mutation_write_timeout_exception (Failed to accept proposal(a963a992-5b68-11f1-0fba-b26b86b49c2b) for alternator_latte_hot_partition.latte_hot_partition: write timeout due to uncertainty. Replica errors: )
2026-05-29 14:14:10.714: [ERROR][Attempt 0/10][Retry in 133 ms] SdkError: Internal server error: exceptions::mutation_write_timeout_exception (Failed to accept proposal(a9b435ec-5b68-11f1-276e-40cb9d3a0bc0) for alternator_latte_hot_partition.latte_hot_partition: write timeout due to uncertainty. Replica errors: )
2026-05-29 14:14:10.230: [ERROR][Attempt 0/10][Retry in 82 ms] SdkError: Internal server error: exceptions::mutation_write_timeout_exception (Failed to accept proposal(a96acb1e-5b68-11f1-5266-b42ca20bff95) for alternator_latte_hot_partition.latte_hot_partition: write timeout due to uncertainty. Replica errors: )
2026-05-29 14:14:10.518: [ERROR][Attempt 0/10][Retry in 84 ms] SdkError: Internal server error: exceptions::mutation_write_timeout_exception (Failed to accept proposal(a9965a40-5b68-11f1-77d9-e7888ccd4e02) for alternator_latte_hot_partition.latte_hot_partition: write timeout due to uncertainty. Replica errors: )
2026-05-29 14:14:10.590: [ERROR][Attempt 0/10][Retry in 56 ms] SdkError: Internal server error: exceptions::mutation_write_timeout_exception (Failed to accept proposal(a9a1bf3e-5b68-11f1-8c29-37a26cd9bd46) for alternator_latte_hot_partition.latte_hot_partition: write timeout due to uncertainty. Replica errors: )
...number of dropped error messages per sampling period: 65
  50.001      3469         0      3469           0.529     7.983    24.609    94.700   131.662   209.715   362.021   452.198
2026-05-29 14:14:11.165: [ERROR][Attempt 0/10][Retry in 62 ms] SdkError: Internal server error: exceptions::mutation_write_timeout_exception (Failed to accept proposal(a9f8defe-5b68-11f1-c95e-29d8c16e1843) for alternator_latte_hot_partition.latte_hot_partition: write timeout due to uncertainty. Replica errors: )
2026-05-29 14:14:11.745: [ERROR][Attempt 0/10][Retry in 67 ms] SdkError: Internal server error: exceptions::mutation_write_timeout_exception (Failed to accept proposal(aa51d1a8-5b68-11f1-ea60-3f2ba2ee6c1b) for alternator_latte_hot_partition.latte_hot_partition: write timeout due to uncertainty. Replica errors: )
2026-05-29 14:14:11.309: [ERROR][Attempt 0/10][Retry in 100 ms] SdkError: Internal server error: exceptions::mutation_write_timeout_exception (Failed to accept proposal(aa0f3be0-5b68-11f1-46bd-4bd5388975df) for alternator_latte_hot_partition.latte_hot_partition: write timeout due to uncertainty. Replica errors: )
2026-05-29 14:14:11.036: [ERROR][Attempt 0/10][Retry in 131 ms] SdkError: Internal server error: exceptions::mutation_write_timeout_exception (Failed to accept proposal(a9e5a686-5b68-11f1-6ac4-ea4a5fe37035) for alternator_latte_hot_partition.latte_hot_partition: write timeout due to uncertainty. Replica errors: )
2026-05-29 14:14:11.164: [ERROR][Attempt 0/10][Retry in 59 ms] SdkError: Internal server error: exceptions::mutation_write_timeout_exception (Failed to accept proposal(a9f7f804-5b68-11f1-e28c-5fbe15494be0) for alternator_latte_hot_partition.latte_hot_partition: write timeout due to uncertainty. Replica errors: )
...number of dropped error messages per sampling period: 72
  51.002      3530         0      3530           0.534     6.275    15.499    81.723   129.892   243.794   380.895   451.150
2026-05-29 14:14:12.296: [ERROR][Attempt 0/10][Retry in 84 ms] SdkError: Internal server error: exceptions::mutation_write_timeout_exception (Failed to accept proposal(aaa5bce6-5b68-11f1-b832-a4e5453875cc) for alternator_latte_hot_partition.latte_hot_partition: write timeout due to uncertainty. Replica errors: )
2026-05-29 14:14:12.705: [ERROR][Attempt 0/10][Retry in 82 ms] SdkError: Internal server error: exceptions::mutation_write_timeout_exception (Failed to accept proposal(aae495ec-5b68-11f1-a17f-977940d41545) for alternator_latte_hot_partition.latte_hot_partition: write timeout due to uncertainty. Replica errors: )
2026-05-29 14:14:12.529: [ERROR][Attempt 0/10][Retry in 89 ms] SdkError: Internal server error: exceptions::mutation_write_timeout_exception (Failed to accept proposal(aac92938-5b68-11f1-40d2-aaf906c809a9) for alternator_latte_hot_partition.latte_hot_partition: write timeout due to uncertainty. Replica errors: )
2026-05-29 14:14:12.182: [ERROR][Attempt 0/10][Retry in 96 ms] SdkError: Internal server error: exceptions::mutation_write_timeout_exception (Failed to accept proposal(aa9493d0-5b68-11f1-342d-e75954fc4f00) for alternator_latte_hot_partition.latte_hot_partition: write timeout due to uncertainty. Replica errors: )
2026-05-29 14:14:12.852: [ERROR][Attempt 0/10][Retry in 131 ms] SdkError: Internal server error: exceptions::mutation_write_timeout_exception (Failed to accept proposal(aafac63c-5b68-11f1-be8d-1964c5a9096b) for alternator_latte_hot_partition.latte_hot_partition: write timeout due to uncertainty. Replica errors: )
...number of dropped error messages per sampling period: 71
  52.001      3467         0      3467           0.477     6.234    13.148    74.580   113.508   232.129   439.091   526.385
2026-05-29 14:14:13.233: [ERROR][Attempt 0/10][Retry in 81 ms] SdkError: Internal server error: exceptions::mutation_write_timeout_exception (Failed to accept proposal(ab34ce68-5b68-11f1-e89a-a0b34ac73c24) for alternator_latte_hot_partition.latte_hot_partition: write timeout due to uncertainty. Replica errors: )
2026-05-29 14:14:13.612: [ERROR][Attempt 0/10][Retry in 56 ms] SdkError: Internal server error: exceptions::mutation_write_timeout_exception (Failed to accept proposal(ab6e8798-5b68-11f1-c12e-4cb156239cfe) for alternator_latte_hot_partition.latte_hot_partition: write timeout due to uncertainty. Replica errors: )
2026-05-29 14:14:13.828: [ERROR][Attempt 0/10][Retry in 78 ms] SdkError: Internal server error: exceptions::mutation_write_timeout_exception (Failed to accept proposal(ab8fa05e-5b68-11f1-b6dc-d02aaba911ba) for alternator_latte_hot_partition.latte_hot_partition: write timeout due to uncertainty. Replica errors: )
2026-05-29 14:14:13.640: [ERROR][Attempt 0/10][Retry in 72 ms] SdkError: Internal server error: exceptions::mutation_write_timeout_exception (Failed to accept proposal(ab727966-5b68-11f1-aca4-fcc979f33118) for alternator_latte_hot_partition.latte_hot_partition: write timeout due to uncertainty. Replica errors: )
2026-05-29 14:14:13.128: [ERROR][Attempt 0/10][Retry in 146 ms] SdkError: Internal server error: exceptions::mutation_write_timeout_exception (Failed to accept proposal(ab24eb38-5b68-11f1-939d-32bf53a9fb6e) for alternator_latte_hot_partition.latte_hot_partition: write timeout due to uncertainty. Replica errors: )
...number of dropped error messages per sampling period: 53
  53.001      3521         0      3521           0.449     7.721    28.344    97.911   142.082   248.119   378.012   417.858
2026-05-29 14:14:14.888: [ERROR][Attempt 0/10][Retry in 100 ms] SdkError: Internal server error: exceptions::mutation_write_timeout_exception (Failed to accept proposal(ac313cd4-5b68-11f1-5075-03c08f350a50) for alternator_latte_hot_partition.latte_hot_partition: write timeout due to uncertainty. Replica errors: )
2026-05-29 14:14:14.054: [ERROR][Attempt 0/10][Retry in 85 ms] SdkError: Internal server error: exceptions::mutation_write_timeout_exception (Failed to accept proposal(abb253c4-5b68-11f1-d3cc-2c07cb28c948) for alternator_latte_hot_partition.latte_hot_partition: write timeout due to uncertainty. Replica errors: )
2026-05-29 14:14:14.778: [ERROR][Attempt 0/10][Retry in 106 ms] SdkError: Internal server error: exceptions::mutation_write_timeout_exception (Failed to accept proposal(ac202250-5b68-11f1-4dc7-d486bcbc81ff) for alternator_latte_hot_partition.latte_hot_partition: write timeout due to uncertainty. Replica errors: )
2026-05-29 14:14:14.502: [ERROR][Attempt 0/10][Retry in 123 ms] SdkError: Internal server error: exceptions::mutation_write_timeout_exception (Failed to accept proposal(abf6cf04-5b68-11f1-7c1d-5cc7e83fb5b7) for alternator_latte_hot_partition.latte_hot_partition: write timeout due to uncertainty. Replica errors: )
2026-05-29 14:14:14.056: [ERROR][Attempt 0/10][Retry in 63 ms] SdkError: Internal server error: exceptions::mutation_write_timeout_exception (Failed to accept proposal(abb2b2d8-5b68-11f1-38bb-2e1514092b6d) for alternator_latte_hot_partition.latte_hot_partition: write timeout due to uncertainty. Replica errors: )
...number of dropped error messages per sampling period: 63
  54.001      3498         0      3498           0.418     5.661     9.175    56.426    94.372   150.733   238.551   321.126
2026-05-29 14:14:15.224: [ERROR][Attempt 0/10][Retry in 62 ms] SdkError: Internal server error: exceptions::mutation_write_timeout_exception (Failed to accept proposal(ac642978-5b68-11f1-43b2-43334925c03d) for alternator_latte_hot_partition.latte_hot_partition: write timeout due to uncertainty. Replica errors: )
2026-05-29 14:14:15.670: [ERROR][Attempt 0/10][Retry in 127 ms] SdkError: Internal server error: exceptions::mutation_write_timeout_exception (Failed to accept proposal(aca8a756-5b68-11f1-307a-e78627841f1d) for alternator_latte_hot_partition.latte_hot_partition: write timeout due to uncertainty. Replica errors: )
2026-05-29 14:14:15.250: [ERROR][Attempt 0/10][Retry in 107 ms] SdkError: Internal server error: exceptions::mutation_write_timeout_exception (Failed to accept proposal(ac68bde4-5b68-11f1-d552-3068e70f382b) for alternator_latte_hot_partition.latte_hot_partition: write timeout due to uncertainty. Replica errors: )
2026-05-29 14:14:15.381: [ERROR][Attempt 0/10][Retry in 84 ms] SdkError: Internal server error: exceptions::mutation_write_timeout_exception (Failed to accept proposal(ac7bdffa-5b68-11f1-d025-8b5742e9ae25) for alternator_latte_hot_partition.latte_hot_partition: write timeout due to uncertainty. Replica errors: )
2026-05-29 14:14:15.148: [ERROR][Attempt 0/10][Retry in 98 ms] SdkError: Internal server error: exceptions::mutation_write_timeout_exception (Failed to accept proposal(ac58e8e2-5b68-11f1-a77f-4232885c7f8a) for alternator_latte_hot_partition.latte_hot_partition: write timeout due to uncertainty. Replica errors: )
...number of dropped error messages per sampling period: 68
  55.001      3471         0      3471           0.445     7.868    23.364    87.359   118.030   201.851   330.039   476.840
2026-05-29 14:14:16.781: [ERROR][Attempt 0/10][Retry in 95 ms] SdkError: Internal server error: exceptions::mutation_write_timeout_exception (Failed to accept proposal(ad524c5c-5b68-11f1-db6b-fbf1ca06135b) for alternator_latte_hot_partition.latte_hot_partition: write timeout due to uncertainty. Replica errors: )
2026-05-29 14:14:16.346: [ERROR][Attempt 0/10][Retry in 95 ms] SdkError: Internal server error: exceptions::mutation_write_timeout_exception (Failed to accept proposal(ad0fce4a-5b68-11f1-8f54-06d4982a94a8) for alternator_latte_hot_partition.latte_hot_partition: write timeout due to uncertainty. Replica errors: )
2026-05-29 14:14:16.788: [ERROR][Attempt 0/10][Retry in 56 ms] SdkError: Internal server error: exceptions::mutation_write_timeout_exception (Failed to accept proposal(ad5367cc-5b68-11f1-14f1-994911c34b5f) for alternator_latte_hot_partition.latte_hot_partition: write timeout due to uncertainty. Replica errors: )
2026-05-29 14:14:16.409: [ERROR][Attempt 0/10][Retry in 58 ms] SdkError: Internal server error: exceptions::mutation_write_timeout_exception (Failed to accept proposal(ad19975e-5b68-11f1-3a24-084ec9aee080) for alternator_latte_hot_partition.latte_hot_partition: write timeout due to uncertainty. Replica errors: )
2026-05-29 14:14:16.375: [ERROR][Attempt 0/10][Retry in 94 ms] SdkError: Internal server error: exceptions::mutation_write_timeout_exception (Failed to accept proposal(ad1446c8-5b68-11f1-e300-e3326dae3b80) for alternator_latte_hot_partition.latte_hot_partition: write timeout due to uncertainty. Replica errors: )
...number of dropped error messages per sampling period: 62
  56.001      3563         0      3563           0.504     6.230    17.318    83.231   124.846   239.600   422.838   499.646
2026-05-29 14:14:17.076: [ERROR][Attempt 0/10][Retry in 54 ms] SdkError: Internal server error: exceptions::mutation_write_timeout_exception (Failed to accept proposal(ad7f11b0-5b68-11f1-2079-bc64025b62e0) for alternator_latte_hot_partition.latte_hot_partition: write timeout due to uncertainty. Replica errors: )
2026-05-29 14:14:17.530: [ERROR][Attempt 0/10][Retry in 100 ms] SdkError: Internal server error: exceptions::mutation_write_timeout_exception (Failed to accept proposal(adc47c00-5b68-11f1-3fc7-e0aeb903f6c3) for alternator_latte_hot_partition.latte_hot_partition: write timeout due to uncertainty. Replica errors: )
2026-05-29 14:14:17.496: [ERROR][Attempt 0/10][Retry in 72 ms] SdkError: Internal server error: exceptions::mutation_write_timeout_exception (Failed to accept proposal(adbf3a42-5b68-11f1-0176-a75894a4aad0) for alternator_latte_hot_partition.latte_hot_partition: write timeout due to uncertainty. Replica errors: )
2026-05-29 14:14:17.092: [ERROR][Attempt 0/10][Retry in 74 ms] SdkError: Internal server error: exceptions::mutation_write_timeout_exception (Failed to accept proposal(ad81bd16-5b68-11f1-77cd-ccf53a7a4009) for alternator_latte_hot_partition.latte_hot_partition: write timeout due to uncertainty. Replica errors: )
2026-05-29 14:14:17.356: [ERROR][Attempt 0/10][Retry in 61 ms] SdkError: Internal server error: exceptions::mutation_write_timeout_exception (Failed to accept proposal(adaa5cd0-5b68-11f1-a0d1-57532bff3b0e) for alternator_latte_hot_partition.latte_hot_partition: write timeout due to uncertainty. Replica errors: )
...number of dropped error messages per sampling period: 77
  57.002      3417         0      3417           0.424     6.455    11.903    68.813   104.661   170.131   283.116   731.382
2026-05-29 14:14:18.145: [ERROR][Attempt 0/10][Retry in 87 ms] SdkError: Internal server error: exceptions::mutation_write_timeout_exception (Failed to accept proposal(ae22463c-5b68-11f1-520d-7baf039f2932) for alternator_latte_hot_partition.latte_hot_partition: write timeout due to uncertainty. Replica errors: )
2026-05-29 14:14:18.904: [ERROR][Attempt 0/10][Retry in 129 ms] SdkError: Internal server error: exceptions::mutation_write_timeout_exception (Failed to accept proposal(ae95fec4-5b68-11f1-93e1-43024ae24ea1) for alternator_latte_hot_partition.latte_hot_partition: write timeout due to uncertainty. Replica errors: )
2026-05-29 14:14:18.602: [ERROR][Attempt 0/10][Retry in 125 ms] SdkError: Internal server error: exceptions::mutation_write_timeout_exception (Failed to accept proposal(ae678e40-5b68-11f1-6f23-fb7152970bfd) for alternator_latte_hot_partition.latte_hot_partition: write timeout due to uncertainty. Replica errors: )
2026-05-29 14:14:18.578: [ERROR][Attempt 0/10][Retry in 88 ms] SdkError: Internal server error: exceptions::mutation_write_timeout_exception (Failed to accept proposal(ae643d9e-5b68-11f1-7976-c287dafa3316) for alternator_latte_hot_partition.latte_hot_partition: write timeout due to uncertainty. Replica errors: )
2026-05-29 14:14:18.776: [ERROR][Attempt 0/10][Retry in 83 ms] SdkError: Internal server error: exceptions::mutation_write_timeout_exception (Failed to accept proposal(ae82932a-5b68-11f1-f27d-8132a727f89d) for alternator_latte_hot_partition.latte_hot_partition: write timeout due to uncertainty. Replica errors: )
...number of dropped error messages per sampling period: 81
  58.001      3542         0      3542           0.423     8.413    39.322   113.115   162.660   284.688   512.492   645.399
2026-05-29 14:14:19.027: [ERROR][Attempt 0/10][Retry in 136 ms] SdkError: Internal server error: exceptions::mutation_write_timeout_exception (Failed to accept proposal(aea93bd8-5b68-11f1-fc3f-269e49e47205) for alternator_latte_hot_partition.latte_hot_partition: write timeout due to uncertainty. Replica errors: )
2026-05-29 14:14:19.409: [ERROR][Attempt 0/10][Retry in 66 ms] SdkError: Internal server error: exceptions::mutation_write_timeout_exception (Failed to accept proposal(aee34b3e-5b68-11f1-0fec-4d701328dadc) for alternator_latte_hot_partition.latte_hot_partition: write timeout due to uncertainty. Replica errors: )
2026-05-29 14:14:19.124: [ERROR][Attempt 0/10][Retry in 53 ms] SdkError: Internal server error: exceptions::mutation_write_timeout_exception (Failed to accept proposal(aeb7e05c-5b68-11f1-c68a-490d9c8b50d5) for alternator_latte_hot_partition.latte_hot_partition: write timeout due to uncertainty. Replica errors: )
2026-05-29 14:14:19.117: [ERROR][Attempt 0/10][Retry in 80 ms] SdkError: Internal server error: exceptions::mutation_write_timeout_exception (Failed to accept proposal(aeb6f53e-5b68-11f1-9216-e286b926e829) for alternator_latte_hot_partition.latte_hot_partition: write timeout due to uncertainty. Replica errors: )
2026-05-29 14:14:19.040: [ERROR][Attempt 0/10][Retry in 67 ms] SdkError: Internal server error: exceptions::mutation_write_timeout_exception (Failed to accept proposal(aeaafab8-5b68-11f1-31f0-48b5c149b9ab) for alternator_latte_hot_partition.latte_hot_partition: write timeout due to uncertainty. Replica errors: )
...number of dropped error messages per sampling period: 63
  59.001      3515         0      3516           0.438     5.919    11.502    75.104   112.198   187.433   316.408   357.302
2026-05-29 14:14:20.376: [ERROR][Attempt 0/10][Retry in 50 ms] SdkError: Internal server error: exceptions::mutation_write_timeout_exception (Failed to accept proposal(af76262a-5b68-11f1-1e2a-c1db50dce2df) for alternator_latte_hot_partition.latte_hot_partition: write timeout due to uncertainty. Replica errors: )
2026-05-29 14:14:19.983: [ERROR][Attempt 0/10][Retry in 143 ms] SdkError: Internal server error: exceptions::mutation_write_timeout_exception (Failed to accept proposal(af3afece-5b68-11f1-50fd-90dc28abbc84) for alternator_latte_hot_partition.latte_hot_partition: write timeout due to uncertainty. Replica errors: )
2026-05-29 14:14:20.245: [ERROR][Attempt 0/10][Retry in 75 ms] SdkError: Internal server error: exceptions::mutation_write_timeout_exception (Failed to accept proposal(af62f064-5b68-11f1-7d3c-35c3cee212fd) for alternator_latte_hot_partition.latte_hot_partition: write timeout due to uncertainty. Replica errors: )
2026-05-29 14:14:20.875: [ERROR][Attempt 0/10][Retry in 76 ms] SdkError: Internal server error: exceptions::mutation_write_timeout_exception (Failed to accept proposal(afc2ba44-5b68-11f1-5ddf-37e3fdb4d6a7) for alternator_latte_hot_partition.latte_hot_partition: write timeout due to uncertainty. Replica errors: )
2026-05-29 14:14:20.271: [ERROR][Attempt 0/10][Retry in 75 ms] SdkError: Internal server error: exceptions::mutation_write_timeout_exception (Failed to accept proposal(af665e84-5b68-11f1-18ec-e9d65c211b8f) for alternator_latte_hot_partition.latte_hot_partition: write timeout due to uncertainty. Replica errors: )
...number of dropped error messages per sampling period: 81
  60.002      3477         0      3476           0.451     7.270    16.654    82.706   113.050   200.933   322.175   334.234
2026-05-29 14:14:21.265: [ERROR][Attempt 0/10][Retry in 105 ms] SdkError: Internal server error: exceptions::mutation_write_timeout_exception (Failed to accept proposal(affe4e56-5b68-11f1-c213-cda3e8a49946) for alternator_latte_hot_partition.latte_hot_partition: write timeout due to uncertainty. Replica errors: )
2026-05-29 14:14:21.102: [ERROR][Attempt 0/10][Retry in 141 ms] SdkError: Internal server error: exceptions::mutation_write_timeout_exception (Failed to accept proposal(afe568c8-5b68-11f1-2fa6-c3fc6d6086cc) for alternator_latte_hot_partition.latte_hot_partition: write timeout due to uncertainty. Replica errors: )
2026-05-29 14:14:21.033: [ERROR][Attempt 0/10][Retry in 90 ms] SdkError: Internal server error: exceptions::mutation_write_timeout_exception (Failed to accept proposal(afdb52ca-5b68-11f1-0d30-3dbd949e655d) for alternator_latte_hot_partition.latte_hot_partition: write timeout due to uncertainty. Replica errors: )
2026-05-29 14:14:21.951: [ERROR][Attempt 0/10][Retry in 135 ms] SdkError: Internal server error: exceptions::mutation_write_timeout_exception (Failed to accept proposal(b066fb7c-5b68-11f1-4fa4-09e3e92f3fa7) for alternator_latte_hot_partition.latte_hot_partition: write timeout due to uncertainty. Replica errors: )
2026-05-29 14:14:21.756: [ERROR][Attempt 0/10][Retry in 108 ms] SdkError: Internal server error: exceptions::mutation_write_timeout_exception (Failed to accept proposal(b049552c-5b68-11f1-2076-22939bcabc25) for alternator_latte_hot_partition.latte_hot_partition: write timeout due to uncertainty. Replica errors: )
...number of dropped error messages per sampling period: 71
  61.002      3535         0      3535           0.376     6.009    14.057    78.316   116.523   238.420   437.518   523.764
2026-05-29 14:14:22.553: [ERROR][Attempt 0/10][Retry in 60 ms] SdkError: Internal server error: exceptions::mutation_write_timeout_exception (Failed to accept proposal(b0c30ae8-5b68-11f1-8430-cf6ebe4034ed) for alternator_latte_hot_partition.latte_hot_partition: write timeout due to uncertainty. Replica errors: )
2026-05-29 14:14:22.167: [ERROR][Attempt 0/10][Retry in 87 ms] SdkError: Internal server error: exceptions::mutation_write_timeout_exception (Failed to accept proposal(b088105a-5b68-11f1-4b53-190e495283cf) for alternator_latte_hot_partition.latte_hot_partition: write timeout due to uncertainty. Replica errors: )
2026-05-29 14:14:22.160: [ERROR][Attempt 0/10][Retry in 107 ms] SdkError: Internal server error: exceptions::mutation_write_timeout_exception (Failed to accept proposal(b0871b28-5b68-11f1-074c-ea14763655bf) for alternator_latte_hot_partition.latte_hot_partition: write timeout due to uncertainty. Replica errors: )
2026-05-29 14:14:22.200: [ERROR][Attempt 0/10][Retry in 58 ms] SdkError: Internal server error: exceptions::mutation_write_timeout_exception (Failed to accept proposal(b08d3238-5b68-11f1-3d0e-bc81cb5507eb) for alternator_latte_hot_partition.latte_hot_partition: write timeout due to uncertainty. Replica errors: )
2026-05-29 14:14:22.722: [ERROR][Attempt 0/10][Retry in 107 ms] SdkError: Internal server error: exceptions::mutation_write_timeout_exception (Failed to accept proposal(b0dc7d5c-5b68-11f1-a11e-7466bd1b626b) for alternator_latte_hot_partition.latte_hot_partition: write timeout due to uncertainty. Replica errors: )
...number of dropped error messages per sampling period: 67
  62.001      3411         0      3412           0.538     6.738    14.311    77.595   119.669   224.264   315.884   457.703
2026-05-29 14:14:23.320: [ERROR][Attempt 0/10][Retry in 98 ms] SdkError: Internal server error: exceptions::mutation_write_timeout_exception (Failed to accept proposal(b137da62-5b68-11f1-8572-59942e29d085) for alternator_latte_hot_partition.latte_hot_partition: write timeout due to uncertainty. Replica errors: )
2026-05-29 14:14:22.995: [ERROR][Attempt 0/10][Retry in 130 ms] SdkError: Internal server error: exceptions::mutation_write_timeout_exception (Failed to accept proposal(b10638e0-5b68-11f1-635b-650f3c8f251e) for alternator_latte_hot_partition.latte_hot_partition: write timeout due to uncertainty. Replica errors: )
2026-05-29 14:14:23.465: [ERROR][Attempt 0/10][Retry in 119 ms] SdkError: Internal server error: exceptions::mutation_write_timeout_exception (Failed to accept proposal(b14e5706-5b68-11f1-612b-32f02f779c0e) for alternator_latte_hot_partition.latte_hot_partition: write timeout due to uncertainty. Replica errors: )
2026-05-29 14:14:23.494: [ERROR][Attempt 0/10][Retry in 98 ms] SdkError: Internal server error: exceptions::mutation_write_timeout_exception (Failed to accept proposal(b1527e3a-5b68-11f1-b52f-d1c925f74e37) for alternator_latte_hot_partition.latte_hot_partition: write timeout due to uncertainty. Replica errors: )
2026-05-29 14:14:23.411: [ERROR][Attempt 0/10][Retry in 80 ms] SdkError: Internal server error: exceptions::mutation_write_timeout_exception (Failed to accept proposal(b146015a-5b68-11f1-0598-72682e972cb7) for alternator_latte_hot_partition.latte_hot_partition: write timeout due to uncertainty. Replica errors: )
...number of dropped error messages per sampling period: 64
  63.001      3593         0      3593           0.456     6.771    19.890    99.680   153.616   285.999   580.387   725.615
2026-05-29 14:14:23.977: [ERROR][Attempt 0/10][Retry in 107 ms] SdkError: Internal server error: exceptions::mutation_write_timeout_exception (Failed to accept proposal(b19c5c30-5b68-11f1-c3bd-9fc71cad0418) for alternator_latte_hot_partition.latte_hot_partition: write timeout due to uncertainty. Replica errors: )
2026-05-29 14:14:24.213: [ERROR][Attempt 0/10][Retry in 127 ms] SdkError: Internal server error: exceptions::mutation_write_timeout_exception (Failed to accept proposal(b1c07020-5b68-11f1-c21f-cca80cadfd08) for alternator_latte_hot_partition.latte_hot_partition: write timeout due to uncertainty. Replica errors: )
2026-05-29 14:14:24.068: [ERROR][Attempt 0/10][Retry in 80 ms] SdkError: Internal server error: exceptions::mutation_write_timeout_exception (Failed to accept proposal(b1aa5a88-5b68-11f1-fc48-5cb93a9bec03) for alternator_latte_hot_partition.latte_hot_partition: write timeout due to uncertainty. Replica errors: )
2026-05-29 14:14:24.799: [ERROR][Attempt 0/10][Retry in 54 ms] SdkError: Internal server error: exceptions::mutation_write_timeout_exception (Failed to accept proposal(b219d426-5b68-11f1-d768-a0d83bc1b741) for alternator_latte_hot_partition.latte_hot_partition: write timeout due to uncertainty. Replica errors: )
2026-05-29 14:14:24.505: [ERROR][Attempt 0/10][Retry in 127 ms] SdkError: Internal server error: exceptions::mutation_write_timeout_exception (Failed to accept proposal(b1ed1bd4-5b68-11f1-e6c1-48a3bbaf0264) for alternator_latte_hot_partition.latte_hot_partition: write timeout due to uncertainty. Replica errors: )
...number of dropped error messages per sampling period: 53
  64.001      3453         0      3452           0.469     5.681     9.470    47.710    82.379   153.223   233.832   300.417
2026-05-29 14:14:25.473: [ERROR][Attempt 0/10][Retry in 100 ms] SdkError: Internal server error: exceptions::mutation_write_timeout_exception (Failed to accept proposal(b2808ad6-5b68-11f1-a947-20fe0f811505) for alternator_latte_hot_partition.latte_hot_partition: write timeout due to uncertainty. Replica errors: )
2026-05-29 14:14:25.439: [ERROR][Attempt 0/10][Retry in 140 ms] SdkError: Internal server error: exceptions::mutation_write_timeout_exception (Failed to accept proposal(b27b5156-5b68-11f1-7faf-4e043b2e17d6) for alternator_latte_hot_partition.latte_hot_partition: write timeout due to uncertainty. Replica errors: )
2026-05-29 14:14:25.296: [ERROR][Attempt 0/10][Retry in 50 ms] SdkError: Internal server error: exceptions::mutation_write_timeout_exception (Failed to accept proposal(b265b6ca-5b68-11f1-4eab-b54601e9b0c6) for alternator_latte_hot_partition.latte_hot_partition: write timeout due to uncertainty. Replica errors: )
2026-05-29 14:14:25.868: [ERROR][Attempt 0/10][Retry in 105 ms] SdkError: Internal server error: exceptions::mutation_write_timeout_exception (Failed to accept proposal(b2bce062-5b68-11f1-ab04-3a53d8403ffc) for alternator_latte_hot_partition.latte_hot_partition: write timeout due to uncertainty. Replica errors: )
2026-05-29 14:14:25.697: [ERROR][Attempt 0/10][Retry in 146 ms] SdkError: Internal server error: exceptions::mutation_write_timeout_exception (Failed to accept proposal(b2a2fd8c-5b68-11f1-9a5c-b0e689ec3212) for alternator_latte_hot_partition.latte_hot_partition: write timeout due to uncertainty. Replica errors: )
...number of dropped error messages per sampling period: 80
  65.001      3512         0      3512           0.374     7.631    25.264    89.391   129.303   216.531   393.740   476.316
2026-05-29 14:14:26.548: [ERROR][Attempt 0/10][Retry in 84 ms] SdkError: Internal server error: exceptions::mutation_write_timeout_exception (Failed to accept proposal(b324cea2-5b68-11f1-08f2-71b672aa5abf) for alternator_latte_hot_partition.latte_hot_partition: write timeout due to uncertainty. Replica errors: )
2026-05-29 14:14:26.835: [ERROR][Attempt 0/10][Retry in 140 ms] SdkError: Internal server error: exceptions::mutation_write_timeout_exception (Failed to accept proposal(b34fa942-5b68-11f1-5234-80147a208476) for alternator_latte_hot_partition.latte_hot_partition: write timeout due to uncertainty. Replica errors: )
2026-05-29 14:14:26.696: [ERROR][Attempt 0/10][Retry in 59 ms] SdkError: Internal server error: exceptions::mutation_write_timeout_exception (Failed to accept proposal(b33b45ce-5b68-11f1-d915-15560d80422f) for alternator_latte_hot_partition.latte_hot_partition: write timeout due to uncertainty. Replica errors: )
2026-05-29 14:14:25.974: [ERROR][Attempt 0/10][Retry in 95 ms] SdkError: Internal server error: exceptions::mutation_write_timeout_exception (Failed to accept proposal(b2cd07e4-5b68-11f1-dc93-743cdf26ba7b) for alternator_latte_hot_partition.latte_hot_partition: write timeout due to uncertainty. Replica errors: )
2026-05-29 14:14:26.532: [ERROR][Attempt 0/10][Retry in 117 ms] SdkError: Internal server error: exceptions::mutation_write_timeout_exception (Failed to accept proposal(b32231f6-5b68-11f1-e367-789efe5ee15c) for alternator_latte_hot_partition.latte_hot_partition: write timeout due to uncertainty. Replica errors: )
...number of dropped error messages per sampling period: 59
  66.001      3546         0      3547           0.396     5.505     8.839    44.663    88.080   164.495   331.874   505.676
2026-05-29 14:14:27.207: [ERROR][Attempt 0/10][Retry in 142 ms] SdkError: Internal server error: exceptions::mutation_write_timeout_exception (Failed to accept proposal(b38939c8-5b68-11f1-2da4-94661d58f853) for alternator_latte_hot_partition.latte_hot_partition: write timeout due to uncertainty. Replica errors: )
2026-05-29 14:14:27.576: [ERROR][Attempt 0/10][Retry in 145 ms] SdkError: Internal server error: exceptions::mutation_write_timeout_exception (Failed to accept proposal(b3c0ad36-5b68-11f1-5b87-edf19d389317) for alternator_latte_hot_partition.latte_hot_partition: write timeout due to uncertainty. Replica errors: )
2026-05-29 14:14:27.638: [ERROR][Attempt 0/10][Retry in 61 ms] SdkError: Internal server error: exceptions::mutation_write_timeout_exception (Failed to accept proposal(b3caaeee-5b68-11f1-f5a2-b0fcf9106bea) for alternator_latte_hot_partition.latte_hot_partition: write timeout due to uncertainty. Replica errors: )
2026-05-29 14:14:27.042: [ERROR][Attempt 1/10][Retry in 204 ms] SdkError: Internal server error: exceptions::mutation_write_timeout_exception (Failed to accept proposal(b370122c-5b68-11f1-9884-298722ab848c) for alternator_latte_hot_partition.latte_hot_partition: write timeout due to uncertainty. Replica errors: )
2026-05-29 14:14:27.457: [ERROR][Attempt 0/10][Retry in 56 ms] SdkError: Internal server error: exceptions::mutation_write_timeout_exception (Failed to accept proposal(b3af2cbe-5b68-11f1-d271-7d2a02d1d702) for alternator_latte_hot_partition.latte_hot_partition: write timeout due to uncertainty. Replica errors: )
...number of dropped error messages per sampling period: 78
  67.001      3424         0      3424           0.430     6.779    14.803    75.563   110.887   190.579   275.251   391.905
2026-05-29 14:14:28.122: [ERROR][Attempt 0/10][Retry in 117 ms] SdkError: Internal server error: exceptions::mutation_write_timeout_exception (Failed to accept proposal(b414da1e-5b68-11f1-2073-01441182d908) for alternator_latte_hot_partition.latte_hot_partition: write timeout due to uncertainty. Replica errors: )
2026-05-29 14:14:28.222: [ERROR][Attempt 0/10][Retry in 122 ms] SdkError: Internal server error: exceptions::mutation_write_timeout_exception (Failed to accept proposal(b423b9bc-5b68-11f1-a740-eb3a5f5e267c) for alternator_latte_hot_partition.latte_hot_partition: write timeout due to uncertainty. Replica errors: )
2026-05-29 14:14:28.130: [ERROR][Attempt 0/10][Retry in 102 ms] SdkError: Internal server error: exceptions::mutation_write_timeout_exception (Failed to accept proposal(b4160dda-5b68-11f1-7fdc-3b2a8914daca) for alternator_latte_hot_partition.latte_hot_partition: write timeout due to uncertainty. Replica errors: )
2026-05-29 14:14:28.572: [ERROR][Attempt 0/10][Retry in 52 ms] SdkError: Internal server error: exceptions::mutation_write_timeout_exception (Failed to accept proposal(b4597e1c-5b68-11f1-e83c-c1a6f11d062b) for alternator_latte_hot_partition.latte_hot_partition: write timeout due to uncertainty. Replica errors: )
2026-05-29 14:14:27.964: [ERROR][Attempt 0/10][Retry in 112 ms] SdkError: Internal server error: exceptions::mutation_write_timeout_exception (Failed to accept proposal(b3fcc456-5b68-11f1-0db5-bbd0d9494741) for alternator_latte_hot_partition.latte_hot_partition: write timeout due to uncertainty. Replica errors: )
...number of dropped error messages per sampling period: 81
  68.001      3549         0      3548           0.461     6.918    20.136    88.932   125.239   226.230   375.128   814.219
2026-05-29 14:14:29.566: [ERROR][Attempt 0/10][Retry in 74 ms] SdkError: Internal server error: exceptions::mutation_write_timeout_exception (Failed to accept proposal(b4f0f3e6-5b68-11f1-6c8f-89f297b41271) for alternator_latte_hot_partition.latte_hot_partition: write timeout due to uncertainty. Replica errors: )
2026-05-29 14:14:29.948: [ERROR][Attempt 0/10][Retry in 139 ms] SdkError: Internal server error: exceptions::mutation_write_timeout_exception (Failed to accept proposal(b52bb206-5b68-11f1-0b4b-6928e34c0ee8) for alternator_latte_hot_partition.latte_hot_partition: write timeout due to uncertainty. Replica errors: )
2026-05-29 14:14:29.107: [ERROR][Attempt 0/10][Retry in 52 ms] SdkError: Internal server error: exceptions::mutation_write_timeout_exception (Failed to accept proposal(b4aa295c-5b68-11f1-7ec6-73876965cfa3) for alternator_latte_hot_partition.latte_hot_partition: write timeout due to uncertainty. Replica errors: )
2026-05-29 14:14:29.216: [ERROR][Attempt 0/10][Retry in 132 ms] SdkError: Internal server error: exceptions::mutation_write_timeout_exception (Failed to accept proposal(b4bba402-5b68-11f1-3196-7734a3fc70e7) for alternator_latte_hot_partition.latte_hot_partition: write timeout due to uncertainty. Replica errors: )
2026-05-29 14:14:29.145: [ERROR][Attempt 0/10][Retry in 57 ms] SdkError: Internal server error: exceptions::mutation_write_timeout_exception (Failed to accept proposal(b4b1068c-5b68-11f1-d815-5b2725b3f8b6) for alternator_latte_hot_partition.latte_hot_partition: write timeout due to uncertainty. Replica errors: )
...number of dropped error messages per sampling period: 83
  69.002      3456         0      3456           0.468     6.369    13.967    77.398   108.724   216.400   418.382   637.010
2026-05-29 14:14:30.603: [ERROR][Attempt 0/10][Retry in 144 ms] SdkError: Internal server error: exceptions::mutation_write_timeout_exception (Failed to accept proposal(b58f7e76-5b68-11f1-8182-3c0f8c6d80b4) for alternator_latte_hot_partition.latte_hot_partition: write timeout due to uncertainty. Replica errors: )
2026-05-29 14:14:30.488: [ERROR][Attempt 0/10][Retry in 142 ms] SdkError: Internal server error: exceptions::mutation_write_timeout_exception (Failed to accept proposal(b57daa84-5b68-11f1-3526-7baed28fe238) for alternator_latte_hot_partition.latte_hot_partition: write timeout due to uncertainty. Replica errors: )
2026-05-29 14:14:30.872: [ERROR][Attempt 0/10][Retry in 123 ms] SdkError: Internal server error: exceptions::mutation_write_timeout_exception (Failed to accept proposal(b5b835be-5b68-11f1-889c-b2f956ffcd9d) for alternator_latte_hot_partition.latte_hot_partition: write timeout due to uncertainty. Replica errors: )
2026-05-29 14:14:30.251: [ERROR][Attempt 0/10][Retry in 78 ms] SdkError: Internal server error: exceptions::mutation_write_timeout_exception (Failed to accept proposal(b5597164-5b68-11f1-4ed3-aa6024e7f33a) for alternator_latte_hot_partition.latte_hot_partition: write timeout due to uncertainty. Replica errors: )
2026-05-29 14:14:30.589: [ERROR][Attempt 0/10][Retry in 91 ms] SdkError: Internal server error: exceptions::mutation_write_timeout_exception (Failed to accept proposal(b58d43c2-5b68-11f1-f887-8b96862d198a) for alternator_latte_hot_partition.latte_hot_partition: write timeout due to uncertainty. Replica errors: )
...number of dropped error messages per sampling period: 72
  70.002      3509         0      3509           0.454     7.811    25.100    96.403   138.281   235.274   440.140   513.802
2026-05-29 14:14:31.070: [ERROR][Attempt 0/10][Retry in 67 ms] SdkError: Internal server error: exceptions::mutation_write_timeout_exception (Failed to accept proposal(b5d654e0-5b68-11f1-9038-2dfb91ec115a) for alternator_latte_hot_partition.latte_hot_partition: write timeout due to uncertainty. Replica errors: )
2026-05-29 14:14:31.339: [ERROR][Attempt 0/10][Retry in 61 ms] SdkError: Internal server error: exceptions::mutation_write_timeout_exception (Failed to accept proposal(b5ffdc98-5b68-11f1-357a-601a824d403d) for alternator_latte_hot_partition.latte_hot_partition: write timeout due to uncertainty. Replica errors: )
2026-05-29 14:14:31.398: [ERROR][Attempt 0/10][Retry in 73 ms] SdkError: Internal server error: exceptions::mutation_write_timeout_exception (Failed to accept proposal(b608b08e-5b68-11f1-809d-abb5a203a46d) for alternator_latte_hot_partition.latte_hot_partition: write timeout due to uncertainty. Replica errors: )
2026-05-29 14:14:31.341: [ERROR][Attempt 0/10][Retry in 132 ms] SdkError: Internal server error: exceptions::mutation_write_timeout_exception (Failed to accept proposal(b60008f8-5b68-11f1-3add-12be1797048f) for alternator_latte_hot_partition.latte_hot_partition: write timeout due to uncertainty. Replica errors: )
2026-05-29 14:14:31.375: [ERROR][Attempt 0/10][Retry in 81 ms] SdkError: Internal server error: exceptions::mutation_write_timeout_exception (Failed to accept proposal(b60536fc-5b68-11f1-c602-1e4bacbfaf37) for alternator_latte_hot_partition.latte_hot_partition: write timeout due to uncertainty. Replica errors: )
...number of dropped error messages per sampling period: 59
  71.001      3553         0      3554           0.409     5.616     9.847    64.848   105.316   210.371   343.146   560.464
2026-05-29 14:14:32.421: [ERROR][Attempt 0/10][Retry in 62 ms] SdkError: Internal server error: exceptions::mutation_write_timeout_exception (Failed to accept proposal(b6a50d62-5b68-11f1-a78c-45ce8993ef5f) for alternator_latte_hot_partition.latte_hot_partition: write timeout due to uncertainty. Replica errors: )
2026-05-29 14:14:32.803: [ERROR][Attempt 0/10][Retry in 74 ms] SdkError: Internal server error: exceptions::mutation_write_timeout_exception (Failed to accept proposal(b6df0274-5b68-11f1-cc54-5364e45276ab) for alternator_latte_hot_partition.latte_hot_partition: write timeout due to uncertainty. Replica errors: )
2026-05-29 14:14:32.856: [ERROR][Attempt 0/10][Retry in 72 ms] SdkError: Internal server error: exceptions::mutation_write_timeout_exception (Failed to accept proposal(b6e65f60-5b68-11f1-17c7-d74fa576fccf) for alternator_latte_hot_partition.latte_hot_partition: write timeout due to uncertainty. Replica errors: )
2026-05-29 14:14:32.810: [ERROR][Attempt 0/10][Retry in 67 ms] SdkError: Internal server error: exceptions::mutation_write_timeout_exception (Failed to accept proposal(b6df3370-5b68-11f1-3c63-66c3cf34e1cb) for alternator_latte_hot_partition.latte_hot_partition: write timeout due to uncertainty. Replica errors: )
2026-05-29 14:14:32.379: [ERROR][Attempt 0/10][Retry in 142 ms] SdkError: Internal server error: exceptions::mutation_write_timeout_exception (Failed to accept proposal(b69dc8fe-5b68-11f1-d119-76f118fda92f) for alternator_latte_hot_partition.latte_hot_partition: write timeout due to uncertainty. Replica errors: )
...number of dropped error messages per sampling period: 70
  72.001      3445         0      3445           0.502     7.066    15.811    80.675   119.538   229.769   363.069   460.325
2026-05-29 14:14:33.411: [ERROR][Attempt 0/10][Retry in 86 ms] SdkError: Internal server error: exceptions::mutation_write_timeout_exception (Failed to accept proposal(b73bb7a8-5b68-11f1-7e48-23e47803d4f8) for alternator_latte_hot_partition.latte_hot_partition: write timeout due to uncertainty. Replica errors: )
2026-05-29 14:14:33.396: [ERROR][Attempt 0/10][Retry in 133 ms] SdkError: Internal server error: exceptions::mutation_write_timeout_exception (Failed to accept proposal(b739986a-5b68-11f1-5585-4ab07ceadf05) for alternator_latte_hot_partition.latte_hot_partition: write timeout due to uncertainty. Replica errors: )
2026-05-29 14:14:33.168: [ERROR][Attempt 0/10][Retry in 118 ms] SdkError: Internal server error: exceptions::mutation_write_timeout_exception (Failed to accept proposal(b716a8fa-5b68-11f1-cc9d-907e2eb52549) for alternator_latte_hot_partition.latte_hot_partition: write timeout due to uncertainty. Replica errors: )
2026-05-29 14:14:33.025: [ERROR][Attempt 1/10][Retry in 155 ms] SdkError: Internal server error: exceptions::mutation_write_timeout_exception (Failed to accept proposal(b700de58-5b68-11f1-b570-90ef793c0940) for alternator_latte_hot_partition.latte_hot_partition: write timeout due to uncertainty. Replica errors: )
2026-05-29 14:14:33.421: [ERROR][Attempt 0/10][Retry in 100 ms] SdkError: Internal server error: exceptions::mutation_write_timeout_exception (Failed to accept proposal(b73d2e58-5b68-11f1-3732-d41a0bbfcc8d) for alternator_latte_hot_partition.latte_hot_partition: write timeout due to uncertainty. Replica errors: )
...number of dropped error messages per sampling period: 81
  73.002      3541         0      3540           0.400     6.509    18.350    91.423   143.655   307.757   404.488   645.399
2026-05-29 14:14:34.400: [ERROR][Attempt 0/10][Retry in 81 ms] SdkError: Internal server error: exceptions::mutation_write_timeout_exception (Failed to accept proposal(b7d28c50-5b68-11f1-e7e7-a99abb2fd186) for alternator_latte_hot_partition.latte_hot_partition: write timeout due to uncertainty. Replica errors: )
2026-05-29 14:14:34.855: [ERROR][Attempt 0/10][Retry in 68 ms] SdkError: Internal server error: exceptions::mutation_write_timeout_exception (Failed to accept proposal(b81801a4-5b68-11f1-067c-179aa8ed3a34) for alternator_latte_hot_partition.latte_hot_partition: write timeout due to uncertainty. Replica errors: )
2026-05-29 14:14:34.172: [ERROR][Attempt 0/10][Retry in 53 ms] SdkError: Internal server error: exceptions::mutation_write_timeout_exception (Failed to accept proposal(b7af5046-5b68-11f1-ae84-51b22ae82de6) for alternator_latte_hot_partition.latte_hot_partition: write timeout due to uncertainty. Replica errors: )
2026-05-29 14:14:34.068: [ERROR][Attempt 0/10][Retry in 93 ms] SdkError: Internal server error: exceptions::mutation_write_timeout_exception (Failed to accept proposal(b7a02ab2-5b68-11f1-b2d7-9f647170e5bd) for alternator_latte_hot_partition.latte_hot_partition: write timeout due to uncertainty. Replica errors: )
2026-05-29 14:14:34.227: [ERROR][Attempt 0/10][Retry in 70 ms] SdkError: Internal server error: exceptions::mutation_write_timeout_exception (Failed to accept proposal(b7b885c6-5b68-11f1-6972-2044f4694e07) for alternator_latte_hot_partition.latte_hot_partition: write timeout due to uncertainty. Replica errors: )
...number of dropped error messages per sampling period: 68
  74.002      3473         0      3473           0.390     5.943    10.789    66.912   104.071   198.967   370.409   516.948
2026-05-29 14:14:35.009: [ERROR][Attempt 0/10][Retry in 81 ms] SdkError: Internal server error: exceptions::mutation_write_timeout_exception (Failed to accept proposal(b82f938c-5b68-11f1-f475-18c3beb3c80d) for alternator_latte_hot_partition.latte_hot_partition: write timeout due to uncertainty. Replica errors: )
2026-05-29 14:14:35.609: [ERROR][Attempt 0/10][Retry in 96 ms] SdkError: Internal server error: exceptions::mutation_write_timeout_exception (Failed to accept proposal(b88b3e9e-5b68-11f1-d410-d18e05f2fd06) for alternator_latte_hot_partition.latte_hot_partition: write timeout due to uncertainty. Replica errors: )
2026-05-29 14:14:35.137: [ERROR][Attempt 0/10][Retry in 91 ms] SdkError: Internal server error: exceptions::mutation_write_timeout_exception (Failed to accept proposal(b8432578-5b68-11f1-bae7-75d7028d2dfe) for alternator_latte_hot_partition.latte_hot_partition: write timeout due to uncertainty. Replica errors: )
2026-05-29 14:14:35.094: [ERROR][Attempt 0/10][Retry in 104 ms] SdkError: Internal server error: exceptions::mutation_write_timeout_exception (Failed to accept proposal(b83c8eb6-5b68-11f1-cb72-43e656628400) for alternator_latte_hot_partition.latte_hot_partition: write timeout due to uncertainty. Replica errors: )
2026-05-29 14:14:35.216: [ERROR][Attempt 0/10][Retry in 119 ms] SdkError: Internal server error: exceptions::mutation_write_timeout_exception (Failed to accept proposal(b84f54b0-5b68-11f1-6ca1-84e939c0879c) for alternator_latte_hot_partition.latte_hot_partition: write timeout due to uncertainty. Replica errors: )
...number of dropped error messages per sampling period: 75
  75.002      3497         0      3497           0.527     6.877    13.959    78.840   115.343   178.913   316.932   517.472
2026-05-29 14:14:36.542: [ERROR][Attempt 0/10][Retry in 57 ms] SdkError: Internal server error: exceptions::mutation_write_timeout_exception (Failed to accept proposal(b919261e-5b68-11f1-cda5-bfb669aaae74) for alternator_latte_hot_partition.latte_hot_partition: write timeout due to uncertainty. Replica errors: )
2026-05-29 14:14:36.603: [ERROR][Attempt 0/10][Retry in 75 ms] SdkError: Internal server error: exceptions::mutation_write_timeout_exception (Failed to accept proposal(b922e47e-5b68-11f1-b517-92784f81b108) for alternator_latte_hot_partition.latte_hot_partition: write timeout due to uncertainty. Replica errors: )
2026-05-29 14:14:36.045: [ERROR][Attempt 0/10][Retry in 94 ms] SdkError: Internal server error: exceptions::mutation_write_timeout_exception (Failed to accept proposal(b8cdce8a-5b68-11f1-3878-d07c78d7d8e9) for alternator_latte_hot_partition.latte_hot_partition: write timeout due to uncertainty. Replica errors: )
2026-05-29 14:14:36.817: [ERROR][Attempt 0/10][Retry in 93 ms] SdkError: Internal server error: exceptions::mutation_write_timeout_exception (Failed to accept proposal(b94328ce-5b68-11f1-70ca-a62c6705d19c) for alternator_latte_hot_partition.latte_hot_partition: write timeout due to uncertainty. Replica errors: )
2026-05-29 14:14:36.784: [ERROR][Attempt 0/10][Retry in 77 ms] SdkError: Internal server error: exceptions::mutation_write_timeout_exception (Failed to accept proposal(b93eb550-5b68-11f1-fff3-6e3e4fa6b3b3) for alternator_latte_hot_partition.latte_hot_partition: write timeout due to uncertainty. Replica errors: )
...number of dropped error messages per sampling period: 54
  76.001      3546         0      3546           0.461     5.816    10.330    60.228    90.636   167.510   346.817   418.644
2026-05-29 14:14:37.622: [ERROR][Attempt 0/10][Retry in 92 ms] SdkError: Internal server error: exceptions::mutation_write_timeout_exception (Failed to accept proposal(b9be560c-5b68-11f1-dabc-f0ba8b69ffca) for alternator_latte_hot_partition.latte_hot_partition: write timeout due to uncertainty. Replica errors: )
2026-05-29 14:14:37.740: [ERROR][Attempt 0/10][Retry in 116 ms] SdkError: Internal server error: exceptions::mutation_write_timeout_exception (Failed to accept proposal(b9d01e1e-5b68-11f1-0807-bb0573127b1b) for alternator_latte_hot_partition.latte_hot_partition: write timeout due to uncertainty. Replica errors: )
2026-05-29 14:14:37.179: [ERROR][Attempt 0/10][Retry in 89 ms] SdkError: Internal server error: exceptions::mutation_write_timeout_exception (Failed to accept proposal(b97acedc-5b68-11f1-2d82-8f3edce7c37c) for alternator_latte_hot_partition.latte_hot_partition: write timeout due to uncertainty. Replica errors: )
2026-05-29 14:14:37.086: [ERROR][Attempt 0/10][Retry in 107 ms] SdkError: Internal server error: exceptions::mutation_write_timeout_exception (Failed to accept proposal(b96c9ccc-5b68-11f1-546d-b19d3bf15ea1) for alternator_latte_hot_partition.latte_hot_partition: write timeout due to uncertainty. Replica errors: )
2026-05-29 14:14:37.659: [ERROR][Attempt 0/10][Retry in 134 ms] SdkError: Internal server error: exceptions::mutation_write_timeout_exception (Failed to accept proposal(b9c3f9d6-5b68-11f1-79ab-168c606f2a91) for alternator_latte_hot_partition.latte_hot_partition: write timeout due to uncertainty. Replica errors: )
...number of dropped error messages per sampling period: 83
  77.001      3451         0      3452           0.397     6.877    14.442    73.794   110.166   201.458   400.294   879.231
2026-05-29 14:14:38.940: [ERROR][Attempt 0/10][Retry in 52 ms] SdkError: Internal server error: exceptions::mutation_write_timeout_exception (Failed to accept proposal(ba8673f8-5b68-11f1-c5b3-7ac39fe6c483) for alternator_latte_hot_partition.latte_hot_partition: write timeout due to uncertainty. Replica errors: )
2026-05-29 14:14:38.084: [ERROR][Attempt 0/10][Retry in 134 ms] SdkError: Internal server error: exceptions::mutation_write_timeout_exception (Failed to accept proposal(ba041dfe-5b68-11f1-5ff6-1981e297ad0f) for alternator_latte_hot_partition.latte_hot_partition: write timeout due to uncertainty. Replica errors: )
2026-05-29 14:14:38.713: [ERROR][Attempt 0/10][Retry in 109 ms] SdkError: Internal server error: exceptions::mutation_write_timeout_exception (Failed to accept proposal(ba6475c8-5b68-11f1-0c9d-97b455fb6ce3) for alternator_latte_hot_partition.latte_hot_partition: write timeout due to uncertainty. Replica errors: )
2026-05-29 14:14:38.552: [ERROR][Attempt 1/10][Retry in 196 ms] SdkError: Internal server error: exceptions::mutation_write_timeout_exception (Failed to accept proposal(ba4c8a4e-5b68-11f1-b365-176edcc3f421) for alternator_latte_hot_partition.latte_hot_partition: write timeout due to uncertainty. Replica errors: )
2026-05-29 14:14:38.226: [ERROR][Attempt 0/10][Retry in 115 ms] SdkError: Internal server error: exceptions::mutation_write_timeout_exception (Failed to accept proposal(ba1a4ad4-5b68-11f1-8d66-fec3f30e6f1d) for alternator_latte_hot_partition.latte_hot_partition: write timeout due to uncertainty. Replica errors: )
...number of dropped error messages per sampling period: 78
  78.001      3516         0      3516           0.435     6.951    15.745    84.017   121.438   224.395   402.129   624.427
2026-05-29 14:14:39.818: [ERROR][Attempt 0/10][Retry in 93 ms] SdkError: Internal server error: exceptions::mutation_write_timeout_exception (Failed to accept proposal(bb0d3bc2-5b68-11f1-2021-c98398f8bc92) for alternator_latte_hot_partition.latte_hot_partition: write timeout due to uncertainty. Replica errors: )
2026-05-29 14:14:39.623: [ERROR][Attempt 0/10][Retry in 149 ms] SdkError: Internal server error: exceptions::mutation_write_timeout_exception (Failed to accept proposal(baeed506-5b68-11f1-ecb5-1de07f07db15) for alternator_latte_hot_partition.latte_hot_partition: write timeout due to uncertainty. Replica errors: )
2026-05-29 14:14:39.013: [ERROR][Attempt 0/10][Retry in 91 ms] SdkError: Internal server error: exceptions::mutation_write_timeout_exception (Failed to accept proposal(ba9276c6-5b68-11f1-1ec6-9245d7c475cd) for alternator_latte_hot_partition.latte_hot_partition: write timeout due to uncertainty. Replica errors: )
2026-05-29 14:14:39.922: [ERROR][Attempt 0/10][Retry in 132 ms] SdkError: Internal server error: exceptions::mutation_write_timeout_exception (Failed to accept proposal(bb1c7772-5b68-11f1-45e8-ff87d03eaab6) for alternator_latte_hot_partition.latte_hot_partition: write timeout due to uncertainty. Replica errors: )
2026-05-29 14:14:39.874: [ERROR][Attempt 0/10][Retry in 98 ms] SdkError: Internal server error: exceptions::mutation_write_timeout_exception (Failed to accept proposal(bb16077a-5b68-11f1-bf40-a508568b5ca8) for alternator_latte_hot_partition.latte_hot_partition: write timeout due to uncertainty. Replica errors: )
...number of dropped error messages per sampling period: 83
  79.002      3437         0      3437           0.389     6.308    12.517    65.634   105.710   180.486   233.701   331.088
2026-05-29 14:14:40.358: [ERROR][Attempt 0/10][Retry in 131 ms] SdkError: Internal server error: exceptions::mutation_write_timeout_exception (Failed to accept proposal(bb5fa858-5b68-11f1-68a4-c3ce00377b12) for alternator_latte_hot_partition.latte_hot_partition: write timeout due to uncertainty. Replica errors: )
2026-05-29 14:14:40.683: [ERROR][Attempt 0/10][Retry in 100 ms] SdkError: Internal server error: exceptions::mutation_write_timeout_exception (Failed to accept proposal(bb916cc6-5b68-11f1-92b2-39e6a7c443f4) for alternator_latte_hot_partition.latte_hot_partition: write timeout due to uncertainty. Replica errors: )
2026-05-29 14:14:39.971: [ERROR][Attempt 0/10][Retry in 76 ms] SdkError: Internal server error: exceptions::mutation_write_timeout_exception (Failed to accept proposal(bb23bb68-5b68-11f1-f959-2b789a2731d0) for alternator_latte_hot_partition.latte_hot_partition: write timeout due to uncertainty. Replica errors: )
2026-05-29 14:14:40.413: [ERROR][Attempt 0/10][Retry in 82 ms] SdkError: Internal server error: exceptions::mutation_write_timeout_exception (Failed to accept proposal(bb684ef4-5b68-11f1-8640-01218d8b37f3) for alternator_latte_hot_partition.latte_hot_partition: write timeout due to uncertainty. Replica errors: )
2026-05-29 14:14:39.960: [ERROR][Attempt 0/10][Retry in 69 ms] SdkError: Internal server error: exceptions::mutation_write_timeout_exception (Failed to accept proposal(bb21e6f8-5b68-11f1-1ae8-1708e273d944) for alternator_latte_hot_partition.latte_hot_partition: write timeout due to uncertainty. Replica errors: )
...number of dropped error messages per sampling period: 74
  80.002      3558         0      3557           0.424     8.139    36.962   107.610   154.927   276.824   407.110   453.509
2026-05-29 14:14:41.241: [ERROR][Attempt 0/10][Retry in 72 ms] SdkError: Internal server error: exceptions::mutation_write_timeout_exception (Failed to accept proposal(bbe68486-5b68-11f1-261c-60357e6c578f) for alternator_latte_hot_partition.latte_hot_partition: write timeout due to uncertainty. Replica errors: )
2026-05-29 14:14:41.918: [ERROR][Attempt 0/10][Retry in 104 ms] SdkError: Internal server error: exceptions::mutation_write_timeout_exception (Failed to accept proposal(bc4d1110-5b68-11f1-6a3b-9517473f73a8) for alternator_latte_hot_partition.latte_hot_partition: write timeout due to uncertainty. Replica errors: )
2026-05-29 14:14:41.205: [ERROR][Attempt 0/10][Retry in 136 ms] SdkError: Internal server error: exceptions::mutation_write_timeout_exception (Failed to accept proposal(bbe0ffa2-5b68-11f1-419c-38c8fe717e0d) for alternator_latte_hot_partition.latte_hot_partition: write timeout due to uncertainty. Replica errors: )
2026-05-29 14:14:41.263: [ERROR][Attempt 0/10][Retry in 125 ms] SdkError: Internal server error: exceptions::mutation_write_timeout_exception (Failed to accept proposal(bbea2578-5b68-11f1-3ef2-03f4206e94b7) for alternator_latte_hot_partition.latte_hot_partition: write timeout due to uncertainty. Replica errors: )
2026-05-29 14:14:41.244: [ERROR][Attempt 0/10][Retry in 111 ms] SdkError: Internal server error: exceptions::mutation_write_timeout_exception (Failed to accept proposal(bbe707e4-5b68-11f1-a203-90c407d9acac) for alternator_latte_hot_partition.latte_hot_partition: write timeout due to uncertainty. Replica errors: )
...number of dropped error messages per sampling period: 62
  81.002      3499         0      3499           0.453     6.238    11.485    66.093   104.989   229.245   443.548   521.404
2026-05-29 14:14:42.237: [ERROR][Attempt 0/10][Retry in 67 ms] SdkError: Internal server error: exceptions::mutation_write_timeout_exception (Failed to accept proposal(bc7e8fce-5b68-11f1-583d-1c4917b73034) for alternator_latte_hot_partition.latte_hot_partition: write timeout due to uncertainty. Replica errors: )
2026-05-29 14:14:42.015: [ERROR][Attempt 0/10][Retry in 129 ms] SdkError: Internal server error: exceptions::mutation_write_timeout_exception (Failed to accept proposal(bc5cce70-5b68-11f1-5352-0ab51b7789d6) for alternator_latte_hot_partition.latte_hot_partition: write timeout due to uncertainty. Replica errors: )
2026-05-29 14:14:42.273: [ERROR][Attempt 0/10][Retry in 52 ms] SdkError: Internal server error: exceptions::mutation_write_timeout_exception (Failed to accept proposal(bc83708e-5b68-11f1-ee62-ea0efd9d22af) for alternator_latte_hot_partition.latte_hot_partition: write timeout due to uncertainty. Replica errors: )
2026-05-29 14:14:42.462: [ERROR][Attempt 0/10][Retry in 61 ms] SdkError: Internal server error: exceptions::mutation_write_timeout_exception (Failed to accept proposal(bca0b63a-5b68-11f1-541a-2ec0f718ffca) for alternator_latte_hot_partition.latte_hot_partition: write timeout due to uncertainty. Replica errors: )
2026-05-29 14:14:41.992: [ERROR][Attempt 0/10][Retry in 88 ms] SdkError: Internal server error: exceptions::mutation_write_timeout_exception (Failed to accept proposal(bc593972-5b68-11f1-9cfd-74abf317fd4c) for alternator_latte_hot_partition.latte_hot_partition: write timeout due to uncertainty. Replica errors: )
...number of dropped error messages per sampling period: 75
  82.001      3477         0      3478           0.552     7.492    18.579    84.476   123.011   232.391   322.699   478.151
2026-05-29 14:14:43.256: [ERROR][Attempt 0/10][Retry in 117 ms] SdkError: Internal server error: exceptions::mutation_write_timeout_exception (Failed to accept proposal(bd19fdec-5b68-11f1-a61f-a699c2be626e) for alternator_latte_hot_partition.latte_hot_partition: write timeout due to uncertainty. Replica errors: )
2026-05-29 14:14:43.023: [ERROR][Attempt 0/10][Retry in 100 ms] SdkError: Internal server error: exceptions::mutation_write_timeout_exception (Failed to accept proposal(bcf63420-5b68-11f1-f835-ee1fb50cc98e) for alternator_latte_hot_partition.latte_hot_partition: write timeout due to uncertainty. Replica errors: )
2026-05-29 14:14:43.020: [ERROR][Attempt 0/10][Retry in 68 ms] SdkError: Internal server error: exceptions::mutation_write_timeout_exception (Failed to accept proposal(bcf5576c-5b68-11f1-10ee-8e3ee7165bde) for alternator_latte_hot_partition.latte_hot_partition: write timeout due to uncertainty. Replica errors: )
2026-05-29 14:14:43.043: [ERROR][Attempt 0/10][Retry in 74 ms] SdkError: Internal server error: exceptions::mutation_write_timeout_exception (Failed to accept proposal(bcf9d08a-5b68-11f1-5cb6-9f1fdf5fbb26) for alternator_latte_hot_partition.latte_hot_partition: write timeout due to uncertainty. Replica errors: )
2026-05-29 14:14:43.780: [ERROR][Attempt 0/10][Retry in 142 ms] SdkError: Internal server error: exceptions::mutation_write_timeout_exception (Failed to accept proposal(bd69ddda-5b68-11f1-a37e-327efb59c0a9) for alternator_latte_hot_partition.latte_hot_partition: write timeout due to uncertainty. Replica errors: )
...number of dropped error messages per sampling period: 51
  83.001      3530         0      3530           0.475     6.468    13.165    80.675   114.491   205.521   379.322   531.628
2026-05-29 14:14:44.070: [ERROR][Attempt 0/10][Retry in 113 ms] SdkError: Internal server error: exceptions::mutation_write_timeout_exception (Failed to accept proposal(bd960e46-5b68-11f1-4716-530eb928e59e) for alternator_latte_hot_partition.latte_hot_partition: write timeout due to uncertainty. Replica errors: )
2026-05-29 14:14:44.372: [ERROR][Attempt 0/10][Retry in 98 ms] SdkError: Internal server error: exceptions::mutation_write_timeout_exception (Failed to accept proposal(bdc3b8fa-5b68-11f1-42b6-4494da2b0c07) for alternator_latte_hot_partition.latte_hot_partition: write timeout due to uncertainty. Replica errors: )
2026-05-29 14:14:44.750: [ERROR][Attempt 0/10][Retry in 125 ms] SdkError: Internal server error: exceptions::mutation_write_timeout_exception (Failed to accept proposal(bdfdcc20-5b68-11f1-c283-d077eb357aad) for alternator_latte_hot_partition.latte_hot_partition: write timeout due to uncertainty. Replica errors: )
2026-05-29 14:14:44.334: [ERROR][Attempt 0/10][Retry in 123 ms] SdkError: Internal server error: exceptions::mutation_write_timeout_exception (Failed to accept proposal(bdbe363c-5b68-11f1-00c2-ca7abf32b269) for alternator_latte_hot_partition.latte_hot_partition: write timeout due to uncertainty. Replica errors: )
2026-05-29 14:14:44.317: [ERROR][Attempt 0/10][Retry in 63 ms] SdkError: Internal server error: exceptions::mutation_write_timeout_exception (Failed to accept proposal(bdbb85c2-5b68-11f1-f26a-dbb896b05ba8) for alternator_latte_hot_partition.latte_hot_partition: write timeout due to uncertainty. Replica errors: )
...number of dropped error messages per sampling period: 44
  84.002      3477         0      3476           0.405     6.312    11.633    62.652    98.107   168.952   251.396   326.894
2026-05-29 14:14:45.676: [ERROR][Attempt 1/10][Retry in 160 ms] SdkError: Internal server error: exceptions::mutation_write_timeout_exception (Failed to accept proposal(be8a98d0-5b68-11f1-e10e-f726b01bb3d7) for alternator_latte_hot_partition.latte_hot_partition: write timeout due to uncertainty. Replica errors: )
2026-05-29 14:14:45.255: [ERROR][Attempt 0/10][Retry in 125 ms] SdkError: Internal server error: exceptions::mutation_write_timeout_exception (Failed to accept proposal(be4b0a44-5b68-11f1-dcbe-8ad20d695ca1) for alternator_latte_hot_partition.latte_hot_partition: write timeout due to uncertainty. Replica errors: )
2026-05-29 14:14:45.246: [ERROR][Attempt 0/10][Retry in 64 ms] SdkError: Internal server error: exceptions::mutation_write_timeout_exception (Failed to accept proposal(be49b130-5b68-11f1-ff0a-ff2993672d7d) for alternator_latte_hot_partition.latte_hot_partition: write timeout due to uncertainty. Replica errors: )
2026-05-29 14:14:44.968: [ERROR][Attempt 0/10][Retry in 69 ms] SdkError: Internal server error: exceptions::mutation_write_timeout_exception (Failed to accept proposal(be1eccae-5b68-11f1-c40e-5ebd6f407030) for alternator_latte_hot_partition.latte_hot_partition: write timeout due to uncertainty. Replica errors: )
2026-05-29 14:14:45.236: [ERROR][Attempt 0/10][Retry in 125 ms] SdkError: Internal server error: exceptions::mutation_write_timeout_exception (Failed to accept proposal(be485448-5b68-11f1-dc46-26718eaa4759) for alternator_latte_hot_partition.latte_hot_partition: write timeout due to uncertainty. Replica errors: )
...number of dropped error messages per sampling period: 67
  85.001      3523         0      3524           0.451     7.999    28.131    95.224   142.082   245.367   426.246   450.101
2026-05-29 14:14:46.430: [ERROR][Attempt 0/10][Retry in 64 ms] SdkError: Internal server error: exceptions::mutation_write_timeout_exception (Failed to accept proposal(befe6a58-5b68-11f1-2417-37d9b105096d) for alternator_latte_hot_partition.latte_hot_partition: write timeout due to uncertainty. Replica errors: )
2026-05-29 14:14:46.924: [ERROR][Attempt 0/10][Retry in 97 ms] SdkError: Internal server error: exceptions::mutation_write_timeout_exception (Failed to accept proposal(bf4996ae-5b68-11f1-7d11-4b28de182a0b) for alternator_latte_hot_partition.latte_hot_partition: write timeout due to uncertainty. Replica errors: )
2026-05-29 14:14:46.576: [ERROR][Attempt 0/10][Retry in 110 ms] SdkError: Internal server error: exceptions::mutation_write_timeout_exception (Failed to accept proposal(bf14c442-5b68-11f1-45e3-abfa3bd18487) for alternator_latte_hot_partition.latte_hot_partition: write timeout due to uncertainty. Replica errors: )
2026-05-29 14:14:46.051: [ERROR][Attempt 0/10][Retry in 56 ms] SdkError: Internal server error: exceptions::mutation_write_timeout_exception (Failed to accept proposal(bec48f04-5b68-11f1-d115-dfcafefe9108) for alternator_latte_hot_partition.latte_hot_partition: write timeout due to uncertainty. Replica errors: )
2026-05-29 14:14:46.127: [ERROR][Attempt 0/10][Retry in 149 ms] SdkError: Internal server error: exceptions::mutation_write_timeout_exception (Failed to accept proposal(bed02760-5b68-11f1-1287-5c57873c1589) for alternator_latte_hot_partition.latte_hot_partition: write timeout due to uncertainty. Replica errors: )
...number of dropped error messages per sampling period: 62
  86.001      3519         0      3519           0.458     5.902    10.461    65.241   101.188   182.190   316.146   354.157
2026-05-29 14:14:47.294: [ERROR][Attempt 0/10][Retry in 76 ms] SdkError: Internal server error: exceptions::mutation_write_timeout_exception (Failed to accept proposal(bf822aaa-5b68-11f1-bcdd-7f88a9204190) for alternator_latte_hot_partition.latte_hot_partition: write timeout due to uncertainty. Replica errors: )
2026-05-29 14:14:47.689: [ERROR][Attempt 0/10][Retry in 127 ms] SdkError: Internal server error: exceptions::mutation_write_timeout_exception (Failed to accept proposal(bfbe3072-5b68-11f1-1d8e-36b7adfb886b) for alternator_latte_hot_partition.latte_hot_partition: write timeout due to uncertainty. Replica errors: )
2026-05-29 14:14:47.713: [ERROR][Attempt 0/10][Retry in 74 ms] SdkError: Internal server error: exceptions::mutation_write_timeout_exception (Failed to accept proposal(bfc2289e-5b68-11f1-6f57-623cae40a511) for alternator_latte_hot_partition.latte_hot_partition: write timeout due to uncertainty. Replica errors: )
2026-05-29 14:14:47.005: [ERROR][Attempt 0/10][Retry in 104 ms] SdkError: Internal server error: exceptions::mutation_write_timeout_exception (Failed to accept proposal(bf565362-5b68-11f1-8b2c-293a9cc1e32b) for alternator_latte_hot_partition.latte_hot_partition: write timeout due to uncertainty. Replica errors: )
2026-05-29 14:14:47.272: [ERROR][Attempt 0/10][Retry in 60 ms] SdkError: Internal server error: exceptions::mutation_write_timeout_exception (Failed to accept proposal(bf7e6582-5b68-11f1-3d00-33bc46c36cb0) for alternator_latte_hot_partition.latte_hot_partition: write timeout due to uncertainty. Replica errors: )
...number of dropped error messages per sampling period: 58
  87.001      3469         0      3468           0.438     6.857    12.952    69.534   107.282   204.997   289.669   357.040
2026-05-29 14:14:47.966: [ERROR][Attempt 0/10][Retry in 111 ms] SdkError: Internal server error: exceptions::mutation_write_timeout_exception (Failed to accept proposal(bfe8876e-5b68-11f1-a5f2-d20ea53d8e46) for alternator_latte_hot_partition.latte_hot_partition: write timeout due to uncertainty. Replica errors: )
2026-05-29 14:14:48.187: [ERROR][Attempt 0/10][Retry in 81 ms] SdkError: Internal server error: exceptions::mutation_write_timeout_exception (Failed to accept proposal(c00a1000-5b68-11f1-bfc7-afb0b7675097) for alternator_latte_hot_partition.latte_hot_partition: write timeout due to uncertainty. Replica errors: )
2026-05-29 14:14:48.363: [ERROR][Attempt 0/10][Retry in 78 ms] SdkError: Internal server error: exceptions::mutation_write_timeout_exception (Failed to accept proposal(c024c396-5b68-11f1-8754-3eca8830975c) for alternator_latte_hot_partition.latte_hot_partition: write timeout due to uncertainty. Replica errors: )
2026-05-29 14:14:48.740: [ERROR][Attempt 0/10][Retry in 62 ms] SdkError: Internal server error: exceptions::mutation_write_timeout_exception (Failed to accept proposal(c05eb6dc-5b68-11f1-f017-0cdd4ec67a80) for alternator_latte_hot_partition.latte_hot_partition: write timeout due to uncertainty. Replica errors: )
2026-05-29 14:14:48.267: [ERROR][Attempt 0/10][Retry in 114 ms] SdkError: Internal server error: exceptions::mutation_write_timeout_exception (Failed to accept proposal(c016ca66-5b68-11f1-ad02-b21e08e1f3da) for alternator_latte_hot_partition.latte_hot_partition: write timeout due to uncertainty. Replica errors: )
...number of dropped error messages per sampling period: 73
  88.001      3523         0      3523           0.511     7.070    16.761    79.561   118.620   212.468   361.234   479.461
2026-05-29 14:14:49.369: [ERROR][Attempt 0/10][Retry in 59 ms] SdkError: Internal server error: exceptions::mutation_write_timeout_exception (Failed to accept proposal(c0be5e0c-5b68-11f1-3734-1628cf5854c5) for alternator_latte_hot_partition.latte_hot_partition: write timeout due to uncertainty. Replica errors: )
2026-05-29 14:14:49.560: [ERROR][Attempt 0/10][Retry in 145 ms] SdkError: Internal server error: exceptions::mutation_write_timeout_exception (Failed to accept proposal(c0dbd982-5b68-11f1-a578-845458af8cd8) for alternator_latte_hot_partition.latte_hot_partition: write timeout due to uncertainty. Replica errors: )
2026-05-29 14:14:49.237: [ERROR][Attempt 0/10][Retry in 51 ms] SdkError: Internal server error: exceptions::mutation_write_timeout_exception (Failed to accept proposal(c0aaa0e2-5b68-11f1-dcdd-a64d089faf0d) for alternator_latte_hot_partition.latte_hot_partition: write timeout due to uncertainty. Replica errors: )
2026-05-29 14:14:49.221: [ERROR][Attempt 0/10][Retry in 95 ms] SdkError: Internal server error: exceptions::mutation_write_timeout_exception (Failed to accept proposal(c0a85e2c-5b68-11f1-8a3a-09579ce60fb0) for alternator_latte_hot_partition.latte_hot_partition: write timeout due to uncertainty. Replica errors: )
2026-05-29 14:14:49.510: [ERROR][Attempt 0/10][Retry in 71 ms] SdkError: Internal server error: exceptions::mutation_write_timeout_exception (Failed to accept proposal(c0d476c4-5b68-11f1-b3c4-a6a03ad0cf86) for alternator_latte_hot_partition.latte_hot_partition: write timeout due to uncertainty. Replica errors: )
...number of dropped error messages per sampling period: 73
  89.001      3475         0      3475           0.404     5.894    10.895    63.799   105.447   210.239   400.294   576.193
2026-05-29 14:14:50.177: [ERROR][Attempt 0/10][Retry in 85 ms] SdkError: Internal server error: exceptions::mutation_write_timeout_exception (Failed to accept proposal(c1398afa-5b68-11f1-2441-2b02fbd7d5e0) for alternator_latte_hot_partition.latte_hot_partition: write timeout due to uncertainty. Replica errors: )
2026-05-29 14:14:50.060: [ERROR][Attempt 0/10][Retry in 74 ms] SdkError: Internal server error: exceptions::mutation_write_timeout_exception (Failed to accept proposal(c1283836-5b68-11f1-31c2-2a1ed2fd423c) for alternator_latte_hot_partition.latte_hot_partition: write timeout due to uncertainty. Replica errors: )
2026-05-29 14:14:50.785: [ERROR][Attempt 0/10][Retry in 75 ms] SdkError: Internal server error: exceptions::mutation_write_timeout_exception (Failed to accept proposal(c196ef1a-5b68-11f1-9598-e17cce72a98a) for alternator_latte_hot_partition.latte_hot_partition: write timeout due to uncertainty. Replica errors: )
2026-05-29 14:14:50.135: [ERROR][Attempt 0/10][Retry in 139 ms] SdkError: Internal server error: exceptions::mutation_write_timeout_exception (Failed to accept proposal(c1335d38-5b68-11f1-78ca-4dad174c7033) for alternator_latte_hot_partition.latte_hot_partition: write timeout due to uncertainty. Replica errors: )
2026-05-29 14:14:50.052: [ERROR][Attempt 0/10][Retry in 103 ms] SdkError: Internal server error: exceptions::mutation_write_timeout_exception (Failed to accept proposal(c126859a-5b68-11f1-9f28-e4e2feca0304) for alternator_latte_hot_partition.latte_hot_partition: write timeout due to uncertainty. Replica errors: )
...number of dropped error messages per sampling period: 66
  90.001      3508         0      3508           0.507     7.533    22.430   100.663   147.325   231.604   349.700   450.101
2026-05-29 14:14:51.479: [ERROR][Attempt 0/10][Retry in 62 ms] SdkError: Internal server error: exceptions::mutation_write_timeout_exception (Failed to accept proposal(c200eb04-5b68-11f1-ca61-6db5ab9b2977) for alternator_latte_hot_partition.latte_hot_partition: write timeout due to uncertainty. Replica errors: )
2026-05-29 14:14:51.019: [ERROR][Attempt 0/10][Retry in 77 ms] SdkError: Internal server error: exceptions::mutation_write_timeout_exception (Failed to accept proposal(c1bab06c-5b68-11f1-2471-7fef4388556c) for alternator_latte_hot_partition.latte_hot_partition: write timeout due to uncertainty. Replica errors: )
2026-05-29 14:14:51.448: [ERROR][Attempt 0/10][Retry in 143 ms] SdkError: Internal server error: exceptions::mutation_write_timeout_exception (Failed to accept proposal(c1fc1ef8-5b68-11f1-2061-06991d6a1b95) for alternator_latte_hot_partition.latte_hot_partition: write timeout due to uncertainty. Replica errors: )
2026-05-29 14:14:51.183: [ERROR][Attempt 0/10][Retry in 55 ms] SdkError: Internal server error: exceptions::mutation_write_timeout_exception (Failed to accept proposal(c1d32e4e-5b68-11f1-f39d-fc53306b767d) for alternator_latte_hot_partition.latte_hot_partition: write timeout due to uncertainty. Replica errors: )
2026-05-29 14:14:51.907: [ERROR][Attempt 0/10][Retry in 84 ms] SdkError: Internal server error: exceptions::mutation_write_timeout_exception (Failed to accept proposal(c241ca2a-5b68-11f1-aac3-600f4791dd38) for alternator_latte_hot_partition.latte_hot_partition: write timeout due to uncertainty. Replica errors: )
...number of dropped error messages per sampling period: 72
  91.002      3507         0      3507           0.470     6.644    15.475    73.204   117.572   209.977   306.184   522.977
2026-05-29 14:14:52.942: [ERROR][Attempt 0/10][Retry in 106 ms] SdkError: Internal server error: exceptions::mutation_write_timeout_exception (Failed to accept proposal(c2dfb712-5b68-11f1-bf29-29ddb3b92820) for alternator_latte_hot_partition.latte_hot_partition: write timeout due to uncertainty. Replica errors: )
2026-05-29 14:14:52.798: [ERROR][Attempt 0/10][Retry in 119 ms] SdkError: Internal server error: exceptions::mutation_write_timeout_exception (Failed to accept proposal(c2c9a21a-5b68-11f1-6f0e-7994e3eaf75d) for alternator_latte_hot_partition.latte_hot_partition: write timeout due to uncertainty. Replica errors: )
2026-05-29 14:14:52.533: [ERROR][Attempt 0/10][Retry in 128 ms] SdkError: Internal server error: exceptions::mutation_write_timeout_exception (Failed to accept proposal(c2a1a0bc-5b68-11f1-0d07-7734200747cd) for alternator_latte_hot_partition.latte_hot_partition: write timeout due to uncertainty. Replica errors: )
2026-05-29 14:14:52.246: [ERROR][Attempt 0/10][Retry in 83 ms] SdkError: Internal server error: exceptions::mutation_write_timeout_exception (Failed to accept proposal(c275d234-5b68-11f1-6e2d-607968b15f65) for alternator_latte_hot_partition.latte_hot_partition: write timeout due to uncertainty. Replica errors: )
2026-05-29 14:14:52.574: [ERROR][Attempt 0/10][Retry in 74 ms] SdkError: Internal server error: exceptions::mutation_write_timeout_exception (Failed to accept proposal(c2a72424-5b68-11f1-91e7-ead763799a31) for alternator_latte_hot_partition.latte_hot_partition: write timeout due to uncertainty. Replica errors: )
...number of dropped error messages per sampling period: 69
  92.001      3461         0      3461           0.477     6.697    13.967    71.238   104.595   160.170   282.591   462.684
2026-05-29 14:14:53.671: [ERROR][Attempt 0/10][Retry in 50 ms] SdkError: Internal server error: exceptions::mutation_write_timeout_exception (Failed to accept proposal(c34f1030-5b68-11f1-6ae6-371ff7b1ac5f) for alternator_latte_hot_partition.latte_hot_partition: write timeout due to uncertainty. Replica errors: )
2026-05-29 14:14:52.994: [ERROR][Attempt 0/10][Retry in 135 ms] SdkError: Internal server error: exceptions::mutation_write_timeout_exception (Failed to accept proposal(c2e819d4-5b68-11f1-320c-a965cb88bda5) for alternator_latte_hot_partition.latte_hot_partition: write timeout due to uncertainty. Replica errors: )
2026-05-29 14:14:52.968: [ERROR][Attempt 0/10][Retry in 123 ms] SdkError: Internal server error: exceptions::mutation_write_timeout_exception (Failed to accept proposal(c2e2b14c-5b68-11f1-2251-5ee4739eea53) for alternator_latte_hot_partition.latte_hot_partition: write timeout due to uncertainty. Replica errors: )
2026-05-29 14:14:53.483: [ERROR][Attempt 0/10][Retry in 100 ms] SdkError: Internal server error: exceptions::mutation_write_timeout_exception (Failed to accept proposal(c33278e4-5b68-11f1-5f02-1ab49eaee793) for alternator_latte_hot_partition.latte_hot_partition: write timeout due to uncertainty. Replica errors: )
2026-05-29 14:14:53.433: [ERROR][Attempt 0/10][Retry in 61 ms] SdkError: Internal server error: exceptions::mutation_write_timeout_exception (Failed to accept proposal(c32ae3e0-5b68-11f1-111a-175acea3f76b) for alternator_latte_hot_partition.latte_hot_partition: write timeout due to uncertainty. Replica errors: )
...number of dropped error messages per sampling period: 80
  93.001      3513         0      3513           0.475     6.910    16.425    87.163   124.977   229.245   352.584   429.392
2026-05-29 14:14:54.570: [ERROR][Attempt 0/10][Retry in 67 ms] SdkError: Internal server error: exceptions::mutation_write_timeout_exception (Failed to accept proposal(c3d7d0be-5b68-11f1-43eb-d4035a6d05e0) for alternator_latte_hot_partition.latte_hot_partition: write timeout due to uncertainty. Replica errors: )
2026-05-29 14:14:54.633: [ERROR][Attempt 0/10][Retry in 93 ms] SdkError: Internal server error: exceptions::mutation_write_timeout_exception (Failed to accept proposal(c3e14838-5b68-11f1-73fb-74e36aaab517) for alternator_latte_hot_partition.latte_hot_partition: write timeout due to uncertainty. Replica errors: )
2026-05-29 14:14:54.017: [ERROR][Attempt 0/10][Retry in 51 ms] SdkError: Internal server error: exceptions::mutation_write_timeout_exception (Failed to accept proposal(c383c5e6-5b68-11f1-4276-1e029daeadc4) for alternator_latte_hot_partition.latte_hot_partition: write timeout due to uncertainty. Replica errors: )
2026-05-29 14:14:54.348: [ERROR][Attempt 0/10][Retry in 50 ms] SdkError: Internal server error: exceptions::mutation_write_timeout_exception (Failed to accept proposal(c3b5fe08-5b68-11f1-95a8-d882cd56c3dc) for alternator_latte_hot_partition.latte_hot_partition: write timeout due to uncertainty. Replica errors: )
2026-05-29 14:14:54.644: [ERROR][Attempt 0/10][Retry in 92 ms] SdkError: Internal server error: exceptions::mutation_write_timeout_exception (Failed to accept proposal(c3e3cb30-5b68-11f1-a502-220191ff332d) for alternator_latte_hot_partition.latte_hot_partition: write timeout due to uncertainty. Replica errors: )
...number of dropped error messages per sampling period: 74
  94.002      3486         0      3487           0.466     7.361    22.135   100.532   159.121   280.494   535.036   692.584
2026-05-29 14:14:55.555: [ERROR][Attempt 0/10][Retry in 73 ms] SdkError: Internal server error: exceptions::mutation_write_timeout_exception (Failed to accept proposal(c46e6de4-5b68-11f1-f42c-88cc42194fe4) for alternator_latte_hot_partition.latte_hot_partition: write timeout due to uncertainty. Replica errors: )
2026-05-29 14:14:55.474: [ERROR][Attempt 0/10][Retry in 67 ms] SdkError: Internal server error: exceptions::mutation_write_timeout_exception (Failed to accept proposal(c461f816-5b68-11f1-bbfe-7e2ceff38cc3) for alternator_latte_hot_partition.latte_hot_partition: write timeout due to uncertainty. Replica errors: )
2026-05-29 14:14:55.916: [ERROR][Attempt 0/10][Retry in 61 ms] SdkError: Internal server error: exceptions::mutation_write_timeout_exception (Failed to accept proposal(c4a5f818-5b68-11f1-7c29-3c0d90a35e32) for alternator_latte_hot_partition.latte_hot_partition: write timeout due to uncertainty. Replica errors: )
2026-05-29 14:14:55.948: [ERROR][Attempt 0/10][Retry in 122 ms] SdkError: Internal server error: exceptions::mutation_write_timeout_exception (Failed to accept proposal(c4aa8856-5b68-11f1-a480-74c87f7412b5) for alternator_latte_hot_partition.latte_hot_partition: write timeout due to uncertainty. Replica errors: )
2026-05-29 14:14:55.866: [ERROR][Attempt 0/10][Retry in 141 ms] SdkError: Internal server error: exceptions::mutation_write_timeout_exception (Failed to accept proposal(c49e43e8-5b68-11f1-9456-b7c633e026da) for alternator_latte_hot_partition.latte_hot_partition: write timeout due to uncertainty. Replica errors: )
...number of dropped error messages per sampling period: 76
  95.001      3537         0      3536           0.475     7.725    25.362    95.420   136.053   290.718   600.310   967.836
2026-05-29 14:14:56.142: [ERROR][Attempt 0/10][Retry in 83 ms] SdkError: Internal server error: exceptions::mutation_write_timeout_exception (Failed to accept proposal(c4c8354a-5b68-11f1-5068-dc29d9f33f7f) for alternator_latte_hot_partition.latte_hot_partition: write timeout due to uncertainty. Replica errors: )
2026-05-29 14:14:56.596: [ERROR][Attempt 0/10][Retry in 112 ms] SdkError: Internal server error: exceptions::mutation_write_timeout_exception (Failed to accept proposal(c50d9aae-5b68-11f1-56bb-e6d6501538ac) for alternator_latte_hot_partition.latte_hot_partition: write timeout due to uncertainty. Replica errors: )
2026-05-29 14:14:56.382: [ERROR][Attempt 0/10][Retry in 135 ms] SdkError: Internal server error: exceptions::mutation_write_timeout_exception (Failed to accept proposal(c4ec84d6-5b68-11f1-8dac-bf3e95cea52f) for alternator_latte_hot_partition.latte_hot_partition: write timeout due to uncertainty. Replica errors: )
2026-05-29 14:14:56.806: [ERROR][Attempt 0/10][Retry in 94 ms] SdkError: Internal server error: exceptions::mutation_write_timeout_exception (Failed to accept proposal(c52d3a08-5b68-11f1-a6fe-b6ae766bafe1) for alternator_latte_hot_partition.latte_hot_partition: write timeout due to uncertainty. Replica errors: )
2026-05-29 14:14:56.490: [ERROR][Attempt 0/10][Retry in 93 ms] SdkError: Internal server error: exceptions::mutation_write_timeout_exception (Failed to accept proposal(c4fbbf28-5b68-11f1-0140-2f7b826b814b) for alternator_latte_hot_partition.latte_hot_partition: write timeout due to uncertainty. Replica errors: )
...number of dropped error messages per sampling period: 43
  96.001      3508         0      3508           0.482     6.590    12.427    63.963    99.680   164.889   270.533   455.082
2026-05-29 14:14:57.767: [ERROR][Attempt 0/10][Retry in 83 ms] SdkError: Internal server error: exceptions::mutation_write_timeout_exception (Failed to accept proposal(c5c04096-5b68-11f1-7019-45e8f9c06fb8) for alternator_latte_hot_partition.latte_hot_partition: write timeout due to uncertainty. Replica errors: )
2026-05-29 14:14:57.682: [ERROR][Attempt 0/10][Retry in 148 ms] SdkError: Internal server error: exceptions::mutation_write_timeout_exception (Failed to accept proposal(c5b34058-5b68-11f1-0fc0-acd6c002e0bd) for alternator_latte_hot_partition.latte_hot_partition: write timeout due to uncertainty. Replica errors: )
2026-05-29 14:14:57.116: [ERROR][Attempt 0/10][Retry in 86 ms] SdkError: Internal server error: exceptions::mutation_write_timeout_exception (Failed to accept proposal(c55d1b6a-5b68-11f1-5c6e-e558a64d7767) for alternator_latte_hot_partition.latte_hot_partition: write timeout due to uncertainty. Replica errors: )
2026-05-29 14:14:57.769: [ERROR][Attempt 0/10][Retry in 77 ms] SdkError: Internal server error: exceptions::mutation_write_timeout_exception (Failed to accept proposal(c5c05036-5b68-11f1-eea5-4ed83ca3911b) for alternator_latte_hot_partition.latte_hot_partition: write timeout due to uncertainty. Replica errors: )
2026-05-29 14:14:57.127: [ERROR][Attempt 1/10][Retry in 238 ms] SdkError: Internal server error: exceptions::mutation_write_timeout_exception (Failed to accept proposal(c55e85b8-5b68-11f1-33c4-c0694fe9c397) for alternator_latte_hot_partition.latte_hot_partition: write timeout due to uncertainty. Replica errors: )
...number of dropped error messages per sampling period: 67
  97.001      3495         0      3495           0.422     6.615    12.820    72.090   110.363   200.540   325.583   490.471
2026-05-29 14:14:58.530: [ERROR][Attempt 0/10][Retry in 66 ms] SdkError: Internal server error: exceptions::mutation_write_timeout_exception (Failed to accept proposal(c6348ee2-5b68-11f1-1b59-92e67d856f78) for alternator_latte_hot_partition.latte_hot_partition: write timeout due to uncertainty. Replica errors: )
2026-05-29 14:14:58.419: [ERROR][Attempt 0/10][Retry in 83 ms] SdkError: Internal server error: exceptions::mutation_write_timeout_exception (Failed to accept proposal(c623a834-5b68-11f1-6d1f-8999171804fb) for alternator_latte_hot_partition.latte_hot_partition: write timeout due to uncertainty. Replica errors: )
2026-05-29 14:14:58.560: [ERROR][Attempt 1/10][Retry in 241 ms] SdkError: Internal server error: exceptions::mutation_write_timeout_exception (Failed to accept proposal(c6390efe-5b68-11f1-cd38-eca3f840549c) for alternator_latte_hot_partition.latte_hot_partition: write timeout due to uncertainty. Replica errors: )
2026-05-29 14:14:58.367: [ERROR][Attempt 0/10][Retry in 66 ms] SdkError: Internal server error: exceptions::mutation_write_timeout_exception (Failed to accept proposal(c61bd8de-5b68-11f1-ddb5-5602d7f71ac9) for alternator_latte_hot_partition.latte_hot_partition: write timeout due to uncertainty. Replica errors: )
2026-05-29 14:14:58.438: [ERROR][Attempt 0/10][Retry in 79 ms] SdkError: Internal server error: exceptions::mutation_write_timeout_exception (Failed to accept proposal(c626a1a6-5b68-11f1-9923-db1abbee3237) for alternator_latte_hot_partition.latte_hot_partition: write timeout due to uncertainty. Replica errors: )
...number of dropped error messages per sampling period: 70
  98.002      3450         0      3450           0.539     7.270    16.605    83.821   116.785   252.314   370.409   495.190
2026-05-29 14:14:59.610: [ERROR][Attempt 0/10][Retry in 132 ms] SdkError: Internal server error: exceptions::mutation_write_timeout_exception (Failed to accept proposal(c6d96336-5b68-11f1-290a-3871f8870281) for alternator_latte_hot_partition.latte_hot_partition: write timeout due to uncertainty. Replica errors: )
2026-05-29 14:14:59.618: [ERROR][Attempt 0/10][Retry in 85 ms] SdkError: Internal server error: exceptions::mutation_write_timeout_exception (Failed to accept proposal(c6da2302-5b68-11f1-fa14-e1d9f65bd6b3) for alternator_latte_hot_partition.latte_hot_partition: write timeout due to uncertainty. Replica errors: )
2026-05-29 14:14:59.160: [ERROR][Attempt 0/10][Retry in 140 ms] SdkError: Internal server error: exceptions::mutation_write_timeout_exception (Failed to accept proposal(c693d924-5b68-11f1-5b79-cdd5e2838897) for alternator_latte_hot_partition.latte_hot_partition: write timeout due to uncertainty. Replica errors: )
2026-05-29 14:14:59.254: [ERROR][Attempt 0/10][Retry in 116 ms] SdkError: Internal server error: exceptions::mutation_write_timeout_exception (Failed to accept proposal(c6a29806-5b68-11f1-a59b-b3dc1d8caa50) for alternator_latte_hot_partition.latte_hot_partition: write timeout due to uncertainty. Replica errors: )
2026-05-29 14:14:59.494: [ERROR][Attempt 0/10][Retry in 93 ms] SdkError: Internal server error: exceptions::mutation_write_timeout_exception (Failed to accept proposal(c6c7a470-5b68-11f1-2444-8918f5e1374e) for alternator_latte_hot_partition.latte_hot_partition: write timeout due to uncertainty. Replica errors: )
...number of dropped error messages per sampling period: 71
  99.001      3531         0      3531           0.461     7.942    39.354   137.232   207.618   496.763   635.437   851.444
2026-05-29 14:15:00.085: [ERROR][Attempt 0/10][Retry in 55 ms] SdkError: Internal server error: exceptions::mutation_write_timeout_exception (Failed to accept proposal(c721fd3a-5b68-11f1-72d1-6d462877d9b0) for alternator_latte_hot_partition.latte_hot_partition: write timeout due to uncertainty. Replica errors: )
2026-05-29 14:15:00.647: [ERROR][Attempt 0/10][Retry in 105 ms] SdkError: Internal server error: exceptions::mutation_write_timeout_exception (Failed to accept proposal(c7770eec-5b68-11f1-3aa7-68523885d649) for alternator_latte_hot_partition.latte_hot_partition: write timeout due to uncertainty. Replica errors: )
2026-05-29 14:15:00.306: [ERROR][Attempt 0/10][Retry in 92 ms] SdkError: Internal server error: exceptions::mutation_write_timeout_exception (Failed to accept proposal(c7439cb0-5b68-11f1-9040-dffd6c7f9000) for alternator_latte_hot_partition.latte_hot_partition: write timeout due to uncertainty. Replica errors: )
2026-05-29 14:15:00.308: [ERROR][Attempt 0/10][Retry in 55 ms] SdkError: Internal server error: exceptions::mutation_write_timeout_exception (Failed to accept proposal(c74333ce-5b68-11f1-b79d-ed7932dd14c0) for alternator_latte_hot_partition.latte_hot_partition: write timeout due to uncertainty. Replica errors: )
2026-05-29 14:15:00.648: [ERROR][Attempt 0/10][Retry in 104 ms] SdkError: Internal server error: exceptions::mutation_write_timeout_exception (Failed to accept proposal(c77741a0-5b68-11f1-9ab4-30b58e97996e) for alternator_latte_hot_partition.latte_hot_partition: write timeout due to uncertainty. Replica errors: )
...number of dropped error messages per sampling period: 72
 100.001      3515         0      3515           0.447     6.959    17.924    87.753   129.892   247.857   423.887  1160.774
2026-05-29 14:15:01.186: [ERROR][Attempt 0/10][Retry in 114 ms] SdkError: Internal server error: exceptions::mutation_write_timeout_exception (Failed to accept proposal(c7c9dd48-5b68-11f1-a692-7b963aa7476a) for alternator_latte_hot_partition.latte_hot_partition: write timeout due to uncertainty. Replica errors: )
2026-05-29 14:15:01.746: [ERROR][Attempt 1/10][Retry in 205 ms] SdkError: Internal server error: exceptions::mutation_write_timeout_exception (Failed to accept proposal(c81efee0-5b68-11f1-8666-ae0d8ad7da9b) for alternator_latte_hot_partition.latte_hot_partition: write timeout due to uncertainty. Replica errors: )
2026-05-29 14:15:01.483: [ERROR][Attempt 0/10][Retry in 110 ms] SdkError: Internal server error: exceptions::mutation_write_timeout_exception (Failed to accept proposal(c7f6d974-5b68-11f1-6d76-b06785334915) for alternator_latte_hot_partition.latte_hot_partition: write timeout due to uncertainty. Replica errors: )
2026-05-29 14:15:01.811: [ERROR][Attempt 0/10][Retry in 72 ms] SdkError: Internal server error: exceptions::mutation_write_timeout_exception (Failed to accept proposal(c82949ae-5b68-11f1-26a7-9ef6563feba2) for alternator_latte_hot_partition.latte_hot_partition: write timeout due to uncertainty. Replica errors: )
2026-05-29 14:15:01.349: [ERROR][Attempt 0/10][Retry in 128 ms] SdkError: Internal server error: exceptions::mutation_write_timeout_exception (Failed to accept proposal(c7e301c4-5b68-11f1-5c6a-f7d7d175f33d) for alternator_latte_hot_partition.latte_hot_partition: write timeout due to uncertainty. Replica errors: )
...number of dropped error messages per sampling period: 47
 101.001      3492         0      3492           0.434     6.611    13.279    74.908   104.399   185.860   329.515   359.137
2026-05-29 14:15:02.100: [ERROR][Attempt 0/10][Retry in 131 ms] SdkError: Internal server error: exceptions::mutation_write_timeout_exception (Failed to accept proposal(c855667e-5b68-11f1-cf61-85f521925669) for alternator_latte_hot_partition.latte_hot_partition: write timeout due to uncertainty. Replica errors: )
2026-05-29 14:15:02.531: [ERROR][Attempt 0/10][Retry in 60 ms] SdkError: Internal server error: exceptions::mutation_write_timeout_exception (Failed to accept proposal(c896de88-5b68-11f1-ae64-597aa23b52cb) for alternator_latte_hot_partition.latte_hot_partition: write timeout due to uncertainty. Replica errors: )
2026-05-29 14:15:02.050: [ERROR][Attempt 0/10][Retry in 121 ms] SdkError: Internal server error: exceptions::mutation_write_timeout_exception (Failed to accept proposal(c84ce8a0-5b68-11f1-fae5-b14e6fe34cf3) for alternator_latte_hot_partition.latte_hot_partition: write timeout due to uncertainty. Replica errors: )
2026-05-29 14:15:02.613: [ERROR][Attempt 0/10][Retry in 131 ms] SdkError: Internal server error: exceptions::mutation_write_timeout_exception (Failed to accept proposal(c8a39af6-5b68-11f1-8aca-eb620b3748be) for alternator_latte_hot_partition.latte_hot_partition: write timeout due to uncertainty. Replica errors: )
2026-05-29 14:15:02.663: [ERROR][Attempt 0/10][Retry in 133 ms] SdkError: Internal server error: exceptions::mutation_write_timeout_exception (Failed to accept proposal(c8ab7dca-5b68-11f1-e3a7-bfa1345fb571) for alternator_latte_hot_partition.latte_hot_partition: write timeout due to uncertainty. Replica errors: )
...number of dropped error messages per sampling period: 58
 102.001      3499         0      3500           0.353     7.270    18.792    84.869   116.326   227.410   312.476   803.209
2026-05-29 14:15:03.141: [ERROR][Attempt 0/10][Retry in 131 ms] SdkError: Internal server error: exceptions::mutation_write_timeout_exception (Failed to accept proposal(c8f406f8-5b68-11f1-d7a3-3380f68fd904) for alternator_latte_hot_partition.latte_hot_partition: write timeout due to uncertainty. Replica errors: )
2026-05-29 14:15:03.294: [ERROR][Attempt 0/10][Retry in 126 ms] SdkError: Internal server error: exceptions::mutation_write_timeout_exception (Failed to accept proposal(c90b5a9c-5b68-11f1-1d86-b5af2384e0a7) for alternator_latte_hot_partition.latte_hot_partition: write timeout due to uncertainty. Replica errors: )
2026-05-29 14:15:03.562: [ERROR][Attempt 0/10][Retry in 82 ms] SdkError: Internal server error: exceptions::mutation_write_timeout_exception (Failed to accept proposal(c934a0aa-5b68-11f1-419f-ddcc7f488558) for alternator_latte_hot_partition.latte_hot_partition: write timeout due to uncertainty. Replica errors: )
2026-05-29 14:15:03.175: [ERROR][Attempt 0/10][Retry in 141 ms] SdkError: Internal server error: exceptions::mutation_write_timeout_exception (Failed to accept proposal(c8f98222-5b68-11f1-b20f-0c32e2da42db) for alternator_latte_hot_partition.latte_hot_partition: write timeout due to uncertainty. Replica errors: )
2026-05-29 14:15:03.943: [ERROR][Attempt 0/10][Retry in 104 ms] SdkError: Internal server error: exceptions::mutation_write_timeout_exception (Failed to accept proposal(c96e749c-5b68-11f1-8ed0-38ce7a187f86) for alternator_latte_hot_partition.latte_hot_partition: write timeout due to uncertainty. Replica errors: )
...number of dropped error messages per sampling period: 65
 103.001      3521         0      3521           0.476     6.504    12.411    69.468   109.642   194.904   323.224   410.518
2026-05-29 14:15:04.481: [ERROR][Attempt 0/10][Retry in 103 ms] SdkError: Internal server error: exceptions::mutation_write_timeout_exception (Failed to accept proposal(c9c06b94-5b68-11f1-c16d-89f0091d7e15) for alternator_latte_hot_partition.latte_hot_partition: write timeout due to uncertainty. Replica errors: )
2026-05-29 14:15:04.419: [ERROR][Attempt 0/10][Retry in 114 ms] SdkError: Internal server error: exceptions::mutation_write_timeout_exception (Failed to accept proposal(c9b74c12-5b68-11f1-b3b5-11ce555c2469) for alternator_latte_hot_partition.latte_hot_partition: write timeout due to uncertainty. Replica errors: )
2026-05-29 14:15:04.483: [ERROR][Attempt 0/10][Retry in 119 ms] SdkError: Internal server error: exceptions::mutation_write_timeout_exception (Failed to accept proposal(c9c1063a-5b68-11f1-da02-e0bdc35b7bed) for alternator_latte_hot_partition.latte_hot_partition: write timeout due to uncertainty. Replica errors: )
2026-05-29 14:15:04.140: [ERROR][Attempt 0/10][Retry in 64 ms] SdkError: Internal server error: exceptions::mutation_write_timeout_exception (Failed to accept proposal(c98bd0dc-5b68-11f1-aa19-85ae50a04fc9) for alternator_latte_hot_partition.latte_hot_partition: write timeout due to uncertainty. Replica errors: )
2026-05-29 14:15:04.546: [ERROR][Attempt 0/10][Retry in 123 ms] SdkError: Internal server error: exceptions::mutation_write_timeout_exception (Failed to accept proposal(c9c94e80-5b68-11f1-204b-3c2f8ebe2b75) for alternator_latte_hot_partition.latte_hot_partition: write timeout due to uncertainty. Replica errors: )
...number of dropped error messages per sampling period: 84
 104.001      3469         0      3469           0.425     7.733    18.891    83.689   124.977   231.342   497.811   585.630
2026-05-29 14:15:05.785: [ERROR][Attempt 0/10][Retry in 65 ms] SdkError: Internal server error: exceptions::mutation_write_timeout_exception (Failed to accept proposal(ca87cc20-5b68-11f1-8cac-130eaf0355c8) for alternator_latte_hot_partition.latte_hot_partition: write timeout due to uncertainty. Replica errors: )
2026-05-29 14:15:05.750: [ERROR][Attempt 0/10][Retry in 143 ms] SdkError: Internal server error: exceptions::mutation_write_timeout_exception (Failed to accept proposal(ca824110-5b68-11f1-a74b-44a40b91ec7f) for alternator_latte_hot_partition.latte_hot_partition: write timeout due to uncertainty. Replica errors: )
2026-05-29 14:15:05.797: [ERROR][Attempt 0/10][Retry in 117 ms] SdkError: Internal server error: exceptions::mutation_write_timeout_exception (Failed to accept proposal(ca89225a-5b68-11f1-86d1-5b6b1848f1c6) for alternator_latte_hot_partition.latte_hot_partition: write timeout due to uncertainty. Replica errors: )
2026-05-29 14:15:05.924: [ERROR][Attempt 0/10][Retry in 127 ms] SdkError: Internal server error: exceptions::mutation_write_timeout_exception (Failed to accept proposal(ca9c5bd6-5b68-11f1-b21a-d3901593cdb6) for alternator_latte_hot_partition.latte_hot_partition: write timeout due to uncertainty. Replica errors: )
2026-05-29 14:15:05.194: [ERROR][Attempt 0/10][Retry in 134 ms] SdkError: Internal server error: exceptions::mutation_write_timeout_exception (Failed to accept proposal(ca2d787e-5b68-11f1-0416-4e0fb0b387e9) for alternator_latte_hot_partition.latte_hot_partition: write timeout due to uncertainty. Replica errors: )
...number of dropped error messages per sampling period: 73
 105.001      3516         0      3516           0.466     7.221    20.627    91.554   132.776   266.207   566.231   905.445
2026-05-29 14:15:06.233: [ERROR][Attempt 0/10][Retry in 132 ms] SdkError: Internal server error: exceptions::mutation_write_timeout_exception (Failed to accept proposal(cacc0250-5b68-11f1-4f99-1672a74c5921) for alternator_latte_hot_partition.latte_hot_partition: write timeout due to uncertainty. Replica errors: )
2026-05-29 14:15:06.218: [ERROR][Attempt 0/10][Retry in 80 ms] SdkError: Internal server error: exceptions::mutation_write_timeout_exception (Failed to accept proposal(cac95dca-5b68-11f1-ceae-7d1750cac7bb) for alternator_latte_hot_partition.latte_hot_partition: write timeout due to uncertainty. Replica errors: )
2026-05-29 14:15:06.545: [ERROR][Attempt 0/10][Retry in 124 ms] SdkError: Internal server error: exceptions::mutation_write_timeout_exception (Failed to accept proposal(cafab208-5b68-11f1-6a24-0339e9f54ae9) for alternator_latte_hot_partition.latte_hot_partition: write timeout due to uncertainty. Replica errors: )
2026-05-29 14:15:06.576: [ERROR][Attempt 0/10][Retry in 77 ms] SdkError: Internal server error: exceptions::mutation_write_timeout_exception (Failed to accept proposal(cb002e36-5b68-11f1-e073-92e46b13f014) for alternator_latte_hot_partition.latte_hot_partition: write timeout due to uncertainty. Replica errors: )
2026-05-29 14:15:06.142: [ERROR][Attempt 0/10][Retry in 50 ms] SdkError: Internal server error: exceptions::mutation_write_timeout_exception (Failed to accept proposal(cabe353a-5b68-11f1-01cd-849f48fb934f) for alternator_latte_hot_partition.latte_hot_partition: write timeout due to uncertainty. Replica errors: )
...number of dropped error messages per sampling period: 72
 106.001      3502         0      3502           0.494     7.098    15.499    78.709   115.868   216.531   333.185   395.313
2026-05-29 14:15:07.761: [ERROR][Attempt 0/10][Retry in 129 ms] SdkError: Internal server error: exceptions::mutation_write_timeout_exception (Failed to accept proposal(cbb54a5a-5b68-11f1-22b3-7c10099085c0) for alternator_latte_hot_partition.latte_hot_partition: write timeout due to uncertainty. Replica errors: )
2026-05-29 14:15:07.246: [ERROR][Attempt 0/10][Retry in 111 ms] SdkError: Internal server error: exceptions::mutation_write_timeout_exception (Failed to accept proposal(cb6680be-5b68-11f1-136f-6f84af7d57a7) for alternator_latte_hot_partition.latte_hot_partition: write timeout due to uncertainty. Replica errors: )
2026-05-29 14:15:07.768: [ERROR][Attempt 0/10][Retry in 104 ms] SdkError: Internal server error: exceptions::mutation_write_timeout_exception (Failed to accept proposal(cbb620e2-5b68-11f1-b686-7e645c97396b) for alternator_latte_hot_partition.latte_hot_partition: write timeout due to uncertainty. Replica errors: )
2026-05-29 14:15:07.562: [ERROR][Attempt 0/10][Retry in 101 ms] SdkError: Internal server error: exceptions::mutation_write_timeout_exception (Failed to accept proposal(cb967ecc-5b68-11f1-c30f-7e05dabe27b8) for alternator_latte_hot_partition.latte_hot_partition: write timeout due to uncertainty. Replica errors: )
2026-05-29 14:15:07.431: [ERROR][Attempt 0/10][Retry in 59 ms] SdkError: Internal server error: exceptions::mutation_write_timeout_exception (Failed to accept proposal(cb823002-5b68-11f1-cbf5-9cc4fd0c5173) for alternator_latte_hot_partition.latte_hot_partition: write timeout due to uncertainty. Replica errors: )
...number of dropped error messages per sampling period: 65
 107.001      3479         0      3479           0.492     7.426    21.774    88.932   120.717   200.802   295.436   342.098
2026-05-29 14:15:08.917: [ERROR][Attempt 0/10][Retry in 108 ms] SdkError: Internal server error: exceptions::mutation_write_timeout_exception (Failed to accept proposal(cc6599d2-5b68-11f1-0834-84144f79431e) for alternator_latte_hot_partition.latte_hot_partition: write timeout due to uncertainty. Replica errors: )
2026-05-29 14:15:08.273: [ERROR][Attempt 0/10][Retry in 131 ms] SdkError: Internal server error: exceptions::mutation_write_timeout_exception (Failed to accept proposal(cc036424-5b68-11f1-4860-e356ba8c8f8a) for alternator_latte_hot_partition.latte_hot_partition: write timeout due to uncertainty. Replica errors: )
2026-05-29 14:15:08.586: [ERROR][Attempt 0/10][Retry in 57 ms] SdkError: Internal server error: exceptions::mutation_write_timeout_exception (Failed to accept proposal(cc334fd6-5b68-11f1-70d0-72ba42d2c5de) for alternator_latte_hot_partition.latte_hot_partition: write timeout due to uncertainty. Replica errors: )
2026-05-29 14:15:08.408: [ERROR][Attempt 0/10][Retry in 50 ms] SdkError: Internal server error: exceptions::mutation_write_timeout_exception (Failed to accept proposal(cc18182e-5b68-11f1-8396-f0ba825b17a2) for alternator_latte_hot_partition.latte_hot_partition: write timeout due to uncertainty. Replica errors: )
2026-05-29 14:15:08.074: [ERROR][Attempt 0/10][Retry in 59 ms] SdkError: Internal server error: exceptions::mutation_write_timeout_exception (Failed to accept proposal(cbe4a4d0-5b68-11f1-e597-b5760f1c6170) for alternator_latte_hot_partition.latte_hot_partition: write timeout due to uncertainty. Replica errors: )
...number of dropped error messages per sampling period: 68
 108.002      3530         0      3530           0.469     6.607    13.058    74.842   112.067   199.098   353.632   482.607
2026-05-29 14:15:09.460: [ERROR][Attempt 0/10][Retry in 100 ms] SdkError: Internal server error: exceptions::mutation_write_timeout_exception (Failed to accept proposal(ccb850a0-5b68-11f1-a09d-141faad97791) for alternator_latte_hot_partition.latte_hot_partition: write timeout due to uncertainty. Replica errors: )
2026-05-29 14:15:09.249: [ERROR][Attempt 0/10][Retry in 119 ms] SdkError: Internal server error: exceptions::mutation_write_timeout_exception (Failed to accept proposal(cc982ae6-5b68-11f1-fa39-da878ed61feb) for alternator_latte_hot_partition.latte_hot_partition: write timeout due to uncertainty. Replica errors: )
2026-05-29 14:15:09.184: [ERROR][Attempt 0/10][Retry in 116 ms] SdkError: Internal server error: exceptions::mutation_write_timeout_exception (Failed to accept proposal(cc8e1150-5b68-11f1-d458-bc8fd0b5795c) for alternator_latte_hot_partition.latte_hot_partition: write timeout due to uncertainty. Replica errors: )
2026-05-29 14:15:09.666: [ERROR][Attempt 0/10][Retry in 134 ms] SdkError: Internal server error: exceptions::mutation_write_timeout_exception (Failed to accept proposal(ccd7d98e-5b68-11f1-a933-685e5e08619d) for alternator_latte_hot_partition.latte_hot_partition: write timeout due to uncertainty. Replica errors: )
2026-05-29 14:15:09.219: [ERROR][Attempt 0/10][Retry in 103 ms] SdkError: Internal server error: exceptions::mutation_write_timeout_exception (Failed to accept proposal(cc9379ec-5b68-11f1-2812-8c87b6fd1bb5) for alternator_latte_hot_partition.latte_hot_partition: write timeout due to uncertainty. Replica errors: )
...number of dropped error messages per sampling period: 80
 109.001      3458         0      3458           0.391     9.028    39.322   111.411   167.248   279.183   417.858   512.754
2026-05-29 14:15:10.580: [ERROR][Attempt 0/10][Retry in 113 ms] SdkError: Internal server error: exceptions::mutation_write_timeout_exception (Failed to accept proposal(cd635388-5b68-11f1-84e3-f46ed17d0b28) for alternator_latte_hot_partition.latte_hot_partition: write timeout due to uncertainty. Replica errors: )
2026-05-29 14:15:09.987: [ERROR][Attempt 0/10][Retry in 96 ms] SdkError: Internal server error: exceptions::mutation_write_timeout_exception (Failed to accept proposal(cd08d02a-5b68-11f1-2cef-992380484250) for alternator_latte_hot_partition.latte_hot_partition: write timeout due to uncertainty. Replica errors: )
2026-05-29 14:15:10.035: [ERROR][Attempt 0/10][Retry in 112 ms] SdkError: Internal server error: exceptions::mutation_write_timeout_exception (Failed to accept proposal(cd0f531e-5b68-11f1-5257-7549f759b2da) for alternator_latte_hot_partition.latte_hot_partition: write timeout due to uncertainty. Replica errors: )
2026-05-29 14:15:10.720: [ERROR][Attempt 0/10][Retry in 135 ms] SdkError: Internal server error: exceptions::mutation_write_timeout_exception (Failed to accept proposal(cd78ccae-5b68-11f1-3877-02120b7e3582) for alternator_latte_hot_partition.latte_hot_partition: write timeout due to uncertainty. Replica errors: )
2026-05-29 14:15:10.342: [ERROR][Attempt 0/10][Retry in 57 ms] SdkError: Internal server error: exceptions::mutation_write_timeout_exception (Failed to accept proposal(cd3ef63c-5b68-11f1-6022-334b6e109112) for alternator_latte_hot_partition.latte_hot_partition: write timeout due to uncertainty. Replica errors: )
...number of dropped error messages per sampling period: 85
 110.001      3538         0      3538           0.566     7.397    21.840    99.090   144.441   237.109   473.956   550.502
2026-05-29 14:15:11.554: [ERROR][Attempt 0/10][Retry in 66 ms] SdkError: Internal server error: exceptions::mutation_write_timeout_exception (Failed to accept proposal(cdf80730-5b68-11f1-15cf-99cd90338ea7) for alternator_latte_hot_partition.latte_hot_partition: write timeout due to uncertainty. Replica errors: )
2026-05-29 14:15:11.085: [ERROR][Attempt 0/10][Retry in 127 ms] SdkError: Internal server error: exceptions::mutation_write_timeout_exception (Failed to accept proposal(cdb0930a-5b68-11f1-cc0c-e966e6f0db61) for alternator_latte_hot_partition.latte_hot_partition: write timeout due to uncertainty. Replica errors: )
2026-05-29 14:15:11.785: [ERROR][Attempt 0/10][Retry in 101 ms] SdkError: Internal server error: exceptions::mutation_write_timeout_exception (Failed to accept proposal(ce1ac6e4-5b68-11f1-9294-6034b09a5a7a) for alternator_latte_hot_partition.latte_hot_partition: write timeout due to uncertainty. Replica errors: )
2026-05-29 14:15:11.344: [ERROR][Attempt 0/10][Retry in 72 ms] SdkError: Internal server error: exceptions::mutation_write_timeout_exception (Failed to accept proposal(cdd7981a-5b68-11f1-058c-1bcb11dfae1a) for alternator_latte_hot_partition.latte_hot_partition: write timeout due to uncertainty. Replica errors: )
2026-05-29 14:15:11.587: [ERROR][Attempt 0/10][Retry in 149 ms] SdkError: Internal server error: exceptions::mutation_write_timeout_exception (Failed to accept proposal(cdfcc306-5b68-11f1-2f30-3671dbf3a2fe) for alternator_latte_hot_partition.latte_hot_partition: write timeout due to uncertainty. Replica errors: )
...number of dropped error messages per sampling period: 62
 111.001      3492         0      3492           0.401     6.873    16.810    78.512   114.491   197.001   344.195   465.306
2026-05-29 14:15:12.361: [ERROR][Attempt 0/10][Retry in 146 ms] SdkError: Internal server error: exceptions::mutation_write_timeout_exception (Failed to accept proposal(ce72f6ac-5b68-11f1-46e4-af5ef8856c33) for alternator_latte_hot_partition.latte_hot_partition: write timeout due to uncertainty. Replica errors: )
2026-05-29 14:15:12.045: [ERROR][Attempt 0/10][Retry in 60 ms] SdkError: Internal server error: exceptions::mutation_write_timeout_exception (Failed to accept proposal(ce42d242-5b68-11f1-a201-9e4c647e1e2a) for alternator_latte_hot_partition.latte_hot_partition: write timeout due to uncertainty. Replica errors: )
2026-05-29 14:15:12.337: [ERROR][Attempt 0/10][Retry in 122 ms] SdkError: Internal server error: exceptions::mutation_write_timeout_exception (Failed to accept proposal(ce6f716c-5b68-11f1-aa35-98391cdb28e0) for alternator_latte_hot_partition.latte_hot_partition: write timeout due to uncertainty. Replica errors: )
2026-05-29 14:15:12.358: [ERROR][Attempt 0/10][Retry in 76 ms] SdkError: Internal server error: exceptions::mutation_write_timeout_exception (Failed to accept proposal(ce724676-5b68-11f1-6b63-61d492f76e8d) for alternator_latte_hot_partition.latte_hot_partition: write timeout due to uncertainty. Replica errors: )
2026-05-29 14:15:12.254: [ERROR][Attempt 0/10][Retry in 101 ms] SdkError: Internal server error: exceptions::mutation_write_timeout_exception (Failed to accept proposal(ce62b490-5b68-11f1-a1d7-87839be70fba) for alternator_latte_hot_partition.latte_hot_partition: write timeout due to uncertainty. Replica errors: )
...number of dropped error messages per sampling period: 64
 112.001      3509         0      3508           0.532     6.644    14.311    72.090   106.365   180.355   369.885   486.801
2026-05-29 14:15:13.557: [ERROR][Attempt 1/10][Retry in 228 ms] SdkError: Internal server error: exceptions::mutation_write_timeout_exception (Failed to accept proposal(cf2933ea-5b68-11f1-6778-a7a63ec7208c) for alternator_latte_hot_partition.latte_hot_partition: write timeout due to uncertainty. Replica errors: )
2026-05-29 14:15:13.548: [ERROR][Attempt 0/10][Retry in 128 ms] SdkError: Internal server error: exceptions::mutation_write_timeout_exception (Failed to accept proposal(cf279d8c-5b68-11f1-f2a3-b988d3453c38) for alternator_latte_hot_partition.latte_hot_partition: write timeout due to uncertainty. Replica errors: )
2026-05-29 14:15:13.461: [ERROR][Attempt 0/10][Retry in 138 ms] SdkError: Internal server error: exceptions::mutation_write_timeout_exception (Failed to accept proposal(cf19d12a-5b68-11f1-01ef-4e2e5d0cbda0) for alternator_latte_hot_partition.latte_hot_partition: write timeout due to uncertainty. Replica errors: )
2026-05-29 14:15:13.222: [ERROR][Attempt 0/10][Retry in 65 ms] SdkError: Internal server error: exceptions::mutation_write_timeout_exception (Failed to accept proposal(cef656a0-5b68-11f1-9334-e53844bffc7c) for alternator_latte_hot_partition.latte_hot_partition: write timeout due to uncertainty. Replica errors: )
2026-05-29 14:15:13.918: [ERROR][Attempt 0/10][Retry in 74 ms] SdkError: Internal server error: exceptions::mutation_write_timeout_exception (Failed to accept proposal(cf60dd04-5b68-11f1-1557-9b2a74b6e0a9) for alternator_latte_hot_partition.latte_hot_partition: write timeout due to uncertainty. Replica errors: )
...number of dropped error messages per sampling period: 60
 113.001      3492         0      3491           0.537     6.754    14.246    74.580   108.659   187.957   299.631   493.617
2026-05-29 14:15:14.736: [ERROR][Attempt 0/10][Retry in 92 ms] SdkError: Internal server error: exceptions::mutation_write_timeout_exception (Failed to accept proposal(cfdd57e4-5b68-11f1-e37d-8e553037e854) for alternator_latte_hot_partition.latte_hot_partition: write timeout due to uncertainty. Replica errors: )
2026-05-29 14:15:14.831: [ERROR][Attempt 0/10][Retry in 59 ms] SdkError: Internal server error: exceptions::mutation_write_timeout_exception (Failed to accept proposal(cfebbb90-5b68-11f1-0e55-bbf9c2bac746) for alternator_latte_hot_partition.latte_hot_partition: write timeout due to uncertainty. Replica errors: )
2026-05-29 14:15:13.966: [ERROR][Attempt 0/10][Retry in 102 ms] SdkError: Internal server error: exceptions::mutation_write_timeout_exception (Failed to accept proposal(cf68133a-5b68-11f1-1320-1e676ce0babf) for alternator_latte_hot_partition.latte_hot_partition: write timeout due to uncertainty. Replica errors: )
2026-05-29 14:15:14.635: [ERROR][Attempt 0/10][Retry in 126 ms] SdkError: Internal server error: exceptions::mutation_write_timeout_exception (Failed to accept proposal(cfce4ae2-5b68-11f1-1b04-4c0e7dbb1a30) for alternator_latte_hot_partition.latte_hot_partition: write timeout due to uncertainty. Replica errors: )
2026-05-29 14:15:13.996: [ERROR][Attempt 0/10][Retry in 91 ms] SdkError: Internal server error: exceptions::mutation_write_timeout_exception (Failed to accept proposal(cf6cb980-5b68-11f1-7cb2-ed4747918e35) for alternator_latte_hot_partition.latte_hot_partition: write timeout due to uncertainty. Replica errors: )
...number of dropped error messages per sampling period: 79
 114.001      3447         0      3448           0.528     7.479    23.331    94.044   138.019   265.945   437.256   627.048
2026-05-29 14:15:15.430: [ERROR][Attempt 0/10][Retry in 122 ms] SdkError: Internal server error: exceptions::mutation_write_timeout_exception (Failed to accept proposal(d04697ea-5b68-11f1-2974-467f1b736416) for alternator_latte_hot_partition.latte_hot_partition: write timeout due to uncertainty. Replica errors: )
2026-05-29 14:15:15.094: [ERROR][Attempt 0/10][Retry in 91 ms] SdkError: Internal server error: exceptions::mutation_write_timeout_exception (Failed to accept proposal(d013bd48-5b68-11f1-93bf-eb917d4e13d0) for alternator_latte_hot_partition.latte_hot_partition: write timeout due to uncertainty. Replica errors: )
2026-05-29 14:15:15.004: [ERROR][Attempt 0/10][Retry in 51 ms] SdkError: Internal server error: exceptions::mutation_write_timeout_exception (Failed to accept proposal(d005f41a-5b68-11f1-7c03-fd0096ddf663) for alternator_latte_hot_partition.latte_hot_partition: write timeout due to uncertainty. Replica errors: )
2026-05-29 14:15:15.156: [ERROR][Attempt 0/10][Retry in 90 ms] SdkError: Internal server error: exceptions::mutation_write_timeout_exception (Failed to accept proposal(d01c517e-5b68-11f1-87db-d2084518860e) for alternator_latte_hot_partition.latte_hot_partition: write timeout due to uncertainty. Replica errors: )
2026-05-29 14:15:15.747: [ERROR][Attempt 0/10][Retry in 93 ms] SdkError: Internal server error: exceptions::mutation_write_timeout_exception (Failed to accept proposal(d07587ee-5b68-11f1-2ec3-24b9ef3418bf) for alternator_latte_hot_partition.latte_hot_partition: write timeout due to uncertainty. Replica errors: )
...number of dropped error messages per sampling period: 67
 115.001      3513         0      3513           0.418     7.406    29.852   129.106   203.817   369.885   640.156  1021.313
2026-05-29 14:15:16.836: [ERROR][Attempt 0/10][Retry in 130 ms] SdkError: Internal server error: exceptions::mutation_write_timeout_exception (Failed to accept proposal(d11dd8ea-5b68-11f1-5ed3-ec01e2536bb6) for alternator_latte_hot_partition.latte_hot_partition: write timeout due to uncertainty. Replica errors: )
2026-05-29 14:15:16.374: [ERROR][Attempt 0/10][Retry in 81 ms] SdkError: Internal server error: exceptions::mutation_write_timeout_exception (Failed to accept proposal(d0d7bb26-5b68-11f1-11bd-6e7e65552544) for alternator_latte_hot_partition.latte_hot_partition: write timeout due to uncertainty. Replica errors: )
2026-05-29 14:15:16.020: [ERROR][Attempt 0/10][Retry in 105 ms] SdkError: Internal server error: exceptions::mutation_write_timeout_exception (Failed to accept proposal(d0a0b478-5b68-11f1-5cec-b7ec8f654360) for alternator_latte_hot_partition.latte_hot_partition: write timeout due to uncertainty. Replica errors: )
2026-05-29 14:15:16.019: [ERROR][Attempt 0/10][Retry in 116 ms] SdkError: Internal server error: exceptions::mutation_write_timeout_exception (Failed to accept proposal(d0a08be2-5b68-11f1-9106-b8b73bb99ab0) for alternator_latte_hot_partition.latte_hot_partition: write timeout due to uncertainty. Replica errors: )
2026-05-29 14:15:16.383: [ERROR][Attempt 0/10][Retry in 102 ms] SdkError: Internal server error: exceptions::mutation_write_timeout_exception (Failed to accept proposal(d0d84f32-5b68-11f1-b032-694aa9034c6d) for alternator_latte_hot_partition.latte_hot_partition: write timeout due to uncertainty. Replica errors: )
...number of dropped error messages per sampling period: 75
 116.001      3534         0      3533           0.495     7.520    17.678    78.316   121.569   276.562   466.616   536.609
2026-05-29 14:15:17.272: [ERROR][Attempt 0/10][Retry in 120 ms] SdkError: Internal server error: exceptions::mutation_write_timeout_exception (Failed to accept proposal(d1608bf4-5b68-11f1-944a-7b982bd548d8) for alternator_latte_hot_partition.latte_hot_partition: write timeout due to uncertainty. Replica errors: )
2026-05-29 14:15:17.447: [ERROR][Attempt 0/10][Retry in 51 ms] SdkError: Internal server error: exceptions::mutation_write_timeout_exception (Failed to accept proposal(d17b51aa-5b68-11f1-1d4c-ca1329fee6b5) for alternator_latte_hot_partition.latte_hot_partition: write timeout due to uncertainty. Replica errors: )
2026-05-29 14:15:17.518: [ERROR][Attempt 0/10][Retry in 62 ms] SdkError: Internal server error: exceptions::mutation_write_timeout_exception (Failed to accept proposal(d185b3e8-5b68-11f1-b242-b7929ce1aa0e) for alternator_latte_hot_partition.latte_hot_partition: write timeout due to uncertainty. Replica errors: )
2026-05-29 14:15:17.433: [ERROR][Attempt 0/10][Retry in 68 ms] SdkError: Internal server error: exceptions::mutation_write_timeout_exception (Failed to accept proposal(d1791a5c-5b68-11f1-7d26-d8bc536ae6b5) for alternator_latte_hot_partition.latte_hot_partition: write timeout due to uncertainty. Replica errors: )
2026-05-29 14:15:17.450: [ERROR][Attempt 0/10][Retry in 61 ms] SdkError: Internal server error: exceptions::mutation_write_timeout_exception (Failed to accept proposal(d17bd12a-5b68-11f1-2026-a093bd0613bc) for alternator_latte_hot_partition.latte_hot_partition: write timeout due to uncertainty. Replica errors: )
...number of dropped error messages per sampling period: 71
 117.002      3498         0      3498           0.530     6.496    14.672    83.558   120.062   219.021   531.366   793.248
2026-05-29 14:15:18.755: [ERROR][Attempt 0/10][Retry in 142 ms] SdkError: Internal server error: exceptions::mutation_write_timeout_exception (Failed to accept proposal(d242bbf0-5b68-11f1-4b56-6b52ff53ec85) for alternator_latte_hot_partition.latte_hot_partition: write timeout due to uncertainty. Replica errors: )
2026-05-29 14:15:18.157: [ERROR][Attempt 0/10][Retry in 131 ms] SdkError: Internal server error: exceptions::mutation_write_timeout_exception (Failed to accept proposal(d1e76188-5b68-11f1-8202-c79ba06bc236) for alternator_latte_hot_partition.latte_hot_partition: write timeout due to uncertainty. Replica errors: )
2026-05-29 14:15:18.558: [ERROR][Attempt 0/10][Retry in 59 ms] SdkError: Internal server error: exceptions::mutation_write_timeout_exception (Failed to accept proposal(d224df86-5b68-11f1-ca52-62b35cc3f5ee) for alternator_latte_hot_partition.latte_hot_partition: write timeout due to uncertainty. Replica errors: )
2026-05-29 14:15:18.732: [ERROR][Attempt 0/10][Retry in 142 ms] SdkError: Internal server error: exceptions::mutation_write_timeout_exception (Failed to accept proposal(d23f481c-5b68-11f1-a5e8-d717df56aa93) for alternator_latte_hot_partition.latte_hot_partition: write timeout due to uncertainty. Replica errors: )
2026-05-29 14:15:18.202: [ERROR][Attempt 0/10][Retry in 128 ms] SdkError: Internal server error: exceptions::mutation_write_timeout_exception (Failed to accept proposal(d1ee75f4-5b68-11f1-3a7e-cd3d52a01c85) for alternator_latte_hot_partition.latte_hot_partition: write timeout due to uncertainty. Replica errors: )
...number of dropped error messages per sampling period: 55
 118.001      3493         0      3493           0.528     6.414    12.575    83.689   123.011   242.483   350.749   457.179
2026-05-29 14:15:19.477: [ERROR][Attempt 0/10][Retry in 92 ms] SdkError: Internal server error: exceptions::mutation_write_timeout_exception (Failed to accept proposal(d2b0db76-5b68-11f1-47a8-4bd4634d72eb) for alternator_latte_hot_partition.latte_hot_partition: write timeout due to uncertainty. Replica errors: )
2026-05-29 14:15:19.772: [ERROR][Attempt 0/10][Retry in 122 ms] SdkError: Internal server error: exceptions::mutation_write_timeout_exception (Failed to accept proposal(d2de34cc-5b68-11f1-4c7a-f1df4a4af8f5) for alternator_latte_hot_partition.latte_hot_partition: write timeout due to uncertainty. Replica errors: )
2026-05-29 14:15:19.285: [ERROR][Attempt 0/10][Retry in 93 ms] SdkError: Internal server error: exceptions::mutation_write_timeout_exception (Failed to accept proposal(d2932a18-5b68-11f1-0315-9ef4417c168f) for alternator_latte_hot_partition.latte_hot_partition: write timeout due to uncertainty. Replica errors: )
2026-05-29 14:15:19.498: [ERROR][Attempt 0/10][Retry in 126 ms] SdkError: Internal server error: exceptions::mutation_write_timeout_exception (Failed to accept proposal(d2b3cade-5b68-11f1-5f8e-665712ec4864) for alternator_latte_hot_partition.latte_hot_partition: write timeout due to uncertainty. Replica errors: )
2026-05-29 14:15:19.225: [ERROR][Attempt 0/10][Retry in 111 ms] SdkError: Internal server error: exceptions::mutation_write_timeout_exception (Failed to accept proposal(d2899296-5b68-11f1-5b96-8f70bdb7b6a0) for alternator_latte_hot_partition.latte_hot_partition: write timeout due to uncertainty. Replica errors: )
...number of dropped error messages per sampling period: 67
 119.002      3550         0      3550           0.404     7.004    18.727    91.423   138.805   247.202   413.663   576.717
2026-05-29 14:15:20.870: [ERROR][Attempt 0/10][Retry in 120 ms] SdkError: Internal server error: exceptions::mutation_write_timeout_exception (Failed to accept proposal(d38563aa-5b68-11f1-4622-1dcf3a9cbb22) for alternator_latte_hot_partition.latte_hot_partition: write timeout due to uncertainty. Replica errors: )
2026-05-29 14:15:20.071: [ERROR][Attempt 0/10][Retry in 80 ms] SdkError: Internal server error: exceptions::mutation_write_timeout_exception (Failed to accept proposal(d30b525e-5b68-11f1-debc-0a84d16c6abf) for alternator_latte_hot_partition.latte_hot_partition: write timeout due to uncertainty. Replica errors: )
2026-05-29 14:15:20.022: [ERROR][Attempt 0/10][Retry in 76 ms] SdkError: Internal server error: exceptions::mutation_write_timeout_exception (Failed to accept proposal(d3045cf6-5b68-11f1-1c06-eb8ff4821889) for alternator_latte_hot_partition.latte_hot_partition: write timeout due to uncertainty. Replica errors: )
2026-05-29 14:15:20.941: [ERROR][Attempt 1/10][Retry in 197 ms] SdkError: Internal server error: exceptions::mutation_write_timeout_exception (Failed to accept proposal(d3906688-5b68-11f1-7331-a4a081a69fc4) for alternator_latte_hot_partition.latte_hot_partition: write timeout due to uncertainty. Replica errors: )
2026-05-29 14:15:20.171: [ERROR][Attempt 0/10][Retry in 144 ms] SdkError: Internal server error: exceptions::mutation_write_timeout_exception (Failed to accept proposal(d31ac4d2-5b68-11f1-6a29-0168b444cc1f) for alternator_latte_hot_partition.latte_hot_partition: write timeout due to uncertainty. Replica errors: )
...number of dropped error messages per sampling period: 71
 120.002      3469         0      3470           0.516     6.111    12.141    70.451   104.727   198.312   310.641   435.159
2026-05-29 14:15:21.018: [ERROR][Attempt 0/10][Retry in 131 ms] SdkError: Internal server error: exceptions::mutation_write_timeout_exception (Failed to accept proposal(d39c10dc-5b68-11f1-f5f8-cb4e50c24844) for alternator_latte_hot_partition.latte_hot_partition: write timeout due to uncertainty. Replica errors: )

 120.088        65         0       744           5.333    82.969   117.375   221.118   237.634   492.306   492.306   492.306

SUMMARY STATS ══════════════════════════════════════════════════════════════════════════════════════════════════════════════
    Elapsed time       [s]    120.206                                                                 
        CPU time       [s]     99.490                                                                 
 CPU utilisation       [%]        5.2                                                                 
          Cycles      [op]     419980                                                                 
          Errors      [op]          0                                                                 
              └─       [%]        0.0                                                                 
        Requests     [req]     419980                                                                 
              └─  [req/op]        1.0                                                                 
         Retries     [ret]       8705                                                                 
              └─ [ret/req]    0.02073                                                                 
            Rows     [row]     118208                                                                 
              └─ [row/req]        0.3                                                                 
     Concurrency     [req]        273 ± 261                                                           
              └─       [%]       1706                                                                 
      Throughput    [op/s]       3494 ± 40                                                            
              ├─   [req/s]       3494 ± 40                                                            
              └─   [row/s]        983 ± 11                                                            
   Cycle latency      [ms]     24.348 ± 0.322                                                         
 Request latency      [ms]     20.691 ± 0.208                                                         

CYCLE LATENCY for get [ms]  ════════════════════════════════════════════════════════════════════════════════════════════════
          Min                   0.351 ± 0.038                                                         
           25                   1.459 ± 0.010                                                         
           50                   1.929 ± 0.011                                                         
           75                   2.533 ± 0.016                                                         
           90                   3.320 ± 0.031                                                         
           95                   3.977 ± 0.048                                                         
           98                   4.895 ± 0.065                                                         
           99                   5.558 ± 0.097                                                         
           99.9                 7.999 ± 0.340                                                         
           99.99               21.971 ± 13.867                                                        
          Max                  35.062 ± 3.272                                                         

CYCLE LATENCY for update [ms]  ═════════════════════════════════════════════════════════════════════════════════════════════
          Min                   1.763 ± 0.456                                                         
           25                   6.332 ± 0.020                                                         
           50                   9.232 ± 0.062                                                         
           75                  37.913 ± 1.037                                                         
           90                 100.663 ± 1.032                                                         
           95                 141.820 ± 1.667                                                         
           98                 199.229 ± 3.232                                                         
           99                 248.250 ± 4.722                                                         
           99.9               445.645 ± 20.598                                                        
           99.99              643.301 ± 107.987                                                       
          Max                1160.774 ± 270.952                                                       

info: Saved report to /output/latte_1.json
TIMEFORMAT 151.460 103.487 24.988
