---TIMESTAMP 1776689906---
State    Recv-Q Send-Q Local Address:Port  Peer Address:Port Process
LAST-ACK 1      1       172.31.7.110:22   5.133.253.103:57572
	 cubic wscale:10,10 rto:230 rtt:29.036/9.587 ato:44 mss:1448 pmtu:9001 rcvmss:1400 advmss:8949 cwnd:10 bytes_sent:3091 bytes_acked:3091 bytes_received:3299 segs_out:24 segs_in:23 data_segs_out:12 data_segs_in:14 send 3989530bps lastsnd:40 lastrcv:16 lastack:16 pacing_rate 7978920bps delivery_rate 963640bps delivered:13 app_limited busy:362ms unacked:1 rcv_space:56587 rcv_ssthresh:85809 minrtt:23.582 snd_wnd:74752
#kernel
IpInReceives                    130878422          0.0
IpInHdrErrors                   0                  0.0
IpInAddrErrors                  5                  0.0
IpForwDatagrams                 130856815          0.0
IpInUnknownProtos               0                  0.0
IpInDiscards                    0                  0.0
IpInDelivers                    21602              0.0
IpOutRequests                   16704              0.0
IpOutDiscards                   0                  0.0
IpOutNoRoutes                   3                  0.0
IpReasmTimeout                  0                  0.0
IpReasmReqds                    0                  0.0
IpReasmOKs                      0                  0.0
IpReasmFails                    0                  0.0
IpFragOKs                       0                  0.0
IpFragFails                     0                  0.0
IpFragCreates                   0                  0.0
IpOutTransmits                  130873519          0.0
IcmpInMsgs                      3                  0.0
IcmpInErrors                    0                  0.0
IcmpInCsumErrors                0                  0.0
IcmpInDestUnreachs              3                  0.0
IcmpInTimeExcds                 0                  0.0
IcmpInParmProbs                 0                  0.0
IcmpInSrcQuenchs                0                  0.0
IcmpInRedirects                 0                  0.0
IcmpInEchos                     0                  0.0
IcmpInEchoReps                  0                  0.0
IcmpInTimestamps                0                  0.0
IcmpInTimestampReps             0                  0.0
IcmpInAddrMasks                 0                  0.0
IcmpInAddrMaskReps              0                  0.0
IcmpOutMsgs                     3                  0.0
IcmpOutErrors                   0                  0.0
IcmpOutRateLimitGlobal          0                  0.0
IcmpOutRateLimitHost            0                  0.0
IcmpOutDestUnreachs             3                  0.0
IcmpOutTimeExcds                0                  0.0
IcmpOutParmProbs                0                  0.0
IcmpOutSrcQuenchs               0                  0.0
IcmpOutRedirects                0                  0.0
IcmpOutEchos                    0                  0.0
IcmpOutEchoReps                 0                  0.0
IcmpOutTimestamps               0                  0.0
IcmpOutTimestampReps            0                  0.0
IcmpOutAddrMasks                0                  0.0
IcmpOutAddrMaskReps             0                  0.0
IcmpMsgInType3                  3                  0.0
IcmpMsgOutType3                 3                  0.0
TcpActiveOpens                  445                0.0
TcpPassiveOpens                 107                0.0
TcpAttemptFails                 10                 0.0
TcpEstabResets                  11                 0.0
TcpInSegs                       20352              0.0
TcpOutSegs                      15735              0.0
TcpRetransSegs                  51                 0.0
TcpInErrs                       0                  0.0
TcpOutRsts                      25                 0.0
TcpInCsumErrors                 0                  0.0
UdpInDatagrams                  1300               0.0
UdpNoPorts                      3                  0.0
UdpInErrors                     0                  0.0
UdpOutDatagrams                 1303               0.0
UdpRcvbufErrors                 0                  0.0
UdpSndbufErrors                 0                  0.0
UdpInCsumErrors                 0                  0.0
UdpIgnoredMulti                 0                  0.0
UdpMemErrors                    0                  0.0
UdpLiteInDatagrams              0                  0.0
UdpLiteNoPorts                  0                  0.0
UdpLiteInErrors                 0                  0.0
UdpLiteOutDatagrams             0                  0.0
UdpLiteRcvbufErrors             0                  0.0
UdpLiteSndbufErrors             0                  0.0
UdpLiteInCsumErrors             0                  0.0
UdpLiteIgnoredMulti             0                  0.0
UdpLiteMemErrors                0                  0.0
Ip6InReceives                   62                 0.0
Ip6InHdrErrors                  0                  0.0
Ip6InTooBigErrors               0                  0.0
Ip6InNoRoutes                   0                  0.0
Ip6InAddrErrors                 0                  0.0
Ip6InUnknownProtos              0                  0.0
Ip6InTruncatedPkts              0                  0.0
Ip6InDiscards                   0                  0.0
Ip6InDelivers                   62                 0.0
Ip6OutForwDatagrams             0                  0.0
Ip6OutRequests                  106                0.0
Ip6OutDiscards                  0                  0.0
Ip6OutNoRoutes                  108                0.0
Ip6ReasmTimeout                 0                  0.0
Ip6ReasmReqds                   0                  0.0
Ip6ReasmOKs                     0                  0.0
Ip6ReasmFails                   0                  0.0
Ip6FragOKs                      0                  0.0
Ip6FragFails                    0                  0.0
Ip6FragCreates                  0                  0.0
Ip6InMcastPkts                  0                  0.0
Ip6OutMcastPkts                 44                 0.0
Ip6InOctets                     554390             0.0
Ip6OutOctets                    557298             0.0
Ip6InMcastOctets                0                  0.0
Ip6OutMcastOctets               2908               0.0
Ip6InBcastOctets                0                  0.0
Ip6OutBcastOctets               0                  0.0
Ip6InNoECTPkts                  62                 0.0
Ip6InECT1Pkts                   0                  0.0
Ip6InECT0Pkts                   0                  0.0
Ip6InCEPkts                     0                  0.0
Ip6OutTransmits                 106                0.0
Icmp6InMsgs                     3                  0.0
Icmp6InErrors                   0                  0.0
Icmp6OutMsgs                    47                 0.0
Icmp6OutErrors                  0                  0.0
Icmp6InCsumErrors               0                  0.0
Icmp6OutRateLimitHost           0                  0.0
Icmp6InDestUnreachs             3                  0.0
Icmp6InPktTooBigs               0                  0.0
Icmp6InTimeExcds                0                  0.0
Icmp6InParmProblems             0                  0.0
Icmp6InEchos                    0                  0.0
Icmp6InEchoReplies              0                  0.0
Icmp6InGroupMembQueries         0                  0.0
Icmp6InGroupMembResponses       0                  0.0
Icmp6InGroupMembReductions      0                  0.0
Icmp6InRouterSolicits           0                  0.0
Icmp6InRouterAdvertisements     0                  0.0
Icmp6InNeighborSolicits         0                  0.0
Icmp6InNeighborAdvertisements   0                  0.0
Icmp6InRedirects                0                  0.0
Icmp6InMLDv2Reports             0                  0.0
Icmp6OutDestUnreachs            3                  0.0
Icmp6OutPktTooBigs              0                  0.0
Icmp6OutTimeExcds               0                  0.0
Icmp6OutParmProblems            0                  0.0
Icmp6OutEchos                   0                  0.0
Icmp6OutEchoReplies             0                  0.0
Icmp6OutGroupMembQueries        0                  0.0
Icmp6OutGroupMembResponses      0                  0.0
Icmp6OutGroupMembReductions     0                  0.0
Icmp6OutRouterSolicits          25                 0.0
Icmp6OutRouterAdvertisements    0                  0.0
Icmp6OutNeighborSolicits        4                  0.0
Icmp6OutNeighborAdvertisements  0                  0.0
Icmp6OutRedirects               0                  0.0
Icmp6OutMLDv2Reports            15                 0.0
Icmp6InType1                    3                  0.0
Icmp6OutType1                   3                  0.0
Icmp6OutType133                 25                 0.0
Icmp6OutType135                 4                  0.0
Icmp6OutType143                 15                 0.0
Udp6InDatagrams                 0                  0.0
Udp6NoPorts                     3                  0.0
Udp6InErrors                    0                  0.0
Udp6OutDatagrams                3                  0.0
Udp6RcvbufErrors                0                  0.0
Udp6SndbufErrors                0                  0.0
Udp6InCsumErrors                0                  0.0
Udp6IgnoredMulti                0                  0.0
Udp6MemErrors                   0                  0.0
UdpLite6InDatagrams             0                  0.0
UdpLite6NoPorts                 0                  0.0
UdpLite6InErrors                0                  0.0
UdpLite6OutDatagrams            0                  0.0
UdpLite6RcvbufErrors            0                  0.0
UdpLite6SndbufErrors            0                  0.0
UdpLite6InCsumErrors            0                  0.0
UdpLite6MemErrors               0                  0.0
TcpExtSyncookiesSent            0                  0.0
TcpExtSyncookiesRecv            0                  0.0
TcpExtSyncookiesFailed          0                  0.0
TcpExtEmbryonicRsts             6                  0.0
TcpExtPruneCalled               1                  0.0
TcpExtRcvPruned                 0                  0.0
TcpExtOfoPruned                 0                  0.0
TcpExtOutOfWindowIcmps          0                  0.0
TcpExtLockDroppedIcmps          0                  0.0
TcpExtArpFilter                 0                  0.0
TcpExtTW                        208                0.0
TcpExtTWRecycled                0                  0.0
TcpExtTWKilled                  0                  0.0
TcpExtPAWSActive                0                  0.0
TcpExtPAWSEstab                 0                  0.0
TcpExtBeyondWindow              0                  0.0
TcpExtTSEcrRejected             0                  0.0
TcpExtPAWSOldAck                0                  0.0
TcpExtPAWSTimewait              0                  0.0
TcpExtDelayedACKs               376                0.0
TcpExtDelayedACKLocked          0                  0.0
TcpExtDelayedACKLost            106                0.0
TcpExtListenOverflows           0                  0.0
TcpExtListenDrops               0                  0.0
TcpExtTCPHPHits                 1414               0.0
TcpExtTCPPureAcks               1361               0.0
TcpExtTCPHPAcks                 1430               0.0
TcpExtTCPRenoRecovery           0                  0.0
TcpExtTCPSackRecovery           0                  0.0
TcpExtTCPSACKReneging           0                  0.0
TcpExtTCPSACKReorder            0                  0.0
TcpExtTCPRenoReorder            0                  0.0
TcpExtTCPTSReorder              0                  0.0
TcpExtTCPFullUndo               0                  0.0
TcpExtTCPPartialUndo            0                  0.0
TcpExtTCPDSACKUndo              0                  0.0
TcpExtTCPLossUndo               0                  0.0
TcpExtTCPLostRetransmit         0                  0.0
TcpExtTCPRenoFailures           0                  0.0
TcpExtTCPSackFailures           0                  0.0
TcpExtTCPLossFailures           0                  0.0
TcpExtTCPFastRetrans            0                  0.0
TcpExtTCPSlowStartRetrans       0                  0.0
TcpExtTCPTimeouts               60                 0.0
TcpExtTCPLossProbes             1                  0.0
TcpExtTCPLossProbeRecovery      0                  0.0
TcpExtTCPRenoRecoveryFail       0                  0.0
TcpExtTCPSackRecoveryFail       0                  0.0
TcpExtTCPRcvCollapsed           26                 0.0
TcpExtTCPBacklogCoalesce        14                 0.0
TcpExtTCPDSACKOldSent           106                0.0
TcpExtTCPDSACKOfoSent           0                  0.0
TcpExtTCPDSACKRecv              0                  0.0
TcpExtTCPDSACKOfoRecv           0                  0.0
TcpExtTCPAbortOnData            4                  0.0
TcpExtTCPAbortOnClose           6                  0.0
TcpExtTCPAbortOnMemory          0                  0.0
TcpExtTCPAbortOnTimeout         0                  0.0
TcpExtTCPAbortOnLinger          0                  0.0
TcpExtTCPAbortFailed            0                  0.0
TcpExtTCPMemoryPressures        0                  0.0
TcpExtTCPMemoryPressuresChrono  0                  0.0
TcpExtTCPSACKDiscard            0                  0.0
TcpExtTCPDSACKIgnoredOld        0                  0.0
TcpExtTCPDSACKIgnoredNoUndo     0                  0.0
TcpExtTCPSpuriousRTOs           0                  0.0
TcpExtTCPMD5NotFound            0                  0.0
TcpExtTCPMD5Unexpected          0                  0.0
TcpExtTCPMD5Failure             0                  0.0
TcpExtTCPSackShifted            0                  0.0
TcpExtTCPSackMerged             0                  0.0
TcpExtTCPSackShiftFallback      0                  0.0
TcpExtTCPBacklogDrop            0                  0.0
TcpExtPFMemallocDrop            0                  0.0
TcpExtTCPMinTTLDrop             0                  0.0
TcpExtTCPDeferAcceptDrop        0                  0.0
TcpExtIPReversePathFilter       0                  0.0
TcpExtTCPTimeWaitOverflow       0                  0.0
TcpExtTCPReqQFullDoCookies      0                  0.0
TcpExtTCPReqQFullDrop           0                  0.0
TcpExtTCPRetransFail            0                  0.0
TcpExtTCPRcvCoalesce            1204               0.0
TcpExtTCPOFOQueue               0                  0.0
TcpExtTCPOFODrop                0                  0.0
TcpExtTCPOFOMerge               0                  0.0
TcpExtTCPChallengeACK           0                  0.0
TcpExtTCPSYNChallenge           0                  0.0
TcpExtTCPFastOpenActive         0                  0.0
TcpExtTCPFastOpenActiveFail     0                  0.0
TcpExtTCPFastOpenPassive        0                  0.0
TcpExtTCPFastOpenPassiveFail    0                  0.0
TcpExtTCPFastOpenListenOverflow 0                  0.0
TcpExtTCPFastOpenCookieReqd     0                  0.0
TcpExtTCPFastOpenBlackhole      0                  0.0
TcpExtTCPSpuriousRtxHostQueues  0                  0.0
TcpExtBusyPollRxPackets         0                  0.0
TcpExtTCPAutoCorking            20                 0.0
TcpExtTCPFromZeroWindowAdv      106                0.0
TcpExtTCPToZeroWindowAdv        106                0.0
TcpExtTCPWantZeroWindowAdv      6                  0.0
TcpExtTCPSynRetrans             50                 0.0
TcpExtTCPOrigDataSent           3451               0.0
TcpExtTCPHystartTrainDetect     0                  0.0
TcpExtTCPHystartTrainCwnd       0                  0.0
TcpExtTCPHystartDelayDetect     0                  0.0
TcpExtTCPHystartDelayCwnd       0                  0.0
TcpExtTCPACKSkippedSynRecv      0                  0.0
TcpExtTCPACKSkippedPAWS         0                  0.0
TcpExtTCPACKSkippedSeq          0                  0.0
TcpExtTCPACKSkippedFinWait2     0                  0.0
TcpExtTCPACKSkippedTimeWait     0                  0.0
TcpExtTCPACKSkippedChallenge    0                  0.0
TcpExtTCPWinProbe               0                  0.0
TcpExtTCPKeepAlive              15                 0.0
TcpExtTCPMTUPFail               0                  0.0
TcpExtTCPMTUPSuccess            0                  0.0
TcpExtTCPDelivered              3883               0.0
TcpExtTCPDeliveredCE            0                  0.0
TcpExtTCPAckCompressed          0                  0.0
TcpExtTCPZeroWindowDrop         0                  0.0
TcpExtTCPRcvQDrop               0                  0.0
TcpExtTCPWqueueTooBig           0                  0.0
TcpExtTCPFastOpenPassiveAltKey  0                  0.0
TcpExtTcpTimeoutRehash          0                  0.0
TcpExtTcpDuplicateDataRehash    0                  0.0
TcpExtTCPDSACKRecvSegs          0                  0.0
TcpExtTCPDSACKIgnoredDubious    0                  0.0
TcpExtTCPMigrateReqSuccess      0                  0.0
TcpExtTCPMigrateReqFailure      0                  0.0
TcpExtTCPPLBRehash              0                  0.0
TcpExtTCPAORequired             0                  0.0
TcpExtTCPAOBad                  0                  0.0
TcpExtTCPAOKeyNotFound          0                  0.0
TcpExtTCPAOGood                 0                  0.0
TcpExtTCPAODroppedIcmps         0                  0.0
IpExtInNoRoutes                 0                  0.0
IpExtInTruncatedPkts            0                  0.0
IpExtInMcastPkts                0                  0.0
IpExtOutMcastPkts               4                  0.0
IpExtInBcastPkts                0                  0.0
IpExtOutBcastPkts               0                  0.0
IpExtInOctets                   144001261626       0.0
IpExtOutOctets                  143614983728       0.0
IpExtInMcastOctets              0                  0.0
IpExtOutMcastOctets             160                0.0
IpExtInBcastOctets              0                  0.0
IpExtOutBcastOctets             0                  0.0
IpExtInCsumErrors               0                  0.0
IpExtInNoECTPkts                184665700          0.0
IpExtInECT1Pkts                 0                  0.0
IpExtInECT0Pkts                 0                  0.0
IpExtInCEPkts                   0                  0.0
IpExtReasmOverlaps              0                  0.0
MPTcpExtMPCapableSYNRX          0                  0.0
MPTcpExtMPCapableSYNTX          0                  0.0
MPTcpExtMPCapableSYNACKRX       0                  0.0
MPTcpExtMPCapableACKRX          0                  0.0
MPTcpExtMPCapableFallbackACK    0                  0.0
MPTcpExtMPCapableFallbackSYNACK 0                  0.0
MPTcpExtMPCapableSYNTXDrop      0                  0.0
MPTcpExtMPCapableSYNTXDisabled  0                  0.0
MPTcpExtMPCapableEndpAttempt    0                  0.0
MPTcpExtMPFallbackTokenInit     0                  0.0
MPTcpExtMPTCPRetrans            0                  0.0
MPTcpExtMPJoinNoTokenFound      0                  0.0
MPTcpExtMPJoinSynRx             0                  0.0
MPTcpExtMPJoinSynBackupRx       0                  0.0
MPTcpExtMPJoinSynAckRx          0                  0.0
MPTcpExtMPJoinSynAckBackupRx    0                  0.0
MPTcpExtMPJoinSynAckHMacFailure 0                  0.0
MPTcpExtMPJoinAckRx             0                  0.0
MPTcpExtMPJoinAckHMacFailure    0                  0.0
MPTcpExtMPJoinRejected          0                  0.0
MPTcpExtMPJoinSynTx             0                  0.0
MPTcpExtMPJoinSynTxCreatSkErr   0                  0.0
MPTcpExtMPJoinSynTxBindErr      0                  0.0
MPTcpExtMPJoinSynTxConnectErr   0                  0.0
MPTcpExtDSSNotMatching          0                  0.0
MPTcpExtDSSCorruptionFallback   0                  0.0
MPTcpExtDSSCorruptionReset      0                  0.0
MPTcpExtInfiniteMapTx           0                  0.0
MPTcpExtInfiniteMapRx           0                  0.0
MPTcpExtDSSNoMatchTCP           0                  0.0
MPTcpExtDataCsumErr             0                  0.0
MPTcpExtOFOQueueTail            0                  0.0
MPTcpExtOFOQueue                0                  0.0
MPTcpExtOFOMerge                0                  0.0
MPTcpExtNoDSSInWindow           0                  0.0
MPTcpExtDuplicateData           0                  0.0
MPTcpExtAddAddr                 0                  0.0
MPTcpExtAddAddrTx               0                  0.0
MPTcpExtAddAddrTxDrop           0                  0.0
MPTcpExtEchoAdd                 0                  0.0
MPTcpExtEchoAddTx               0                  0.0
MPTcpExtEchoAddTxDrop           0                  0.0
MPTcpExtPortAdd                 0                  0.0
MPTcpExtAddAddrDrop             0                  0.0
MPTcpExtMPJoinPortSynRx         0                  0.0
MPTcpExtMPJoinPortSynAckRx      0                  0.0
MPTcpExtMPJoinPortAckRx         0                  0.0
MPTcpExtMismatchPortSynRx       0                  0.0
MPTcpExtMismatchPortAckRx       0                  0.0
MPTcpExtRmAddr                  0                  0.0
MPTcpExtRmAddrDrop              0                  0.0
MPTcpExtRmAddrTx                0                  0.0
MPTcpExtRmAddrTxDrop            0                  0.0
MPTcpExtRmSubflow               0                  0.0
MPTcpExtMPPrioTx                0                  0.0
MPTcpExtMPPrioRx                0                  0.0
MPTcpExtMPFailTx                0                  0.0
MPTcpExtMPFailRx                0                  0.0
MPTcpExtMPFastcloseTx           0                  0.0
MPTcpExtMPFastcloseRx           0                  0.0
MPTcpExtMPRstTx                 0                  0.0
MPTcpExtMPRstRx                 0                  0.0
MPTcpExtRcvPruned               0                  0.0
MPTcpExtSubflowStale            0                  0.0
MPTcpExtSubflowRecover          0                  0.0
MPTcpExtSndWndShared            0                  0.0
MPTcpExtRcvWndShared            0                  0.0
MPTcpExtRcvWndConflictUpdate    0                  0.0
MPTcpExtRcvWndConflict          0                  0.0
MPTcpExtMPCurrEstab             0                  0.0
MPTcpExtBlackhole               0                  0.0
MPTcpExtMPCapableDataFallback   0                  0.0
MPTcpExtMD5SigFallback          0                  0.0
MPTcpExtDssFallback             0                  0.0
MPTcpExtSimultConnectFallback   0                  0.0
MPTcpExtFallbackFailed          0                  0.0
---TIMESTAMP 1776689911---
State Recv-Q Send-Q Local Address:Port Peer Address:PortProcess
#kernel
IpInReceives                    131116095          0.0
IpInHdrErrors                   0                  0.0
IpInAddrErrors                  5                  0.0
IpForwDatagrams                 131094448          0.0
IpInUnknownProtos               0                  0.0
IpInDiscards                    0                  0.0
IpInDelivers                    21641              0.0
IpOutRequests                   16745              0.0
IpOutDiscards                   0                  0.0
IpOutNoRoutes                   3                  0.0
IpReasmTimeout                  0                  0.0
IpReasmReqds                    0                  0.0
IpReasmOKs                      0                  0.0
IpReasmFails                    0                  0.0
IpFragOKs                       0                  0.0
IpFragFails                     0                  0.0
IpFragCreates                   0                  0.0
IpOutTransmits                  131111192          0.0
IcmpInMsgs                      3                  0.0
IcmpInErrors                    0                  0.0
IcmpInCsumErrors                0                  0.0
IcmpInDestUnreachs              3                  0.0
IcmpInTimeExcds                 0                  0.0
IcmpInParmProbs                 0                  0.0
IcmpInSrcQuenchs                0                  0.0
IcmpInRedirects                 0                  0.0
IcmpInEchos                     0                  0.0
IcmpInEchoReps                  0                  0.0
IcmpInTimestamps                0                  0.0
IcmpInTimestampReps             0                  0.0
IcmpInAddrMasks                 0                  0.0
IcmpInAddrMaskReps              0                  0.0
IcmpOutMsgs                     3                  0.0
IcmpOutErrors                   0                  0.0
IcmpOutRateLimitGlobal          0                  0.0
IcmpOutRateLimitHost            0                  0.0
IcmpOutDestUnreachs             3                  0.0
IcmpOutTimeExcds                0                  0.0
IcmpOutParmProbs                0                  0.0
IcmpOutSrcQuenchs               0                  0.0
IcmpOutRedirects                0                  0.0
IcmpOutEchos                    0                  0.0
IcmpOutEchoReps                 0                  0.0
IcmpOutTimestamps               0                  0.0
IcmpOutTimestampReps            0                  0.0
IcmpOutAddrMasks                0                  0.0
IcmpOutAddrMaskReps             0                  0.0
IcmpMsgInType3                  3                  0.0
IcmpMsgOutType3                 3                  0.0
TcpActiveOpens                  447                0.0
TcpPassiveOpens                 108                0.0
TcpAttemptFails                 10                 0.0
TcpEstabResets                  11                 0.0
TcpInSegs                       20460              0.0
TcpOutSegs                      15845              0.0
TcpRetransSegs                  51                 0.0
TcpInErrs                       0                  0.0
TcpOutRsts                      25                 0.0
TcpInCsumErrors                 0                  0.0
UdpInDatagrams                  1301               0.0
UdpNoPorts                      3                  0.0
UdpInErrors                     0                  0.0
UdpOutDatagrams                 1304               0.0
UdpRcvbufErrors                 0                  0.0
UdpSndbufErrors                 0                  0.0
UdpInCsumErrors                 0                  0.0
UdpIgnoredMulti                 0                  0.0
UdpMemErrors                    0                  0.0
UdpLiteInDatagrams              0                  0.0
UdpLiteNoPorts                  0                  0.0
UdpLiteInErrors                 0                  0.0
UdpLiteOutDatagrams             0                  0.0
UdpLiteRcvbufErrors             0                  0.0
UdpLiteSndbufErrors             0                  0.0
UdpLiteInCsumErrors             0                  0.0
UdpLiteIgnoredMulti             0                  0.0
UdpLiteMemErrors                0                  0.0
Ip6InReceives                   132                0.0
Ip6InHdrErrors                  0                  0.0
Ip6InTooBigErrors               0                  0.0
Ip6InNoRoutes                   0                  0.0
Ip6InAddrErrors                 0                  0.0
Ip6InUnknownProtos              0                  0.0
Ip6InTruncatedPkts              0                  0.0
Ip6InDiscards                   0                  0.0
Ip6InDelivers                   132                0.0
Ip6OutForwDatagrams             0                  0.0
Ip6OutRequests                  176                0.0
Ip6OutDiscards                  0                  0.0
Ip6OutNoRoutes                  108                0.0
Ip6ReasmTimeout                 0                  0.0
Ip6ReasmReqds                   0                  0.0
Ip6ReasmOKs                     0                  0.0
Ip6ReasmFails                   0                  0.0
Ip6FragOKs                      0                  0.0
Ip6FragFails                    0                  0.0
Ip6FragCreates                  0                  0.0
Ip6InMcastPkts                  0                  0.0
Ip6OutMcastPkts                 44                 0.0
Ip6InOctets                     1041050            0.0
Ip6OutOctets                    1043958            0.0
Ip6InMcastOctets                0                  0.0
Ip6OutMcastOctets               2908               0.0
Ip6InBcastOctets                0                  0.0
Ip6OutBcastOctets               0                  0.0
Ip6InNoECTPkts                  132                0.0
Ip6InECT1Pkts                   0                  0.0
Ip6InECT0Pkts                   0                  0.0
Ip6InCEPkts                     0                  0.0
Ip6OutTransmits                 176                0.0
Icmp6InMsgs                     3                  0.0
Icmp6InErrors                   0                  0.0
Icmp6OutMsgs                    47                 0.0
Icmp6OutErrors                  0                  0.0
Icmp6InCsumErrors               0                  0.0
Icmp6OutRateLimitHost           0                  0.0
Icmp6InDestUnreachs             3                  0.0
Icmp6InPktTooBigs               0                  0.0
Icmp6InTimeExcds                0                  0.0
Icmp6InParmProblems             0                  0.0
Icmp6InEchos                    0                  0.0
Icmp6InEchoReplies              0                  0.0
Icmp6InGroupMembQueries         0                  0.0
Icmp6InGroupMembResponses       0                  0.0
Icmp6InGroupMembReductions      0                  0.0
Icmp6InRouterSolicits           0                  0.0
Icmp6InRouterAdvertisements     0                  0.0
Icmp6InNeighborSolicits         0                  0.0
Icmp6InNeighborAdvertisements   0                  0.0
Icmp6InRedirects                0                  0.0
Icmp6InMLDv2Reports             0                  0.0
Icmp6OutDestUnreachs            3                  0.0
Icmp6OutPktTooBigs              0                  0.0
Icmp6OutTimeExcds               0                  0.0
Icmp6OutParmProblems            0                  0.0
Icmp6OutEchos                   0                  0.0
Icmp6OutEchoReplies             0                  0.0
Icmp6OutGroupMembQueries        0                  0.0
Icmp6OutGroupMembResponses      0                  0.0
Icmp6OutGroupMembReductions     0                  0.0
Icmp6OutRouterSolicits          25                 0.0
Icmp6OutRouterAdvertisements    0                  0.0
Icmp6OutNeighborSolicits        4                  0.0
Icmp6OutNeighborAdvertisements  0                  0.0
Icmp6OutRedirects               0                  0.0
Icmp6OutMLDv2Reports            15                 0.0
Icmp6InType1                    3                  0.0
Icmp6OutType1                   3                  0.0
Icmp6OutType133                 25                 0.0
Icmp6OutType135                 4                  0.0
Icmp6OutType143                 15                 0.0
Udp6InDatagrams                 0                  0.0
Udp6NoPorts                     3                  0.0
Udp6InErrors                    0                  0.0
Udp6OutDatagrams                3                  0.0
Udp6RcvbufErrors                0                  0.0
Udp6SndbufErrors                0                  0.0
Udp6InCsumErrors                0                  0.0
Udp6IgnoredMulti                0                  0.0
Udp6MemErrors                   0                  0.0
UdpLite6InDatagrams             0                  0.0
UdpLite6NoPorts                 0                  0.0
UdpLite6InErrors                0                  0.0
UdpLite6OutDatagrams            0                  0.0
UdpLite6RcvbufErrors            0                  0.0
UdpLite6SndbufErrors            0                  0.0
UdpLite6InCsumErrors            0                  0.0
UdpLite6MemErrors               0                  0.0
TcpExtSyncookiesSent            0                  0.0
TcpExtSyncookiesRecv            0                  0.0
TcpExtSyncookiesFailed          0                  0.0
TcpExtEmbryonicRsts             6                  0.0
TcpExtPruneCalled               1                  0.0
TcpExtRcvPruned                 0                  0.0
TcpExtOfoPruned                 0                  0.0
TcpExtOutOfWindowIcmps          0                  0.0
TcpExtLockDroppedIcmps          0                  0.0
TcpExtArpFilter                 0                  0.0
TcpExtTW                        210                0.0
TcpExtTWRecycled                0                  0.0
TcpExtTWKilled                  0                  0.0
TcpExtPAWSActive                0                  0.0
TcpExtPAWSEstab                 0                  0.0
TcpExtBeyondWindow              0                  0.0
TcpExtTSEcrRejected             0                  0.0
TcpExtPAWSOldAck                0                  0.0
TcpExtPAWSTimewait              0                  0.0
TcpExtDelayedACKs               376                0.0
TcpExtDelayedACKLocked          0                  0.0
TcpExtDelayedACKLost            106                0.0
TcpExtListenOverflows           0                  0.0
TcpExtListenDrops               0                  0.0
TcpExtTCPHPHits                 1416               0.0
TcpExtTCPPureAcks               1375               0.0
TcpExtTCPHPAcks                 1451               0.0
TcpExtTCPRenoRecovery           0                  0.0
TcpExtTCPSackRecovery           0                  0.0
TcpExtTCPSACKReneging           0                  0.0
TcpExtTCPSACKReorder            0                  0.0
TcpExtTCPRenoReorder            0                  0.0
TcpExtTCPTSReorder              0                  0.0
TcpExtTCPFullUndo               0                  0.0
TcpExtTCPPartialUndo            0                  0.0
TcpExtTCPDSACKUndo              0                  0.0
TcpExtTCPLossUndo               0                  0.0
TcpExtTCPLostRetransmit         0                  0.0
TcpExtTCPRenoFailures           0                  0.0
TcpExtTCPSackFailures           0                  0.0
TcpExtTCPLossFailures           0                  0.0
TcpExtTCPFastRetrans            0                  0.0
TcpExtTCPSlowStartRetrans       0                  0.0
TcpExtTCPTimeouts               60                 0.0
TcpExtTCPLossProbes             1                  0.0
TcpExtTCPLossProbeRecovery      0                  0.0
TcpExtTCPRenoRecoveryFail       0                  0.0
TcpExtTCPSackRecoveryFail       0                  0.0
TcpExtTCPRcvCollapsed           26                 0.0
TcpExtTCPBacklogCoalesce        14                 0.0
TcpExtTCPDSACKOldSent           106                0.0
TcpExtTCPDSACKOfoSent           0                  0.0
TcpExtTCPDSACKRecv              0                  0.0
TcpExtTCPDSACKOfoRecv           0                  0.0
TcpExtTCPAbortOnData            4                  0.0
TcpExtTCPAbortOnClose           6                  0.0
TcpExtTCPAbortOnMemory          0                  0.0
TcpExtTCPAbortOnTimeout         0                  0.0
TcpExtTCPAbortOnLinger          0                  0.0
TcpExtTCPAbortFailed            0                  0.0
TcpExtTCPMemoryPressures        0                  0.0
TcpExtTCPMemoryPressuresChrono  0                  0.0
TcpExtTCPSACKDiscard            0                  0.0
TcpExtTCPDSACKIgnoredOld        0                  0.0
TcpExtTCPDSACKIgnoredNoUndo     0                  0.0
TcpExtTCPSpuriousRTOs           0                  0.0
TcpExtTCPMD5NotFound            0                  0.0
TcpExtTCPMD5Unexpected          0                  0.0
TcpExtTCPMD5Failure             0                  0.0
TcpExtTCPSackShifted            0                  0.0
TcpExtTCPSackMerged             0                  0.0
TcpExtTCPSackShiftFallback      0                  0.0
TcpExtTCPBacklogDrop            0                  0.0
TcpExtPFMemallocDrop            0                  0.0
TcpExtTCPMinTTLDrop             0                  0.0
TcpExtTCPDeferAcceptDrop        0                  0.0
TcpExtIPReversePathFilter       0                  0.0
TcpExtTCPTimeWaitOverflow       0                  0.0
TcpExtTCPReqQFullDoCookies      0                  0.0
TcpExtTCPReqQFullDrop           0                  0.0
TcpExtTCPRetransFail            0                  0.0
TcpExtTCPRcvCoalesce            1205               0.0
TcpExtTCPOFOQueue               0                  0.0
TcpExtTCPOFODrop                0                  0.0
TcpExtTCPOFOMerge               0                  0.0
TcpExtTCPChallengeACK           0                  0.0
TcpExtTCPSYNChallenge           0                  0.0
TcpExtTCPFastOpenActive         0                  0.0
TcpExtTCPFastOpenActiveFail     0                  0.0
TcpExtTCPFastOpenPassive        0                  0.0
TcpExtTCPFastOpenPassiveFail    0                  0.0
TcpExtTCPFastOpenListenOverflow 0                  0.0
TcpExtTCPFastOpenCookieReqd     0                  0.0
TcpExtTCPFastOpenBlackhole      0                  0.0
TcpExtTCPSpuriousRtxHostQueues  0                  0.0
TcpExtBusyPollRxPackets         0                  0.0
TcpExtTCPAutoCorking            20                 0.0
TcpExtTCPFromZeroWindowAdv      106                0.0
TcpExtTCPToZeroWindowAdv        106                0.0
TcpExtTCPWantZeroWindowAdv      6                  0.0
TcpExtTCPSynRetrans             50                 0.0
TcpExtTCPOrigDataSent           3487               0.0
TcpExtTCPHystartTrainDetect     0                  0.0
TcpExtTCPHystartTrainCwnd       0                  0.0
TcpExtTCPHystartDelayDetect     0                  0.0
TcpExtTCPHystartDelayCwnd       0                  0.0
TcpExtTCPACKSkippedSynRecv      0                  0.0
TcpExtTCPACKSkippedPAWS         0                  0.0
TcpExtTCPACKSkippedSeq          0                  0.0
TcpExtTCPACKSkippedFinWait2     0                  0.0
TcpExtTCPACKSkippedTimeWait     0                  0.0
TcpExtTCPACKSkippedChallenge    0                  0.0
TcpExtTCPWinProbe               0                  0.0
TcpExtTCPKeepAlive              15                 0.0
TcpExtTCPMTUPFail               0                  0.0
TcpExtTCPMTUPSuccess            0                  0.0
TcpExtTCPDelivered              3921               0.0
TcpExtTCPDeliveredCE            0                  0.0
TcpExtTCPAckCompressed          0                  0.0
TcpExtTCPZeroWindowDrop         0                  0.0
TcpExtTCPRcvQDrop               0                  0.0
TcpExtTCPWqueueTooBig           0                  0.0
TcpExtTCPFastOpenPassiveAltKey  0                  0.0
TcpExtTcpTimeoutRehash          0                  0.0
TcpExtTcpDuplicateDataRehash    0                  0.0
TcpExtTCPDSACKRecvSegs          0                  0.0
TcpExtTCPDSACKIgnoredDubious    0                  0.0
TcpExtTCPMigrateReqSuccess      0                  0.0
TcpExtTCPMigrateReqFailure      0                  0.0
TcpExtTCPPLBRehash              0                  0.0
TcpExtTCPAORequired             0                  0.0
TcpExtTCPAOBad                  0                  0.0
TcpExtTCPAOKeyNotFound          0                  0.0
TcpExtTCPAOGood                 0                  0.0
TcpExtTCPAODroppedIcmps         0                  0.0
IpExtInNoRoutes                 0                  0.0
IpExtInTruncatedPkts            0                  0.0
IpExtInMcastPkts                0                  0.0
IpExtOutMcastPkts               4                  0.0
IpExtInBcastPkts                0                  0.0
IpExtOutBcastPkts               0                  0.0
IpExtInOctets                   144376305482       0.0
IpExtOutOctets                  143989546252       0.0
IpExtInMcastOctets              0                  0.0
IpExtOutMcastOctets             160                0.0
IpExtInBcastOctets              0                  0.0
IpExtOutBcastOctets             0                  0.0
IpExtInCsumErrors               0                  0.0
IpExtInNoECTPkts                185043440          0.0
IpExtInECT1Pkts                 0                  0.0
IpExtInECT0Pkts                 0                  0.0
IpExtInCEPkts                   0                  0.0
IpExtReasmOverlaps              0                  0.0
MPTcpExtMPCapableSYNRX          0                  0.0
MPTcpExtMPCapableSYNTX          0                  0.0
MPTcpExtMPCapableSYNACKRX       0                  0.0
MPTcpExtMPCapableACKRX          0                  0.0
MPTcpExtMPCapableFallbackACK    0                  0.0
MPTcpExtMPCapableFallbackSYNACK 0                  0.0
MPTcpExtMPCapableSYNTXDrop      0                  0.0
MPTcpExtMPCapableSYNTXDisabled  0                  0.0
MPTcpExtMPCapableEndpAttempt    0                  0.0
MPTcpExtMPFallbackTokenInit     0                  0.0
MPTcpExtMPTCPRetrans            0                  0.0
MPTcpExtMPJoinNoTokenFound      0                  0.0
MPTcpExtMPJoinSynRx             0                  0.0
MPTcpExtMPJoinSynBackupRx       0                  0.0
MPTcpExtMPJoinSynAckRx          0                  0.0
MPTcpExtMPJoinSynAckBackupRx    0                  0.0
MPTcpExtMPJoinSynAckHMacFailure 0                  0.0
MPTcpExtMPJoinAckRx             0                  0.0
MPTcpExtMPJoinAckHMacFailure    0                  0.0
MPTcpExtMPJoinRejected          0                  0.0
MPTcpExtMPJoinSynTx             0                  0.0
MPTcpExtMPJoinSynTxCreatSkErr   0                  0.0
MPTcpExtMPJoinSynTxBindErr      0                  0.0
MPTcpExtMPJoinSynTxConnectErr   0                  0.0
MPTcpExtDSSNotMatching          0                  0.0
MPTcpExtDSSCorruptionFallback   0                  0.0
MPTcpExtDSSCorruptionReset      0                  0.0
MPTcpExtInfiniteMapTx           0                  0.0
MPTcpExtInfiniteMapRx           0                  0.0
MPTcpExtDSSNoMatchTCP           0                  0.0
MPTcpExtDataCsumErr             0                  0.0
MPTcpExtOFOQueueTail            0                  0.0
MPTcpExtOFOQueue                0                  0.0
MPTcpExtOFOMerge                0                  0.0
MPTcpExtNoDSSInWindow           0                  0.0
MPTcpExtDuplicateData           0                  0.0
MPTcpExtAddAddr                 0                  0.0
MPTcpExtAddAddrTx               0                  0.0
MPTcpExtAddAddrTxDrop           0                  0.0
MPTcpExtEchoAdd                 0                  0.0
MPTcpExtEchoAddTx               0                  0.0
MPTcpExtEchoAddTxDrop           0                  0.0
MPTcpExtPortAdd                 0                  0.0
MPTcpExtAddAddrDrop             0                  0.0
MPTcpExtMPJoinPortSynRx         0                  0.0
MPTcpExtMPJoinPortSynAckRx      0                  0.0
MPTcpExtMPJoinPortAckRx         0                  0.0
MPTcpExtMismatchPortSynRx       0                  0.0
MPTcpExtMismatchPortAckRx       0                  0.0
MPTcpExtRmAddr                  0                  0.0
MPTcpExtRmAddrDrop              0                  0.0
MPTcpExtRmAddrTx                0                  0.0
MPTcpExtRmAddrTxDrop            0                  0.0
MPTcpExtRmSubflow               0                  0.0
MPTcpExtMPPrioTx                0                  0.0
MPTcpExtMPPrioRx                0                  0.0
MPTcpExtMPFailTx                0                  0.0
MPTcpExtMPFailRx                0                  0.0
MPTcpExtMPFastcloseTx           0                  0.0
MPTcpExtMPFastcloseRx           0                  0.0
MPTcpExtMPRstTx                 0                  0.0
MPTcpExtMPRstRx                 0                  0.0
MPTcpExtRcvPruned               0                  0.0
MPTcpExtSubflowStale            0                  0.0
MPTcpExtSubflowRecover          0                  0.0
MPTcpExtSndWndShared            0                  0.0
MPTcpExtRcvWndShared            0                  0.0
MPTcpExtRcvWndConflictUpdate    0                  0.0
MPTcpExtRcvWndConflict          0                  0.0
MPTcpExtMPCurrEstab             0                  0.0
MPTcpExtBlackhole               0                  0.0
MPTcpExtMPCapableDataFallback   0                  0.0
MPTcpExtMD5SigFallback          0                  0.0
MPTcpExtDssFallback             0                  0.0
MPTcpExtSimultConnectFallback   0                  0.0
MPTcpExtFallbackFailed          0                  0.0
---TIMESTAMP 1776689916---
State Recv-Q Send-Q Local Address:Port Peer Address:PortProcess
#kernel
IpInReceives                    131386441          0.0
IpInHdrErrors                   0                  0.0
IpInAddrErrors                  5                  0.0
IpForwDatagrams                 131364756          0.0
IpInUnknownProtos               0                  0.0
IpInDiscards                    0                  0.0
IpInDelivers                    21680              0.0
IpOutRequests                   16787              0.0
IpOutDiscards                   0                  0.0
IpOutNoRoutes                   3                  0.0
IpReasmTimeout                  0                  0.0
IpReasmReqds                    0                  0.0
IpReasmOKs                      0                  0.0
IpReasmFails                    0                  0.0
IpFragOKs                       0                  0.0
IpFragFails                     0                  0.0
IpFragCreates                   0                  0.0
IpOutTransmits                  131381543          0.0
IcmpInMsgs                      3                  0.0
IcmpInErrors                    0                  0.0
IcmpInCsumErrors                0                  0.0
IcmpInDestUnreachs              3                  0.0
IcmpInTimeExcds                 0                  0.0
IcmpInParmProbs                 0                  0.0
IcmpInSrcQuenchs                0                  0.0
IcmpInRedirects                 0                  0.0
IcmpInEchos                     0                  0.0
IcmpInEchoReps                  0                  0.0
IcmpInTimestamps                0                  0.0
IcmpInTimestampReps             0                  0.0
IcmpInAddrMasks                 0                  0.0
IcmpInAddrMaskReps              0                  0.0
IcmpOutMsgs                     3                  0.0
IcmpOutErrors                   0                  0.0
IcmpOutRateLimitGlobal          0                  0.0
IcmpOutRateLimitHost            0                  0.0
IcmpOutDestUnreachs             3                  0.0
IcmpOutTimeExcds                0                  0.0
IcmpOutParmProbs                0                  0.0
IcmpOutSrcQuenchs               0                  0.0
IcmpOutRedirects                0                  0.0
IcmpOutEchos                    0                  0.0
IcmpOutEchoReps                 0                  0.0
IcmpOutTimestamps               0                  0.0
IcmpOutTimestampReps            0                  0.0
IcmpOutAddrMasks                0                  0.0
IcmpOutAddrMaskReps             0                  0.0
IcmpMsgInType3                  3                  0.0
IcmpMsgOutType3                 3                  0.0
TcpActiveOpens                  449                0.0
TcpPassiveOpens                 109                0.0
TcpAttemptFails                 10                 0.0
TcpEstabResets                  11                 0.0
TcpInSegs                       20569              0.0
TcpOutSegs                      15957              0.0
TcpRetransSegs                  52                 0.0
TcpInErrs                       0                  0.0
TcpOutRsts                      25                 0.0
TcpInCsumErrors                 0                  0.0
UdpInDatagrams                  1301               0.0
UdpNoPorts                      3                  0.0
UdpInErrors                     0                  0.0
UdpOutDatagrams                 1304               0.0
UdpRcvbufErrors                 0                  0.0
UdpSndbufErrors                 0                  0.0
UdpInCsumErrors                 0                  0.0
UdpIgnoredMulti                 0                  0.0
UdpMemErrors                    0                  0.0
UdpLiteInDatagrams              0                  0.0
UdpLiteNoPorts                  0                  0.0
UdpLiteInErrors                 0                  0.0
UdpLiteOutDatagrams             0                  0.0
UdpLiteRcvbufErrors             0                  0.0
UdpLiteSndbufErrors             0                  0.0
UdpLiteInCsumErrors             0                  0.0
UdpLiteIgnoredMulti             0                  0.0
UdpLiteMemErrors                0                  0.0
Ip6InReceives                   202                0.0
Ip6InHdrErrors                  0                  0.0
Ip6InTooBigErrors               0                  0.0
Ip6InNoRoutes                   0                  0.0
Ip6InAddrErrors                 0                  0.0
Ip6InUnknownProtos              0                  0.0
Ip6InTruncatedPkts              0                  0.0
Ip6InDiscards                   0                  0.0
Ip6InDelivers                   202                0.0
Ip6OutForwDatagrams             0                  0.0
Ip6OutRequests                  246                0.0
Ip6OutDiscards                  0                  0.0
Ip6OutNoRoutes                  108                0.0
Ip6ReasmTimeout                 0                  0.0
Ip6ReasmReqds                   0                  0.0
Ip6ReasmOKs                     0                  0.0
Ip6ReasmFails                   0                  0.0
Ip6FragOKs                      0                  0.0
Ip6FragFails                    0                  0.0
Ip6FragCreates                  0                  0.0
Ip6InMcastPkts                  0                  0.0
Ip6OutMcastPkts                 44                 0.0
Ip6InOctets                     1527752            0.0
Ip6OutOctets                    1530660            0.0
Ip6InMcastOctets                0                  0.0
Ip6OutMcastOctets               2908               0.0
Ip6InBcastOctets                0                  0.0
Ip6OutBcastOctets               0                  0.0
Ip6InNoECTPkts                  202                0.0
Ip6InECT1Pkts                   0                  0.0
Ip6InECT0Pkts                   0                  0.0
Ip6InCEPkts                     0                  0.0
Ip6OutTransmits                 246                0.0
Icmp6InMsgs                     3                  0.0
Icmp6InErrors                   0                  0.0
Icmp6OutMsgs                    47                 0.0
Icmp6OutErrors                  0                  0.0
Icmp6InCsumErrors               0                  0.0
Icmp6OutRateLimitHost           0                  0.0
Icmp6InDestUnreachs             3                  0.0
Icmp6InPktTooBigs               0                  0.0
Icmp6InTimeExcds                0                  0.0
Icmp6InParmProblems             0                  0.0
Icmp6InEchos                    0                  0.0
Icmp6InEchoReplies              0                  0.0
Icmp6InGroupMembQueries         0                  0.0
Icmp6InGroupMembResponses       0                  0.0
Icmp6InGroupMembReductions      0                  0.0
Icmp6InRouterSolicits           0                  0.0
Icmp6InRouterAdvertisements     0                  0.0
Icmp6InNeighborSolicits         0                  0.0
Icmp6InNeighborAdvertisements   0                  0.0
Icmp6InRedirects                0                  0.0
Icmp6InMLDv2Reports             0                  0.0
Icmp6OutDestUnreachs            3                  0.0
Icmp6OutPktTooBigs              0                  0.0
Icmp6OutTimeExcds               0                  0.0
Icmp6OutParmProblems            0                  0.0
Icmp6OutEchos                   0                  0.0
Icmp6OutEchoReplies             0                  0.0
Icmp6OutGroupMembQueries        0                  0.0
Icmp6OutGroupMembResponses      0                  0.0
Icmp6OutGroupMembReductions     0                  0.0
Icmp6OutRouterSolicits          25                 0.0
Icmp6OutRouterAdvertisements    0                  0.0
Icmp6OutNeighborSolicits        4                  0.0
Icmp6OutNeighborAdvertisements  0                  0.0
Icmp6OutRedirects               0                  0.0
Icmp6OutMLDv2Reports            15                 0.0
Icmp6InType1                    3                  0.0
Icmp6OutType1                   3                  0.0
Icmp6OutType133                 25                 0.0
Icmp6OutType135                 4                  0.0
Icmp6OutType143                 15                 0.0
Udp6InDatagrams                 0                  0.0
Udp6NoPorts                     3                  0.0
Udp6InErrors                    0                  0.0
Udp6OutDatagrams                3                  0.0
Udp6RcvbufErrors                0                  0.0
Udp6SndbufErrors                0                  0.0
Udp6InCsumErrors                0                  0.0
Udp6IgnoredMulti                0                  0.0
Udp6MemErrors                   0                  0.0
UdpLite6InDatagrams             0                  0.0
UdpLite6NoPorts                 0                  0.0
UdpLite6InErrors                0                  0.0
UdpLite6OutDatagrams            0                  0.0
UdpLite6RcvbufErrors            0                  0.0
UdpLite6SndbufErrors            0                  0.0
UdpLite6InCsumErrors            0                  0.0
UdpLite6MemErrors               0                  0.0
TcpExtSyncookiesSent            0                  0.0
TcpExtSyncookiesRecv            0                  0.0
TcpExtSyncookiesFailed          0                  0.0
TcpExtEmbryonicRsts             6                  0.0
TcpExtPruneCalled               1                  0.0
TcpExtRcvPruned                 0                  0.0
TcpExtOfoPruned                 0                  0.0
TcpExtOutOfWindowIcmps          0                  0.0
TcpExtLockDroppedIcmps          0                  0.0
TcpExtArpFilter                 0                  0.0
TcpExtTW                        212                0.0
TcpExtTWRecycled                0                  0.0
TcpExtTWKilled                  0                  0.0
TcpExtPAWSActive                0                  0.0
TcpExtPAWSEstab                 0                  0.0
TcpExtBeyondWindow              0                  0.0
TcpExtTSEcrRejected             0                  0.0
TcpExtPAWSOldAck                0                  0.0
TcpExtPAWSTimewait              0                  0.0
TcpExtDelayedACKs               376                0.0
TcpExtDelayedACKLocked          0                  0.0
TcpExtDelayedACKLost            106                0.0
TcpExtListenOverflows           0                  0.0
TcpExtListenDrops               0                  0.0
TcpExtTCPHPHits                 1418               0.0
TcpExtTCPPureAcks               1385               0.0
TcpExtTCPHPAcks                 1476               0.0
TcpExtTCPRenoRecovery           0                  0.0
TcpExtTCPSackRecovery           0                  0.0
TcpExtTCPSACKReneging           0                  0.0
TcpExtTCPSACKReorder            0                  0.0
TcpExtTCPRenoReorder            0                  0.0
TcpExtTCPTSReorder              0                  0.0
TcpExtTCPFullUndo               0                  0.0
TcpExtTCPPartialUndo            0                  0.0
TcpExtTCPDSACKUndo              0                  0.0
TcpExtTCPLossUndo               0                  0.0
TcpExtTCPLostRetransmit         0                  0.0
TcpExtTCPRenoFailures           0                  0.0
TcpExtTCPSackFailures           0                  0.0
TcpExtTCPLossFailures           0                  0.0
TcpExtTCPFastRetrans            0                  0.0
TcpExtTCPSlowStartRetrans       0                  0.0
TcpExtTCPTimeouts               61                 0.0
TcpExtTCPLossProbes             1                  0.0
TcpExtTCPLossProbeRecovery      0                  0.0
TcpExtTCPRenoRecoveryFail       0                  0.0
TcpExtTCPSackRecoveryFail       0                  0.0
TcpExtTCPRcvCollapsed           26                 0.0
TcpExtTCPBacklogCoalesce        14                 0.0
TcpExtTCPDSACKOldSent           106                0.0
TcpExtTCPDSACKOfoSent           0                  0.0
TcpExtTCPDSACKRecv              0                  0.0
TcpExtTCPDSACKOfoRecv           0                  0.0
TcpExtTCPAbortOnData            4                  0.0
TcpExtTCPAbortOnClose           6                  0.0
TcpExtTCPAbortOnMemory          0                  0.0
TcpExtTCPAbortOnTimeout         0                  0.0
TcpExtTCPAbortOnLinger          0                  0.0
TcpExtTCPAbortFailed            0                  0.0
TcpExtTCPMemoryPressures        0                  0.0
TcpExtTCPMemoryPressuresChrono  0                  0.0
TcpExtTCPSACKDiscard            0                  0.0
TcpExtTCPDSACKIgnoredOld        0                  0.0
TcpExtTCPDSACKIgnoredNoUndo     0                  0.0
TcpExtTCPSpuriousRTOs           0                  0.0
TcpExtTCPMD5NotFound            0                  0.0
TcpExtTCPMD5Unexpected          0                  0.0
TcpExtTCPMD5Failure             0                  0.0
TcpExtTCPSackShifted            0                  0.0
TcpExtTCPSackMerged             0                  0.0
TcpExtTCPSackShiftFallback      0                  0.0
TcpExtTCPBacklogDrop            0                  0.0
TcpExtPFMemallocDrop            0                  0.0
TcpExtTCPMinTTLDrop             0                  0.0
TcpExtTCPDeferAcceptDrop        0                  0.0
TcpExtIPReversePathFilter       0                  0.0
TcpExtTCPTimeWaitOverflow       0                  0.0
TcpExtTCPReqQFullDoCookies      0                  0.0
TcpExtTCPReqQFullDrop           0                  0.0
TcpExtTCPRetransFail            0                  0.0
TcpExtTCPRcvCoalesce            1206               0.0
TcpExtTCPOFOQueue               0                  0.0
TcpExtTCPOFODrop                0                  0.0
TcpExtTCPOFOMerge               0                  0.0
TcpExtTCPChallengeACK           0                  0.0
TcpExtTCPSYNChallenge           0                  0.0
TcpExtTCPFastOpenActive         0                  0.0
TcpExtTCPFastOpenActiveFail     0                  0.0
TcpExtTCPFastOpenPassive        0                  0.0
TcpExtTCPFastOpenPassiveFail    0                  0.0
TcpExtTCPFastOpenListenOverflow 0                  0.0
TcpExtTCPFastOpenCookieReqd     0                  0.0
TcpExtTCPFastOpenBlackhole      0                  0.0
TcpExtTCPSpuriousRtxHostQueues  0                  0.0
TcpExtBusyPollRxPackets         0                  0.0
TcpExtTCPAutoCorking            20                 0.0
TcpExtTCPFromZeroWindowAdv      106                0.0
TcpExtTCPToZeroWindowAdv        106                0.0
TcpExtTCPWantZeroWindowAdv      6                  0.0
TcpExtTCPSynRetrans             51                 0.0
TcpExtTCPOrigDataSent           3523               0.0
TcpExtTCPHystartTrainDetect     0                  0.0
TcpExtTCPHystartTrainCwnd       0                  0.0
TcpExtTCPHystartDelayDetect     0                  0.0
TcpExtTCPHystartDelayCwnd       0                  0.0
TcpExtTCPACKSkippedSynRecv      0                  0.0
TcpExtTCPACKSkippedPAWS         0                  0.0
TcpExtTCPACKSkippedSeq          0                  0.0
TcpExtTCPACKSkippedFinWait2     0                  0.0
TcpExtTCPACKSkippedTimeWait     0                  0.0
TcpExtTCPACKSkippedChallenge    0                  0.0
TcpExtTCPWinProbe               0                  0.0
TcpExtTCPKeepAlive              15                 0.0
TcpExtTCPMTUPFail               0                  0.0
TcpExtTCPMTUPSuccess            0                  0.0
TcpExtTCPDelivered              3959               0.0
TcpExtTCPDeliveredCE            0                  0.0
TcpExtTCPAckCompressed          0                  0.0
TcpExtTCPZeroWindowDrop         0                  0.0
TcpExtTCPRcvQDrop               0                  0.0
TcpExtTCPWqueueTooBig           0                  0.0
TcpExtTCPFastOpenPassiveAltKey  0                  0.0
TcpExtTcpTimeoutRehash          0                  0.0
TcpExtTcpDuplicateDataRehash    0                  0.0
TcpExtTCPDSACKRecvSegs          0                  0.0
TcpExtTCPDSACKIgnoredDubious    0                  0.0
TcpExtTCPMigrateReqSuccess      0                  0.0
TcpExtTCPMigrateReqFailure      0                  0.0
TcpExtTCPPLBRehash              0                  0.0
TcpExtTCPAORequired             0                  0.0
TcpExtTCPAOBad                  0                  0.0
TcpExtTCPAOKeyNotFound          0                  0.0
TcpExtTCPAOGood                 0                  0.0
TcpExtTCPAODroppedIcmps         0                  0.0
IpExtInNoRoutes                 0                  0.0
IpExtInTruncatedPkts            0                  0.0
IpExtInMcastPkts                0                  0.0
IpExtOutMcastPkts               4                  0.0
IpExtInBcastPkts                0                  0.0
IpExtOutBcastPkts               0                  0.0
IpExtInOctets                   144806504920       0.0
IpExtOutOctets                  144419264376       0.0
IpExtInMcastOctets              0                  0.0
IpExtOutMcastOctets             160                0.0
IpExtInBcastOctets              0                  0.0
IpExtOutBcastOctets             0                  0.0
IpExtInCsumErrors               0                  0.0
IpExtInNoECTPkts                185475072          0.0
IpExtInECT1Pkts                 0                  0.0
IpExtInECT0Pkts                 0                  0.0
IpExtInCEPkts                   0                  0.0
IpExtReasmOverlaps              0                  0.0
MPTcpExtMPCapableSYNRX          0                  0.0
MPTcpExtMPCapableSYNTX          0                  0.0
MPTcpExtMPCapableSYNACKRX       0                  0.0
MPTcpExtMPCapableACKRX          0                  0.0
MPTcpExtMPCapableFallbackACK    0                  0.0
MPTcpExtMPCapableFallbackSYNACK 0                  0.0
MPTcpExtMPCapableSYNTXDrop      0                  0.0
MPTcpExtMPCapableSYNTXDisabled  0                  0.0
MPTcpExtMPCapableEndpAttempt    0                  0.0
MPTcpExtMPFallbackTokenInit     0                  0.0
MPTcpExtMPTCPRetrans            0                  0.0
MPTcpExtMPJoinNoTokenFound      0                  0.0
MPTcpExtMPJoinSynRx             0                  0.0
MPTcpExtMPJoinSynBackupRx       0                  0.0
MPTcpExtMPJoinSynAckRx          0                  0.0
MPTcpExtMPJoinSynAckBackupRx    0                  0.0
MPTcpExtMPJoinSynAckHMacFailure 0                  0.0
MPTcpExtMPJoinAckRx             0                  0.0
MPTcpExtMPJoinAckHMacFailure    0                  0.0
MPTcpExtMPJoinRejected          0                  0.0
MPTcpExtMPJoinSynTx             0                  0.0
MPTcpExtMPJoinSynTxCreatSkErr   0                  0.0
MPTcpExtMPJoinSynTxBindErr      0                  0.0
MPTcpExtMPJoinSynTxConnectErr   0                  0.0
MPTcpExtDSSNotMatching          0                  0.0
MPTcpExtDSSCorruptionFallback   0                  0.0
MPTcpExtDSSCorruptionReset      0                  0.0
MPTcpExtInfiniteMapTx           0                  0.0
MPTcpExtInfiniteMapRx           0                  0.0
MPTcpExtDSSNoMatchTCP           0                  0.0
MPTcpExtDataCsumErr             0                  0.0
MPTcpExtOFOQueueTail            0                  0.0
MPTcpExtOFOQueue                0                  0.0
MPTcpExtOFOMerge                0                  0.0
MPTcpExtNoDSSInWindow           0                  0.0
MPTcpExtDuplicateData           0                  0.0
MPTcpExtAddAddr                 0                  0.0
MPTcpExtAddAddrTx               0                  0.0
MPTcpExtAddAddrTxDrop           0                  0.0
MPTcpExtEchoAdd                 0                  0.0
MPTcpExtEchoAddTx               0                  0.0
MPTcpExtEchoAddTxDrop           0                  0.0
MPTcpExtPortAdd                 0                  0.0
MPTcpExtAddAddrDrop             0                  0.0
MPTcpExtMPJoinPortSynRx         0                  0.0
MPTcpExtMPJoinPortSynAckRx      0                  0.0
MPTcpExtMPJoinPortAckRx         0                  0.0
MPTcpExtMismatchPortSynRx       0                  0.0
MPTcpExtMismatchPortAckRx       0                  0.0
MPTcpExtRmAddr                  0                  0.0
MPTcpExtRmAddrDrop              0                  0.0
MPTcpExtRmAddrTx                0                  0.0
MPTcpExtRmAddrTxDrop            0                  0.0
MPTcpExtRmSubflow               0                  0.0
MPTcpExtMPPrioTx                0                  0.0
MPTcpExtMPPrioRx                0                  0.0
MPTcpExtMPFailTx                0                  0.0
MPTcpExtMPFailRx                0                  0.0
MPTcpExtMPFastcloseTx           0                  0.0
MPTcpExtMPFastcloseRx           0                  0.0
MPTcpExtMPRstTx                 0                  0.0
MPTcpExtMPRstRx                 0                  0.0
MPTcpExtRcvPruned               0                  0.0
MPTcpExtSubflowStale            0                  0.0
MPTcpExtSubflowRecover          0                  0.0
MPTcpExtSndWndShared            0                  0.0
MPTcpExtRcvWndShared            0                  0.0
MPTcpExtRcvWndConflictUpdate    0                  0.0
MPTcpExtRcvWndConflict          0                  0.0
MPTcpExtMPCurrEstab             0                  0.0
MPTcpExtBlackhole               0                  0.0
MPTcpExtMPCapableDataFallback   0                  0.0
MPTcpExtMD5SigFallback          0                  0.0
MPTcpExtDssFallback             0                  0.0
MPTcpExtSimultConnectFallback   0                  0.0
MPTcpExtFallbackFailed          0                  0.0
---TIMESTAMP 1776689921---
State Recv-Q Send-Q Local Address:Port Peer Address:PortProcess
#kernel
IpInReceives                    131648633          0.0
IpInHdrErrors                   0                  0.0
IpInAddrErrors                  5                  0.0
IpForwDatagrams                 131626910          0.0
IpInUnknownProtos               0                  0.0
IpInDiscards                    0                  0.0
IpInDelivers                    21718              0.0
IpOutRequests                   16828              0.0
IpOutDiscards                   0                  0.0
IpOutNoRoutes                   3                  0.0
IpReasmTimeout                  0                  0.0
IpReasmReqds                    0                  0.0
IpReasmOKs                      0                  0.0
IpReasmFails                    0                  0.0
IpFragOKs                       0                  0.0
IpFragFails                     0                  0.0
IpFragCreates                   0                  0.0
IpOutTransmits                  131643738          0.0
IcmpInMsgs                      3                  0.0
IcmpInErrors                    0                  0.0
IcmpInCsumErrors                0                  0.0
IcmpInDestUnreachs              3                  0.0
IcmpInTimeExcds                 0                  0.0
IcmpInParmProbs                 0                  0.0
IcmpInSrcQuenchs                0                  0.0
IcmpInRedirects                 0                  0.0
IcmpInEchos                     0                  0.0
IcmpInEchoReps                  0                  0.0
IcmpInTimestamps                0                  0.0
IcmpInTimestampReps             0                  0.0
IcmpInAddrMasks                 0                  0.0
IcmpInAddrMaskReps              0                  0.0
IcmpOutMsgs                     3                  0.0
IcmpOutErrors                   0                  0.0
IcmpOutRateLimitGlobal          0                  0.0
IcmpOutRateLimitHost            0                  0.0
IcmpOutDestUnreachs             3                  0.0
IcmpOutTimeExcds                0                  0.0
IcmpOutParmProbs                0                  0.0
IcmpOutSrcQuenchs               0                  0.0
IcmpOutRedirects                0                  0.0
IcmpOutEchos                    0                  0.0
IcmpOutEchoReps                 0                  0.0
IcmpOutTimestamps               0                  0.0
IcmpOutTimestampReps            0                  0.0
IcmpOutAddrMasks                0                  0.0
IcmpOutAddrMaskReps             0                  0.0
IcmpMsgInType3                  3                  0.0
IcmpMsgOutType3                 3                  0.0
TcpActiveOpens                  451                0.0
TcpPassiveOpens                 110                0.0
TcpAttemptFails                 10                 0.0
TcpEstabResets                  11                 0.0
TcpInSegs                       20677              0.0
TcpOutSegs                      16068              0.0
TcpRetransSegs                  53                 0.0
TcpInErrs                       0                  0.0
TcpOutRsts                      25                 0.0
TcpInCsumErrors                 0                  0.0
UdpInDatagrams                  1301               0.0
UdpNoPorts                      3                  0.0
UdpInErrors                     0                  0.0
UdpOutDatagrams                 1304               0.0
UdpRcvbufErrors                 0                  0.0
UdpSndbufErrors                 0                  0.0
UdpInCsumErrors                 0                  0.0
UdpIgnoredMulti                 0                  0.0
UdpMemErrors                    0                  0.0
UdpLiteInDatagrams              0                  0.0
UdpLiteNoPorts                  0                  0.0
UdpLiteInErrors                 0                  0.0
UdpLiteOutDatagrams             0                  0.0
UdpLiteRcvbufErrors             0                  0.0
UdpLiteSndbufErrors             0                  0.0
UdpLiteInCsumErrors             0                  0.0
UdpLiteIgnoredMulti             0                  0.0
UdpLiteMemErrors                0                  0.0
Ip6InReceives                   272                0.0
Ip6InHdrErrors                  0                  0.0
Ip6InTooBigErrors               0                  0.0
Ip6InNoRoutes                   0                  0.0
Ip6InAddrErrors                 0                  0.0
Ip6InUnknownProtos              0                  0.0
Ip6InTruncatedPkts              0                  0.0
Ip6InDiscards                   0                  0.0
Ip6InDelivers                   272                0.0
Ip6OutForwDatagrams             0                  0.0
Ip6OutRequests                  316                0.0
Ip6OutDiscards                  0                  0.0
Ip6OutNoRoutes                  108                0.0
Ip6ReasmTimeout                 0                  0.0
Ip6ReasmReqds                   0                  0.0
Ip6ReasmOKs                     0                  0.0
Ip6ReasmFails                   0                  0.0
Ip6FragOKs                      0                  0.0
Ip6FragFails                    0                  0.0
Ip6FragCreates                  0                  0.0
Ip6InMcastPkts                  0                  0.0
Ip6OutMcastPkts                 44                 0.0
Ip6InOctets                     2014644            0.0
Ip6OutOctets                    2017552            0.0
Ip6InMcastOctets                0                  0.0
Ip6OutMcastOctets               2908               0.0
Ip6InBcastOctets                0                  0.0
Ip6OutBcastOctets               0                  0.0
Ip6InNoECTPkts                  272                0.0
Ip6InECT1Pkts                   0                  0.0
Ip6InECT0Pkts                   0                  0.0
Ip6InCEPkts                     0                  0.0
Ip6OutTransmits                 316                0.0
Icmp6InMsgs                     3                  0.0
Icmp6InErrors                   0                  0.0
Icmp6OutMsgs                    47                 0.0
Icmp6OutErrors                  0                  0.0
Icmp6InCsumErrors               0                  0.0
Icmp6OutRateLimitHost           0                  0.0
Icmp6InDestUnreachs             3                  0.0
Icmp6InPktTooBigs               0                  0.0
Icmp6InTimeExcds                0                  0.0
Icmp6InParmProblems             0                  0.0
Icmp6InEchos                    0                  0.0
Icmp6InEchoReplies              0                  0.0
Icmp6InGroupMembQueries         0                  0.0
Icmp6InGroupMembResponses       0                  0.0
Icmp6InGroupMembReductions      0                  0.0
Icmp6InRouterSolicits           0                  0.0
Icmp6InRouterAdvertisements     0                  0.0
Icmp6InNeighborSolicits         0                  0.0
Icmp6InNeighborAdvertisements   0                  0.0
Icmp6InRedirects                0                  0.0
Icmp6InMLDv2Reports             0                  0.0
Icmp6OutDestUnreachs            3                  0.0
Icmp6OutPktTooBigs              0                  0.0
Icmp6OutTimeExcds               0                  0.0
Icmp6OutParmProblems            0                  0.0
Icmp6OutEchos                   0                  0.0
Icmp6OutEchoReplies             0                  0.0
Icmp6OutGroupMembQueries        0                  0.0
Icmp6OutGroupMembResponses      0                  0.0
Icmp6OutGroupMembReductions     0                  0.0
Icmp6OutRouterSolicits          25                 0.0
Icmp6OutRouterAdvertisements    0                  0.0
Icmp6OutNeighborSolicits        4                  0.0
Icmp6OutNeighborAdvertisements  0                  0.0
Icmp6OutRedirects               0                  0.0
Icmp6OutMLDv2Reports            15                 0.0
Icmp6InType1                    3                  0.0
Icmp6OutType1                   3                  0.0
Icmp6OutType133                 25                 0.0
Icmp6OutType135                 4                  0.0
Icmp6OutType143                 15                 0.0
Udp6InDatagrams                 0                  0.0
Udp6NoPorts                     3                  0.0
Udp6InErrors                    0                  0.0
Udp6OutDatagrams                3                  0.0
Udp6RcvbufErrors                0                  0.0
Udp6SndbufErrors                0                  0.0
Udp6InCsumErrors                0                  0.0
Udp6IgnoredMulti                0                  0.0
Udp6MemErrors                   0                  0.0
UdpLite6InDatagrams             0                  0.0
UdpLite6NoPorts                 0                  0.0
UdpLite6InErrors                0                  0.0
UdpLite6OutDatagrams            0                  0.0
UdpLite6RcvbufErrors            0                  0.0
UdpLite6SndbufErrors            0                  0.0
UdpLite6InCsumErrors            0                  0.0
UdpLite6MemErrors               0                  0.0
TcpExtSyncookiesSent            0                  0.0
TcpExtSyncookiesRecv            0                  0.0
TcpExtSyncookiesFailed          0                  0.0
TcpExtEmbryonicRsts             6                  0.0
TcpExtPruneCalled               1                  0.0
TcpExtRcvPruned                 0                  0.0
TcpExtOfoPruned                 0                  0.0
TcpExtOutOfWindowIcmps          0                  0.0
TcpExtLockDroppedIcmps          0                  0.0
TcpExtArpFilter                 0                  0.0
TcpExtTW                        214                0.0
TcpExtTWRecycled                0                  0.0
TcpExtTWKilled                  0                  0.0
TcpExtPAWSActive                0                  0.0
TcpExtPAWSEstab                 0                  0.0
TcpExtBeyondWindow              0                  0.0
TcpExtTSEcrRejected             0                  0.0
TcpExtPAWSOldAck                0                  0.0
TcpExtPAWSTimewait              0                  0.0
TcpExtDelayedACKs               376                0.0
TcpExtDelayedACKLocked          0                  0.0
TcpExtDelayedACKLost            106                0.0
TcpExtListenOverflows           0                  0.0
TcpExtListenDrops               0                  0.0
TcpExtTCPHPHits                 1420               0.0
TcpExtTCPPureAcks               1395               0.0
TcpExtTCPHPAcks                 1501               0.0
TcpExtTCPRenoRecovery           0                  0.0
TcpExtTCPSackRecovery           0                  0.0
TcpExtTCPSACKReneging           0                  0.0
TcpExtTCPSACKReorder            0                  0.0
TcpExtTCPRenoReorder            0                  0.0
TcpExtTCPTSReorder              0                  0.0
TcpExtTCPFullUndo               0                  0.0
TcpExtTCPPartialUndo            0                  0.0
TcpExtTCPDSACKUndo              0                  0.0
TcpExtTCPLossUndo               0                  0.0
TcpExtTCPLostRetransmit         0                  0.0
TcpExtTCPRenoFailures           0                  0.0
TcpExtTCPSackFailures           0                  0.0
TcpExtTCPLossFailures           0                  0.0
TcpExtTCPFastRetrans            0                  0.0
TcpExtTCPSlowStartRetrans       0                  0.0
TcpExtTCPTimeouts               62                 0.0
TcpExtTCPLossProbes             1                  0.0
TcpExtTCPLossProbeRecovery      0                  0.0
TcpExtTCPRenoRecoveryFail       0                  0.0
TcpExtTCPSackRecoveryFail       0                  0.0
TcpExtTCPRcvCollapsed           26                 0.0
TcpExtTCPBacklogCoalesce        14                 0.0
TcpExtTCPDSACKOldSent           106                0.0
TcpExtTCPDSACKOfoSent           0                  0.0
TcpExtTCPDSACKRecv              0                  0.0
TcpExtTCPDSACKOfoRecv           0                  0.0
TcpExtTCPAbortOnData            4                  0.0
TcpExtTCPAbortOnClose           6                  0.0
TcpExtTCPAbortOnMemory          0                  0.0
TcpExtTCPAbortOnTimeout         0                  0.0
TcpExtTCPAbortOnLinger          0                  0.0
TcpExtTCPAbortFailed            0                  0.0
TcpExtTCPMemoryPressures        0                  0.0
TcpExtTCPMemoryPressuresChrono  0                  0.0
TcpExtTCPSACKDiscard            0                  0.0
TcpExtTCPDSACKIgnoredOld        0                  0.0
TcpExtTCPDSACKIgnoredNoUndo     0                  0.0
TcpExtTCPSpuriousRTOs           0                  0.0
TcpExtTCPMD5NotFound            0                  0.0
TcpExtTCPMD5Unexpected          0                  0.0
TcpExtTCPMD5Failure             0                  0.0
TcpExtTCPSackShifted            0                  0.0
TcpExtTCPSackMerged             0                  0.0
TcpExtTCPSackShiftFallback      0                  0.0
TcpExtTCPBacklogDrop            0                  0.0
TcpExtPFMemallocDrop            0                  0.0
TcpExtTCPMinTTLDrop             0                  0.0
TcpExtTCPDeferAcceptDrop        0                  0.0
TcpExtIPReversePathFilter       0                  0.0
TcpExtTCPTimeWaitOverflow       0                  0.0
TcpExtTCPReqQFullDoCookies      0                  0.0
TcpExtTCPReqQFullDrop           0                  0.0
TcpExtTCPRetransFail            0                  0.0
TcpExtTCPRcvCoalesce            1207               0.0
TcpExtTCPOFOQueue               0                  0.0
TcpExtTCPOFODrop                0                  0.0
TcpExtTCPOFOMerge               0                  0.0
TcpExtTCPChallengeACK           0                  0.0
TcpExtTCPSYNChallenge           0                  0.0
TcpExtTCPFastOpenActive         0                  0.0
TcpExtTCPFastOpenActiveFail     0                  0.0
TcpExtTCPFastOpenPassive        0                  0.0
TcpExtTCPFastOpenPassiveFail    0                  0.0
TcpExtTCPFastOpenListenOverflow 0                  0.0
TcpExtTCPFastOpenCookieReqd     0                  0.0
TcpExtTCPFastOpenBlackhole      0                  0.0
TcpExtTCPSpuriousRtxHostQueues  0                  0.0
TcpExtBusyPollRxPackets         0                  0.0
TcpExtTCPAutoCorking            20                 0.0
TcpExtTCPFromZeroWindowAdv      106                0.0
TcpExtTCPToZeroWindowAdv        106                0.0
TcpExtTCPWantZeroWindowAdv      6                  0.0
TcpExtTCPSynRetrans             52                 0.0
TcpExtTCPOrigDataSent           3559               0.0
TcpExtTCPHystartTrainDetect     0                  0.0
TcpExtTCPHystartTrainCwnd       0                  0.0
TcpExtTCPHystartDelayDetect     0                  0.0
TcpExtTCPHystartDelayCwnd       0                  0.0
TcpExtTCPACKSkippedSynRecv      0                  0.0
TcpExtTCPACKSkippedPAWS         0                  0.0
TcpExtTCPACKSkippedSeq          0                  0.0
TcpExtTCPACKSkippedFinWait2     0                  0.0
TcpExtTCPACKSkippedTimeWait     0                  0.0
TcpExtTCPACKSkippedChallenge    0                  0.0
TcpExtTCPWinProbe               0                  0.0
TcpExtTCPKeepAlive              15                 0.0
TcpExtTCPMTUPFail               0                  0.0
TcpExtTCPMTUPSuccess            0                  0.0
TcpExtTCPDelivered              3997               0.0
TcpExtTCPDeliveredCE            0                  0.0
TcpExtTCPAckCompressed          0                  0.0
TcpExtTCPZeroWindowDrop         0                  0.0
TcpExtTCPRcvQDrop               0                  0.0
TcpExtTCPWqueueTooBig           0                  0.0
TcpExtTCPFastOpenPassiveAltKey  0                  0.0
TcpExtTcpTimeoutRehash          0                  0.0
TcpExtTcpDuplicateDataRehash    0                  0.0
TcpExtTCPDSACKRecvSegs          0                  0.0
TcpExtTCPDSACKIgnoredDubious    0                  0.0
TcpExtTCPMigrateReqSuccess      0                  0.0
TcpExtTCPMigrateReqFailure      0                  0.0
TcpExtTCPPLBRehash              0                  0.0
TcpExtTCPAORequired             0                  0.0
TcpExtTCPAOBad                  0                  0.0
TcpExtTCPAOKeyNotFound          0                  0.0
TcpExtTCPAOGood                 0                  0.0
TcpExtTCPAODroppedIcmps         0                  0.0
IpExtInNoRoutes                 0                  0.0
IpExtInTruncatedPkts            0                  0.0
IpExtInMcastPkts                0                  0.0
IpExtOutMcastPkts               4                  0.0
IpExtInBcastPkts                0                  0.0
IpExtOutBcastPkts               0                  0.0
IpExtInOctets                   145217985617       0.0
IpExtOutOctets                  144830263569       0.0
IpExtInMcastOctets              0                  0.0
IpExtOutMcastOctets             160                0.0
IpExtInBcastOctets              0                  0.0
IpExtOutBcastOctets             0                  0.0
IpExtInCsumErrors               0                  0.0
IpExtInNoECTPkts                185890913          0.0
IpExtInECT1Pkts                 0                  0.0
IpExtInECT0Pkts                 0                  0.0
IpExtInCEPkts                   0                  0.0
IpExtReasmOverlaps              0                  0.0
MPTcpExtMPCapableSYNRX          0                  0.0
MPTcpExtMPCapableSYNTX          0                  0.0
MPTcpExtMPCapableSYNACKRX       0                  0.0
MPTcpExtMPCapableACKRX          0                  0.0
MPTcpExtMPCapableFallbackACK    0                  0.0
MPTcpExtMPCapableFallbackSYNACK 0                  0.0
MPTcpExtMPCapableSYNTXDrop      0                  0.0
MPTcpExtMPCapableSYNTXDisabled  0                  0.0
MPTcpExtMPCapableEndpAttempt    0                  0.0
MPTcpExtMPFallbackTokenInit     0                  0.0
MPTcpExtMPTCPRetrans            0                  0.0
MPTcpExtMPJoinNoTokenFound      0                  0.0
MPTcpExtMPJoinSynRx             0                  0.0
MPTcpExtMPJoinSynBackupRx       0                  0.0
MPTcpExtMPJoinSynAckRx          0                  0.0
MPTcpExtMPJoinSynAckBackupRx    0                  0.0
MPTcpExtMPJoinSynAckHMacFailure 0                  0.0
MPTcpExtMPJoinAckRx             0                  0.0
MPTcpExtMPJoinAckHMacFailure    0                  0.0
MPTcpExtMPJoinRejected          0                  0.0
MPTcpExtMPJoinSynTx             0                  0.0
MPTcpExtMPJoinSynTxCreatSkErr   0                  0.0
MPTcpExtMPJoinSynTxBindErr      0                  0.0
MPTcpExtMPJoinSynTxConnectErr   0                  0.0
MPTcpExtDSSNotMatching          0                  0.0
MPTcpExtDSSCorruptionFallback   0                  0.0
MPTcpExtDSSCorruptionReset      0                  0.0
MPTcpExtInfiniteMapTx           0                  0.0
MPTcpExtInfiniteMapRx           0                  0.0
MPTcpExtDSSNoMatchTCP           0                  0.0
MPTcpExtDataCsumErr             0                  0.0
MPTcpExtOFOQueueTail            0                  0.0
MPTcpExtOFOQueue                0                  0.0
MPTcpExtOFOMerge                0                  0.0
MPTcpExtNoDSSInWindow           0                  0.0
MPTcpExtDuplicateData           0                  0.0
MPTcpExtAddAddr                 0                  0.0
MPTcpExtAddAddrTx               0                  0.0
MPTcpExtAddAddrTxDrop           0                  0.0
MPTcpExtEchoAdd                 0                  0.0
MPTcpExtEchoAddTx               0                  0.0
MPTcpExtEchoAddTxDrop           0                  0.0
MPTcpExtPortAdd                 0                  0.0
MPTcpExtAddAddrDrop             0                  0.0
MPTcpExtMPJoinPortSynRx         0                  0.0
MPTcpExtMPJoinPortSynAckRx      0                  0.0
MPTcpExtMPJoinPortAckRx         0                  0.0
MPTcpExtMismatchPortSynRx       0                  0.0
MPTcpExtMismatchPortAckRx       0                  0.0
MPTcpExtRmAddr                  0                  0.0
MPTcpExtRmAddrDrop              0                  0.0
MPTcpExtRmAddrTx                0                  0.0
MPTcpExtRmAddrTxDrop            0                  0.0
MPTcpExtRmSubflow               0                  0.0
MPTcpExtMPPrioTx                0                  0.0
MPTcpExtMPPrioRx                0                  0.0
MPTcpExtMPFailTx                0                  0.0
MPTcpExtMPFailRx                0                  0.0
MPTcpExtMPFastcloseTx           0                  0.0
MPTcpExtMPFastcloseRx           0                  0.0
MPTcpExtMPRstTx                 0                  0.0
MPTcpExtMPRstRx                 0                  0.0
MPTcpExtRcvPruned               0                  0.0
MPTcpExtSubflowStale            0                  0.0
MPTcpExtSubflowRecover          0                  0.0
MPTcpExtSndWndShared            0                  0.0
MPTcpExtRcvWndShared            0                  0.0
MPTcpExtRcvWndConflictUpdate    0                  0.0
MPTcpExtRcvWndConflict          0                  0.0
MPTcpExtMPCurrEstab             0                  0.0
MPTcpExtBlackhole               0                  0.0
MPTcpExtMPCapableDataFallback   0                  0.0
MPTcpExtMD5SigFallback          0                  0.0
MPTcpExtDssFallback             0                  0.0
MPTcpExtSimultConnectFallback   0                  0.0
MPTcpExtFallbackFailed          0                  0.0
---TIMESTAMP 1776689926---
State Recv-Q Send-Q Local Address:Port Peer Address:PortProcess
#kernel
IpInReceives                    131914006          0.0
IpInHdrErrors                   0                  0.0
IpInAddrErrors                  5                  0.0
IpForwDatagrams                 131892244          0.0
IpInUnknownProtos               0                  0.0
IpInDiscards                    0                  0.0
IpInDelivers                    21757              0.0
IpOutRequests                   16872              0.0
IpOutDiscards                   0                  0.0
IpOutNoRoutes                   3                  0.0
IpReasmTimeout                  0                  0.0
IpReasmReqds                    0                  0.0
IpReasmOKs                      0                  0.0
IpReasmFails                    0                  0.0
IpFragOKs                       0                  0.0
IpFragFails                     0                  0.0
IpFragCreates                   0                  0.0
IpOutTransmits                  131909116          0.0
IcmpInMsgs                      3                  0.0
IcmpInErrors                    0                  0.0
IcmpInCsumErrors                0                  0.0
IcmpInDestUnreachs              3                  0.0
IcmpInTimeExcds                 0                  0.0
IcmpInParmProbs                 0                  0.0
IcmpInSrcQuenchs                0                  0.0
IcmpInRedirects                 0                  0.0
IcmpInEchos                     0                  0.0
IcmpInEchoReps                  0                  0.0
IcmpInTimestamps                0                  0.0
IcmpInTimestampReps             0                  0.0
IcmpInAddrMasks                 0                  0.0
IcmpInAddrMaskReps              0                  0.0
IcmpOutMsgs                     3                  0.0
IcmpOutErrors                   0                  0.0
IcmpOutRateLimitGlobal          0                  0.0
IcmpOutRateLimitHost            0                  0.0
IcmpOutDestUnreachs             3                  0.0
IcmpOutTimeExcds                0                  0.0
IcmpOutParmProbs                0                  0.0
IcmpOutSrcQuenchs               0                  0.0
IcmpOutRedirects                0                  0.0
IcmpOutEchos                    0                  0.0
IcmpOutEchoReps                 0                  0.0
IcmpOutTimestamps               0                  0.0
IcmpOutTimestampReps            0                  0.0
IcmpOutAddrMasks                0                  0.0
IcmpOutAddrMaskReps             0                  0.0
IcmpMsgInType3                  3                  0.0
IcmpMsgOutType3                 3                  0.0
TcpActiveOpens                  453                0.0
TcpPassiveOpens                 111                0.0
TcpAttemptFails                 10                 0.0
TcpEstabResets                  11                 0.0
TcpInSegs                       20784              0.0
TcpOutSegs                      16180              0.0
TcpRetransSegs                  56                 0.0
TcpInErrs                       0                  0.0
TcpOutRsts                      25                 0.0
TcpInCsumErrors                 0                  0.0
UdpInDatagrams                  1301               0.0
UdpNoPorts                      3                  0.0
UdpInErrors                     0                  0.0
UdpOutDatagrams                 1304               0.0
UdpRcvbufErrors                 0                  0.0
UdpSndbufErrors                 0                  0.0
UdpInCsumErrors                 0                  0.0
UdpIgnoredMulti                 0                  0.0
UdpMemErrors                    0                  0.0
UdpLiteInDatagrams              0                  0.0
UdpLiteNoPorts                  0                  0.0
UdpLiteInErrors                 0                  0.0
UdpLiteOutDatagrams             0                  0.0
UdpLiteRcvbufErrors             0                  0.0
UdpLiteSndbufErrors             0                  0.0
UdpLiteInCsumErrors             0                  0.0
UdpLiteIgnoredMulti             0                  0.0
UdpLiteMemErrors                0                  0.0
Ip6InReceives                   340                0.0
Ip6InHdrErrors                  0                  0.0
Ip6InTooBigErrors               0                  0.0
Ip6InNoRoutes                   0                  0.0
Ip6InAddrErrors                 0                  0.0
Ip6InUnknownProtos              0                  0.0
Ip6InTruncatedPkts              0                  0.0
Ip6InDiscards                   0                  0.0
Ip6InDelivers                   340                0.0
Ip6OutForwDatagrams             0                  0.0
Ip6OutRequests                  384                0.0
Ip6OutDiscards                  0                  0.0
Ip6OutNoRoutes                  108                0.0
Ip6ReasmTimeout                 0                  0.0
Ip6ReasmReqds                   0                  0.0
Ip6ReasmOKs                     0                  0.0
Ip6ReasmFails                   0                  0.0
Ip6FragOKs                      0                  0.0
Ip6FragFails                    0                  0.0
Ip6FragCreates                  0                  0.0
Ip6InMcastPkts                  0                  0.0
Ip6OutMcastPkts                 44                 0.0
Ip6InOctets                     2501390            0.0
Ip6OutOctets                    2504298            0.0
Ip6InMcastOctets                0                  0.0
Ip6OutMcastOctets               2908               0.0
Ip6InBcastOctets                0                  0.0
Ip6OutBcastOctets               0                  0.0
Ip6InNoECTPkts                  340                0.0
Ip6InECT1Pkts                   0                  0.0
Ip6InECT0Pkts                   0                  0.0
Ip6InCEPkts                     0                  0.0
Ip6OutTransmits                 384                0.0
Icmp6InMsgs                     3                  0.0
Icmp6InErrors                   0                  0.0
Icmp6OutMsgs                    47                 0.0
Icmp6OutErrors                  0                  0.0
Icmp6InCsumErrors               0                  0.0
Icmp6OutRateLimitHost           0                  0.0
Icmp6InDestUnreachs             3                  0.0
Icmp6InPktTooBigs               0                  0.0
Icmp6InTimeExcds                0                  0.0
Icmp6InParmProblems             0                  0.0
Icmp6InEchos                    0                  0.0
Icmp6InEchoReplies              0                  0.0
Icmp6InGroupMembQueries         0                  0.0
Icmp6InGroupMembResponses       0                  0.0
Icmp6InGroupMembReductions      0                  0.0
Icmp6InRouterSolicits           0                  0.0
Icmp6InRouterAdvertisements     0                  0.0
Icmp6InNeighborSolicits         0                  0.0
Icmp6InNeighborAdvertisements   0                  0.0
Icmp6InRedirects                0                  0.0
Icmp6InMLDv2Reports             0                  0.0
Icmp6OutDestUnreachs            3                  0.0
Icmp6OutPktTooBigs              0                  0.0
Icmp6OutTimeExcds               0                  0.0
Icmp6OutParmProblems            0                  0.0
Icmp6OutEchos                   0                  0.0
Icmp6OutEchoReplies             0                  0.0
Icmp6OutGroupMembQueries        0                  0.0
Icmp6OutGroupMembResponses      0                  0.0
Icmp6OutGroupMembReductions     0                  0.0
Icmp6OutRouterSolicits          25                 0.0
Icmp6OutRouterAdvertisements    0                  0.0
Icmp6OutNeighborSolicits        4                  0.0
Icmp6OutNeighborAdvertisements  0                  0.0
Icmp6OutRedirects               0                  0.0
Icmp6OutMLDv2Reports            15                 0.0
Icmp6InType1                    3                  0.0
Icmp6OutType1                   3                  0.0
Icmp6OutType133                 25                 0.0
Icmp6OutType135                 4                  0.0
Icmp6OutType143                 15                 0.0
Udp6InDatagrams                 0                  0.0
Udp6NoPorts                     3                  0.0
Udp6InErrors                    0                  0.0
Udp6OutDatagrams                3                  0.0
Udp6RcvbufErrors                0                  0.0
Udp6SndbufErrors                0                  0.0
Udp6InCsumErrors                0                  0.0
Udp6IgnoredMulti                0                  0.0
Udp6MemErrors                   0                  0.0
UdpLite6InDatagrams             0                  0.0
UdpLite6NoPorts                 0                  0.0
UdpLite6InErrors                0                  0.0
UdpLite6OutDatagrams            0                  0.0
UdpLite6RcvbufErrors            0                  0.0
UdpLite6SndbufErrors            0                  0.0
UdpLite6InCsumErrors            0                  0.0
UdpLite6MemErrors               0                  0.0
TcpExtSyncookiesSent            0                  0.0
TcpExtSyncookiesRecv            0                  0.0
TcpExtSyncookiesFailed          0                  0.0
TcpExtEmbryonicRsts             6                  0.0
TcpExtPruneCalled               1                  0.0
TcpExtRcvPruned                 0                  0.0
TcpExtOfoPruned                 0                  0.0
TcpExtOutOfWindowIcmps          0                  0.0
TcpExtLockDroppedIcmps          0                  0.0
TcpExtArpFilter                 0                  0.0
TcpExtTW                        216                0.0
TcpExtTWRecycled                0                  0.0
TcpExtTWKilled                  0                  0.0
TcpExtPAWSActive                0                  0.0
TcpExtPAWSEstab                 0                  0.0
TcpExtBeyondWindow              0                  0.0
TcpExtTSEcrRejected             0                  0.0
TcpExtPAWSOldAck                0                  0.0
TcpExtPAWSTimewait              0                  0.0
TcpExtDelayedACKs               376                0.0
TcpExtDelayedACKLocked          0                  0.0
TcpExtDelayedACKLost            106                0.0
TcpExtListenOverflows           0                  0.0
TcpExtListenDrops               0                  0.0
TcpExtTCPHPHits                 1422               0.0
TcpExtTCPPureAcks               1410               0.0
TcpExtTCPHPAcks                 1520               0.0
TcpExtTCPRenoRecovery           0                  0.0
TcpExtTCPSackRecovery           0                  0.0
TcpExtTCPSACKReneging           0                  0.0
TcpExtTCPSACKReorder            0                  0.0
TcpExtTCPRenoReorder            0                  0.0
TcpExtTCPTSReorder              0                  0.0
TcpExtTCPFullUndo               0                  0.0
TcpExtTCPPartialUndo            0                  0.0
TcpExtTCPDSACKUndo              0                  0.0
TcpExtTCPLossUndo               0                  0.0
TcpExtTCPLostRetransmit         0                  0.0
TcpExtTCPRenoFailures           0                  0.0
TcpExtTCPSackFailures           0                  0.0
TcpExtTCPLossFailures           0                  0.0
TcpExtTCPFastRetrans            0                  0.0
TcpExtTCPSlowStartRetrans       0                  0.0
TcpExtTCPTimeouts               65                 0.0
TcpExtTCPLossProbes             1                  0.0
TcpExtTCPLossProbeRecovery      0                  0.0
TcpExtTCPRenoRecoveryFail       0                  0.0
TcpExtTCPSackRecoveryFail       0                  0.0
TcpExtTCPRcvCollapsed           26                 0.0
TcpExtTCPBacklogCoalesce        14                 0.0
TcpExtTCPDSACKOldSent           106                0.0
TcpExtTCPDSACKOfoSent           0                  0.0
TcpExtTCPDSACKRecv              0                  0.0
TcpExtTCPDSACKOfoRecv           0                  0.0
TcpExtTCPAbortOnData            4                  0.0
TcpExtTCPAbortOnClose           6                  0.0
TcpExtTCPAbortOnMemory          0                  0.0
TcpExtTCPAbortOnTimeout         0                  0.0
TcpExtTCPAbortOnLinger          0                  0.0
TcpExtTCPAbortFailed            0                  0.0
TcpExtTCPMemoryPressures        0                  0.0
TcpExtTCPMemoryPressuresChrono  0                  0.0
TcpExtTCPSACKDiscard            0                  0.0
TcpExtTCPDSACKIgnoredOld        0                  0.0
TcpExtTCPDSACKIgnoredNoUndo     0                  0.0
TcpExtTCPSpuriousRTOs           0                  0.0
TcpExtTCPMD5NotFound            0                  0.0
TcpExtTCPMD5Unexpected          0                  0.0
TcpExtTCPMD5Failure             0                  0.0
TcpExtTCPSackShifted            0                  0.0
TcpExtTCPSackMerged             0                  0.0
TcpExtTCPSackShiftFallback      0                  0.0
TcpExtTCPBacklogDrop            0                  0.0
TcpExtPFMemallocDrop            0                  0.0
TcpExtTCPMinTTLDrop             0                  0.0
TcpExtTCPDeferAcceptDrop        0                  0.0
TcpExtIPReversePathFilter       0                  0.0
TcpExtTCPTimeWaitOverflow       0                  0.0
TcpExtTCPReqQFullDoCookies      0                  0.0
TcpExtTCPReqQFullDrop           0                  0.0
TcpExtTCPRetransFail            0                  0.0
TcpExtTCPRcvCoalesce            1209               0.0
TcpExtTCPOFOQueue               0                  0.0
TcpExtTCPOFODrop                0                  0.0
TcpExtTCPOFOMerge               0                  0.0
TcpExtTCPChallengeACK           0                  0.0
TcpExtTCPSYNChallenge           0                  0.0
TcpExtTCPFastOpenActive         0                  0.0
TcpExtTCPFastOpenActiveFail     0                  0.0
TcpExtTCPFastOpenPassive        0                  0.0
TcpExtTCPFastOpenPassiveFail    0                  0.0
TcpExtTCPFastOpenListenOverflow 0                  0.0
TcpExtTCPFastOpenCookieReqd     0                  0.0
TcpExtTCPFastOpenBlackhole      0                  0.0
TcpExtTCPSpuriousRtxHostQueues  0                  0.0
TcpExtBusyPollRxPackets         0                  0.0
TcpExtTCPAutoCorking            20                 0.0
TcpExtTCPFromZeroWindowAdv      106                0.0
TcpExtTCPToZeroWindowAdv        106                0.0
TcpExtTCPWantZeroWindowAdv      6                  0.0
TcpExtTCPSynRetrans             55                 0.0
TcpExtTCPOrigDataSent           3594               0.0
TcpExtTCPHystartTrainDetect     0                  0.0
TcpExtTCPHystartTrainCwnd       0                  0.0
TcpExtTCPHystartDelayDetect     0                  0.0
TcpExtTCPHystartDelayCwnd       0                  0.0
TcpExtTCPACKSkippedSynRecv      0                  0.0
TcpExtTCPACKSkippedPAWS         0                  0.0
TcpExtTCPACKSkippedSeq          0                  0.0
TcpExtTCPACKSkippedFinWait2     0                  0.0
TcpExtTCPACKSkippedTimeWait     0                  0.0
TcpExtTCPACKSkippedChallenge    0                  0.0
TcpExtTCPWinProbe               0                  0.0
TcpExtTCPKeepAlive              15                 0.0
TcpExtTCPMTUPFail               0                  0.0
TcpExtTCPMTUPSuccess            0                  0.0
TcpExtTCPDelivered              4034               0.0
TcpExtTCPDeliveredCE            0                  0.0
TcpExtTCPAckCompressed          0                  0.0
TcpExtTCPZeroWindowDrop         0                  0.0
TcpExtTCPRcvQDrop               0                  0.0
TcpExtTCPWqueueTooBig           0                  0.0
TcpExtTCPFastOpenPassiveAltKey  0                  0.0
TcpExtTcpTimeoutRehash          0                  0.0
TcpExtTcpDuplicateDataRehash    0                  0.0
TcpExtTCPDSACKRecvSegs          0                  0.0
TcpExtTCPDSACKIgnoredDubious    0                  0.0
TcpExtTCPMigrateReqSuccess      0                  0.0
TcpExtTCPMigrateReqFailure      0                  0.0
TcpExtTCPPLBRehash              0                  0.0
TcpExtTCPAORequired             0                  0.0
TcpExtTCPAOBad                  0                  0.0
TcpExtTCPAOKeyNotFound          0                  0.0
TcpExtTCPAOGood                 0                  0.0
TcpExtTCPAODroppedIcmps         0                  0.0
IpExtInNoRoutes                 0                  0.0
IpExtInTruncatedPkts            0                  0.0
IpExtInMcastPkts                0                  0.0
IpExtOutMcastPkts               4                  0.0
IpExtInBcastPkts                0                  0.0
IpExtOutBcastPkts               0                  0.0
IpExtInOctets                   145637243471       0.0
IpExtOutOctets                  145249040025       0.0
IpExtInMcastOctets              0                  0.0
IpExtOutMcastOctets             160                0.0
IpExtInBcastOctets              0                  0.0
IpExtOutBcastOctets             0                  0.0
IpExtInCsumErrors               0                  0.0
IpExtInNoECTPkts                186313280          0.0
IpExtInECT1Pkts                 0                  0.0
IpExtInECT0Pkts                 0                  0.0
IpExtInCEPkts                   0                  0.0
IpExtReasmOverlaps              0                  0.0
MPTcpExtMPCapableSYNRX          0                  0.0
MPTcpExtMPCapableSYNTX          0                  0.0
MPTcpExtMPCapableSYNACKRX       0                  0.0
MPTcpExtMPCapableACKRX          0                  0.0
MPTcpExtMPCapableFallbackACK    0                  0.0
MPTcpExtMPCapableFallbackSYNACK 0                  0.0
MPTcpExtMPCapableSYNTXDrop      0                  0.0
MPTcpExtMPCapableSYNTXDisabled  0                  0.0
MPTcpExtMPCapableEndpAttempt    0                  0.0
MPTcpExtMPFallbackTokenInit     0                  0.0
MPTcpExtMPTCPRetrans            0                  0.0
MPTcpExtMPJoinNoTokenFound      0                  0.0
MPTcpExtMPJoinSynRx             0                  0.0
MPTcpExtMPJoinSynBackupRx       0                  0.0
MPTcpExtMPJoinSynAckRx          0                  0.0
MPTcpExtMPJoinSynAckBackupRx    0                  0.0
MPTcpExtMPJoinSynAckHMacFailure 0                  0.0
MPTcpExtMPJoinAckRx             0                  0.0
MPTcpExtMPJoinAckHMacFailure    0                  0.0
MPTcpExtMPJoinRejected          0                  0.0
MPTcpExtMPJoinSynTx             0                  0.0
MPTcpExtMPJoinSynTxCreatSkErr   0                  0.0
MPTcpExtMPJoinSynTxBindErr      0                  0.0
MPTcpExtMPJoinSynTxConnectErr   0                  0.0
MPTcpExtDSSNotMatching          0                  0.0
MPTcpExtDSSCorruptionFallback   0                  0.0
MPTcpExtDSSCorruptionReset      0                  0.0
MPTcpExtInfiniteMapTx           0                  0.0
MPTcpExtInfiniteMapRx           0                  0.0
MPTcpExtDSSNoMatchTCP           0                  0.0
MPTcpExtDataCsumErr             0                  0.0
MPTcpExtOFOQueueTail            0                  0.0
MPTcpExtOFOQueue                0                  0.0
MPTcpExtOFOMerge                0                  0.0
MPTcpExtNoDSSInWindow           0                  0.0
MPTcpExtDuplicateData           0                  0.0
MPTcpExtAddAddr                 0                  0.0
MPTcpExtAddAddrTx               0                  0.0
MPTcpExtAddAddrTxDrop           0                  0.0
MPTcpExtEchoAdd                 0                  0.0
MPTcpExtEchoAddTx               0                  0.0
MPTcpExtEchoAddTxDrop           0                  0.0
MPTcpExtPortAdd                 0                  0.0
MPTcpExtAddAddrDrop             0                  0.0
MPTcpExtMPJoinPortSynRx         0                  0.0
MPTcpExtMPJoinPortSynAckRx      0                  0.0
MPTcpExtMPJoinPortAckRx         0                  0.0
MPTcpExtMismatchPortSynRx       0                  0.0
MPTcpExtMismatchPortAckRx       0                  0.0
MPTcpExtRmAddr                  0                  0.0
MPTcpExtRmAddrDrop              0                  0.0
MPTcpExtRmAddrTx                0                  0.0
MPTcpExtRmAddrTxDrop            0                  0.0
MPTcpExtRmSubflow               0                  0.0
MPTcpExtMPPrioTx                0                  0.0
MPTcpExtMPPrioRx                0                  0.0
MPTcpExtMPFailTx                0                  0.0
MPTcpExtMPFailRx                0                  0.0
MPTcpExtMPFastcloseTx           0                  0.0
MPTcpExtMPFastcloseRx           0                  0.0
MPTcpExtMPRstTx                 0                  0.0
MPTcpExtMPRstRx                 0                  0.0
MPTcpExtRcvPruned               0                  0.0
MPTcpExtSubflowStale            0                  0.0
MPTcpExtSubflowRecover          0                  0.0
MPTcpExtSndWndShared            0                  0.0
MPTcpExtRcvWndShared            0                  0.0
MPTcpExtRcvWndConflictUpdate    0                  0.0
MPTcpExtRcvWndConflict          0                  0.0
MPTcpExtMPCurrEstab             0                  0.0
MPTcpExtBlackhole               0                  0.0
MPTcpExtMPCapableDataFallback   0                  0.0
MPTcpExtMD5SigFallback          0                  0.0
MPTcpExtDssFallback             0                  0.0
MPTcpExtSimultConnectFallback   0                  0.0
MPTcpExtFallbackFailed          0                  0.0
---TIMESTAMP 1776689931---
State Recv-Q Send-Q Local Address:Port Peer Address:PortProcess
#kernel
IpInReceives                    132180872          0.0
IpInHdrErrors                   0                  0.0
IpInAddrErrors                  5                  0.0
IpForwDatagrams                 132159071          0.0
IpInUnknownProtos               0                  0.0
IpInDiscards                    0                  0.0
IpInDelivers                    21796              0.0
IpOutRequests                   16915              0.0
IpOutDiscards                   0                  0.0
IpOutNoRoutes                   3                  0.0
IpReasmTimeout                  0                  0.0
IpReasmReqds                    0                  0.0
IpReasmOKs                      0                  0.0
IpReasmFails                    0                  0.0
IpFragOKs                       0                  0.0
IpFragFails                     0                  0.0
IpFragCreates                   0                  0.0
IpOutTransmits                  132175986          0.0
IcmpInMsgs                      3                  0.0
IcmpInErrors                    0                  0.0
IcmpInCsumErrors                0                  0.0
IcmpInDestUnreachs              3                  0.0
IcmpInTimeExcds                 0                  0.0
IcmpInParmProbs                 0                  0.0
IcmpInSrcQuenchs                0                  0.0
IcmpInRedirects                 0                  0.0
IcmpInEchos                     0                  0.0
IcmpInEchoReps                  0                  0.0
IcmpInTimestamps                0                  0.0
IcmpInTimestampReps             0                  0.0
IcmpInAddrMasks                 0                  0.0
IcmpInAddrMaskReps              0                  0.0
IcmpOutMsgs                     3                  0.0
IcmpOutErrors                   0                  0.0
IcmpOutRateLimitGlobal          0                  0.0
IcmpOutRateLimitHost            0                  0.0
IcmpOutDestUnreachs             3                  0.0
IcmpOutTimeExcds                0                  0.0
IcmpOutParmProbs                0                  0.0
IcmpOutSrcQuenchs               0                  0.0
IcmpOutRedirects                0                  0.0
IcmpOutEchos                    0                  0.0
IcmpOutEchoReps                 0                  0.0
IcmpOutTimestamps               0                  0.0
IcmpOutTimestampReps            0                  0.0
IcmpOutAddrMasks                0                  0.0
IcmpOutAddrMaskReps             0                  0.0
IcmpMsgInType3                  3                  0.0
IcmpMsgOutType3                 3                  0.0
TcpActiveOpens                  455                0.0
TcpPassiveOpens                 112                0.0
TcpAttemptFails                 10                 0.0
TcpEstabResets                  11                 0.0
TcpInSegs                       20891              0.0
TcpOutSegs                      16291              0.0
TcpRetransSegs                  58                 0.0
TcpInErrs                       0                  0.0
TcpOutRsts                      25                 0.0
TcpInCsumErrors                 0                  0.0
UdpInDatagrams                  1302               0.0
UdpNoPorts                      3                  0.0
UdpInErrors                     0                  0.0
UdpOutDatagrams                 1305               0.0
UdpRcvbufErrors                 0                  0.0
UdpSndbufErrors                 0                  0.0
UdpInCsumErrors                 0                  0.0
UdpIgnoredMulti                 0                  0.0
UdpMemErrors                    0                  0.0
UdpLiteInDatagrams              0                  0.0
UdpLiteNoPorts                  0                  0.0
UdpLiteInErrors                 0                  0.0
UdpLiteOutDatagrams             0                  0.0
UdpLiteRcvbufErrors             0                  0.0
UdpLiteSndbufErrors             0                  0.0
UdpLiteInCsumErrors             0                  0.0
UdpLiteIgnoredMulti             0                  0.0
UdpLiteMemErrors                0                  0.0
Ip6InReceives                   409                0.0
Ip6InHdrErrors                  0                  0.0
Ip6InTooBigErrors               0                  0.0
Ip6InNoRoutes                   0                  0.0
Ip6InAddrErrors                 0                  0.0
Ip6InUnknownProtos              0                  0.0
Ip6InTruncatedPkts              0                  0.0
Ip6InDiscards                   0                  0.0
Ip6InDelivers                   409                0.0
Ip6OutForwDatagrams             0                  0.0
Ip6OutRequests                  453                0.0
Ip6OutDiscards                  0                  0.0
Ip6OutNoRoutes                  108                0.0
Ip6ReasmTimeout                 0                  0.0
Ip6ReasmReqds                   0                  0.0
Ip6ReasmOKs                     0                  0.0
Ip6ReasmFails                   0                  0.0
Ip6FragOKs                      0                  0.0
Ip6FragFails                    0                  0.0
Ip6FragCreates                  0                  0.0
Ip6InMcastPkts                  0                  0.0
Ip6OutMcastPkts                 44                 0.0
Ip6InOctets                     2988211            0.0
Ip6OutOctets                    2991119            0.0
Ip6InMcastOctets                0                  0.0
Ip6OutMcastOctets               2908               0.0
Ip6InBcastOctets                0                  0.0
Ip6OutBcastOctets               0                  0.0
Ip6InNoECTPkts                  409                0.0
Ip6InECT1Pkts                   0                  0.0
Ip6InECT0Pkts                   0                  0.0
Ip6InCEPkts                     0                  0.0
Ip6OutTransmits                 453                0.0
Icmp6InMsgs                     3                  0.0
Icmp6InErrors                   0                  0.0
Icmp6OutMsgs                    47                 0.0
Icmp6OutErrors                  0                  0.0
Icmp6InCsumErrors               0                  0.0
Icmp6OutRateLimitHost           0                  0.0
Icmp6InDestUnreachs             3                  0.0
Icmp6InPktTooBigs               0                  0.0
Icmp6InTimeExcds                0                  0.0
Icmp6InParmProblems             0                  0.0
Icmp6InEchos                    0                  0.0
Icmp6InEchoReplies              0                  0.0
Icmp6InGroupMembQueries         0                  0.0
Icmp6InGroupMembResponses       0                  0.0
Icmp6InGroupMembReductions      0                  0.0
Icmp6InRouterSolicits           0                  0.0
Icmp6InRouterAdvertisements     0                  0.0
Icmp6InNeighborSolicits         0                  0.0
Icmp6InNeighborAdvertisements   0                  0.0
Icmp6InRedirects                0                  0.0
Icmp6InMLDv2Reports             0                  0.0
Icmp6OutDestUnreachs            3                  0.0
Icmp6OutPktTooBigs              0                  0.0
Icmp6OutTimeExcds               0                  0.0
Icmp6OutParmProblems            0                  0.0
Icmp6OutEchos                   0                  0.0
Icmp6OutEchoReplies             0                  0.0
Icmp6OutGroupMembQueries        0                  0.0
Icmp6OutGroupMembResponses      0                  0.0
Icmp6OutGroupMembReductions     0                  0.0
Icmp6OutRouterSolicits          25                 0.0
Icmp6OutRouterAdvertisements    0                  0.0
Icmp6OutNeighborSolicits        4                  0.0
Icmp6OutNeighborAdvertisements  0                  0.0
Icmp6OutRedirects               0                  0.0
Icmp6OutMLDv2Reports            15                 0.0
Icmp6InType1                    3                  0.0
Icmp6OutType1                   3                  0.0
Icmp6OutType133                 25                 0.0
Icmp6OutType135                 4                  0.0
Icmp6OutType143                 15                 0.0
Udp6InDatagrams                 0                  0.0
Udp6NoPorts                     3                  0.0
Udp6InErrors                    0                  0.0
Udp6OutDatagrams                3                  0.0
Udp6RcvbufErrors                0                  0.0
Udp6SndbufErrors                0                  0.0
Udp6InCsumErrors                0                  0.0
Udp6IgnoredMulti                0                  0.0
Udp6MemErrors                   0                  0.0
UdpLite6InDatagrams             0                  0.0
UdpLite6NoPorts                 0                  0.0
UdpLite6InErrors                0                  0.0
UdpLite6OutDatagrams            0                  0.0
UdpLite6RcvbufErrors            0                  0.0
UdpLite6SndbufErrors            0                  0.0
UdpLite6InCsumErrors            0                  0.0
UdpLite6MemErrors               0                  0.0
TcpExtSyncookiesSent            0                  0.0
TcpExtSyncookiesRecv            0                  0.0
TcpExtSyncookiesFailed          0                  0.0
TcpExtEmbryonicRsts             6                  0.0
TcpExtPruneCalled               1                  0.0
TcpExtRcvPruned                 0                  0.0
TcpExtOfoPruned                 0                  0.0
TcpExtOutOfWindowIcmps          0                  0.0
TcpExtLockDroppedIcmps          0                  0.0
TcpExtArpFilter                 0                  0.0
TcpExtTW                        218                0.0
TcpExtTWRecycled                0                  0.0
TcpExtTWKilled                  0                  0.0
TcpExtPAWSActive                0                  0.0
TcpExtPAWSEstab                 0                  0.0
TcpExtBeyondWindow              0                  0.0
TcpExtTSEcrRejected             0                  0.0
TcpExtPAWSOldAck                0                  0.0
TcpExtPAWSTimewait              0                  0.0
TcpExtDelayedACKs               376                0.0
TcpExtDelayedACKLocked          0                  0.0
TcpExtDelayedACKLost            106                0.0
TcpExtListenOverflows           0                  0.0
TcpExtListenDrops               0                  0.0
TcpExtTCPHPHits                 1424               0.0
TcpExtTCPPureAcks               1420               0.0
TcpExtTCPHPAcks                 1544               0.0
TcpExtTCPRenoRecovery           0                  0.0
TcpExtTCPSackRecovery           0                  0.0
TcpExtTCPSACKReneging           0                  0.0
TcpExtTCPSACKReorder            0                  0.0
TcpExtTCPRenoReorder            0                  0.0
TcpExtTCPTSReorder              0                  0.0
TcpExtTCPFullUndo               0                  0.0
TcpExtTCPPartialUndo            0                  0.0
TcpExtTCPDSACKUndo              0                  0.0
TcpExtTCPLossUndo               0                  0.0
TcpExtTCPLostRetransmit         0                  0.0
TcpExtTCPRenoFailures           0                  0.0
TcpExtTCPSackFailures           0                  0.0
TcpExtTCPLossFailures           0                  0.0
TcpExtTCPFastRetrans            0                  0.0
TcpExtTCPSlowStartRetrans       0                  0.0
TcpExtTCPTimeouts               67                 0.0
TcpExtTCPLossProbes             1                  0.0
TcpExtTCPLossProbeRecovery      0                  0.0
TcpExtTCPRenoRecoveryFail       0                  0.0
TcpExtTCPSackRecoveryFail       0                  0.0
TcpExtTCPRcvCollapsed           26                 0.0
TcpExtTCPBacklogCoalesce        14                 0.0
TcpExtTCPDSACKOldSent           106                0.0
TcpExtTCPDSACKOfoSent           0                  0.0
TcpExtTCPDSACKRecv              0                  0.0
TcpExtTCPDSACKOfoRecv           0                  0.0
TcpExtTCPAbortOnData            4                  0.0
TcpExtTCPAbortOnClose           6                  0.0
TcpExtTCPAbortOnMemory          0                  0.0
TcpExtTCPAbortOnTimeout         0                  0.0
TcpExtTCPAbortOnLinger          0                  0.0
TcpExtTCPAbortFailed            0                  0.0
TcpExtTCPMemoryPressures        0                  0.0
TcpExtTCPMemoryPressuresChrono  0                  0.0
TcpExtTCPSACKDiscard            0                  0.0
TcpExtTCPDSACKIgnoredOld        0                  0.0
TcpExtTCPDSACKIgnoredNoUndo     0                  0.0
TcpExtTCPSpuriousRTOs           0                  0.0
TcpExtTCPMD5NotFound            0                  0.0
TcpExtTCPMD5Unexpected          0                  0.0
TcpExtTCPMD5Failure             0                  0.0
TcpExtTCPSackShifted            0                  0.0
TcpExtTCPSackMerged             0                  0.0
TcpExtTCPSackShiftFallback      0                  0.0
TcpExtTCPBacklogDrop            0                  0.0
TcpExtPFMemallocDrop            0                  0.0
TcpExtTCPMinTTLDrop             0                  0.0
TcpExtTCPDeferAcceptDrop        0                  0.0
TcpExtIPReversePathFilter       0                  0.0
TcpExtTCPTimeWaitOverflow       0                  0.0
TcpExtTCPReqQFullDoCookies      0                  0.0
TcpExtTCPReqQFullDrop           0                  0.0
TcpExtTCPRetransFail            0                  0.0
TcpExtTCPRcvCoalesce            1210               0.0
TcpExtTCPOFOQueue               0                  0.0
TcpExtTCPOFODrop                0                  0.0
TcpExtTCPOFOMerge               0                  0.0
TcpExtTCPChallengeACK           0                  0.0
TcpExtTCPSYNChallenge           0                  0.0
TcpExtTCPFastOpenActive         0                  0.0
TcpExtTCPFastOpenActiveFail     0                  0.0
TcpExtTCPFastOpenPassive        0                  0.0
TcpExtTCPFastOpenPassiveFail    0                  0.0
TcpExtTCPFastOpenListenOverflow 0                  0.0
TcpExtTCPFastOpenCookieReqd     0                  0.0
TcpExtTCPFastOpenBlackhole      0                  0.0
TcpExtTCPSpuriousRtxHostQueues  0                  0.0
TcpExtBusyPollRxPackets         0                  0.0
TcpExtTCPAutoCorking            20                 0.0
TcpExtTCPFromZeroWindowAdv      106                0.0
TcpExtTCPToZeroWindowAdv        106                0.0
TcpExtTCPWantZeroWindowAdv      6                  0.0
TcpExtTCPSynRetrans             57                 0.0
TcpExtTCPOrigDataSent           3630               0.0
TcpExtTCPHystartTrainDetect     0                  0.0
TcpExtTCPHystartTrainCwnd       0                  0.0
TcpExtTCPHystartDelayDetect     0                  0.0
TcpExtTCPHystartDelayCwnd       0                  0.0
TcpExtTCPACKSkippedSynRecv      0                  0.0
TcpExtTCPACKSkippedPAWS         0                  0.0
TcpExtTCPACKSkippedSeq          0                  0.0
TcpExtTCPACKSkippedFinWait2     0                  0.0
TcpExtTCPACKSkippedTimeWait     0                  0.0
TcpExtTCPACKSkippedChallenge    0                  0.0
TcpExtTCPWinProbe               0                  0.0
TcpExtTCPKeepAlive              15                 0.0
TcpExtTCPMTUPFail               0                  0.0
TcpExtTCPMTUPSuccess            0                  0.0
TcpExtTCPDelivered              4072               0.0
TcpExtTCPDeliveredCE            0                  0.0
TcpExtTCPAckCompressed          0                  0.0
TcpExtTCPZeroWindowDrop         0                  0.0
TcpExtTCPRcvQDrop               0                  0.0
TcpExtTCPWqueueTooBig           0                  0.0
TcpExtTCPFastOpenPassiveAltKey  0                  0.0
TcpExtTcpTimeoutRehash          0                  0.0
TcpExtTcpDuplicateDataRehash    0                  0.0
TcpExtTCPDSACKRecvSegs          0                  0.0
TcpExtTCPDSACKIgnoredDubious    0                  0.0
TcpExtTCPMigrateReqSuccess      0                  0.0
TcpExtTCPMigrateReqFailure      0                  0.0
TcpExtTCPPLBRehash              0                  0.0
TcpExtTCPAORequired             0                  0.0
TcpExtTCPAOBad                  0                  0.0
TcpExtTCPAOKeyNotFound          0                  0.0
TcpExtTCPAOGood                 0                  0.0
TcpExtTCPAODroppedIcmps         0                  0.0
IpExtInNoRoutes                 0                  0.0
IpExtInTruncatedPkts            0                  0.0
IpExtInMcastPkts                0                  0.0
IpExtOutMcastPkts               4                  0.0
IpExtInBcastPkts                0                  0.0
IpExtOutBcastPkts               0                  0.0
IpExtInOctets                   146055416490       0.0
IpExtOutOctets                  145666731591       0.0
IpExtInMcastOctets              0                  0.0
IpExtOutMcastOctets             160                0.0
IpExtInBcastOctets              0                  0.0
IpExtOutBcastOctets             0                  0.0
IpExtInCsumErrors               0                  0.0
IpExtInNoECTPkts                186736888          0.0
IpExtInECT1Pkts                 0                  0.0
IpExtInECT0Pkts                 0                  0.0
IpExtInCEPkts                   0                  0.0
IpExtReasmOverlaps              0                  0.0
MPTcpExtMPCapableSYNRX          0                  0.0
MPTcpExtMPCapableSYNTX          0                  0.0
MPTcpExtMPCapableSYNACKRX       0                  0.0
MPTcpExtMPCapableACKRX          0                  0.0
MPTcpExtMPCapableFallbackACK    0                  0.0
MPTcpExtMPCapableFallbackSYNACK 0                  0.0
MPTcpExtMPCapableSYNTXDrop      0                  0.0
MPTcpExtMPCapableSYNTXDisabled  0                  0.0
MPTcpExtMPCapableEndpAttempt    0                  0.0
MPTcpExtMPFallbackTokenInit     0                  0.0
MPTcpExtMPTCPRetrans            0                  0.0
MPTcpExtMPJoinNoTokenFound      0                  0.0
MPTcpExtMPJoinSynRx             0                  0.0
MPTcpExtMPJoinSynBackupRx       0                  0.0
MPTcpExtMPJoinSynAckRx          0                  0.0
MPTcpExtMPJoinSynAckBackupRx    0                  0.0
MPTcpExtMPJoinSynAckHMacFailure 0                  0.0
MPTcpExtMPJoinAckRx             0                  0.0
MPTcpExtMPJoinAckHMacFailure    0                  0.0
MPTcpExtMPJoinRejected          0                  0.0
MPTcpExtMPJoinSynTx             0                  0.0
MPTcpExtMPJoinSynTxCreatSkErr   0                  0.0
MPTcpExtMPJoinSynTxBindErr      0                  0.0
MPTcpExtMPJoinSynTxConnectErr   0                  0.0
MPTcpExtDSSNotMatching          0                  0.0
MPTcpExtDSSCorruptionFallback   0                  0.0
MPTcpExtDSSCorruptionReset      0                  0.0
MPTcpExtInfiniteMapTx           0                  0.0
MPTcpExtInfiniteMapRx           0                  0.0
MPTcpExtDSSNoMatchTCP           0                  0.0
MPTcpExtDataCsumErr             0                  0.0
MPTcpExtOFOQueueTail            0                  0.0
MPTcpExtOFOQueue                0                  0.0
MPTcpExtOFOMerge                0                  0.0
MPTcpExtNoDSSInWindow           0                  0.0
MPTcpExtDuplicateData           0                  0.0
MPTcpExtAddAddr                 0                  0.0
MPTcpExtAddAddrTx               0                  0.0
MPTcpExtAddAddrTxDrop           0                  0.0
MPTcpExtEchoAdd                 0                  0.0
MPTcpExtEchoAddTx               0                  0.0
MPTcpExtEchoAddTxDrop           0                  0.0
MPTcpExtPortAdd                 0                  0.0
MPTcpExtAddAddrDrop             0                  0.0
MPTcpExtMPJoinPortSynRx         0                  0.0
MPTcpExtMPJoinPortSynAckRx      0                  0.0
MPTcpExtMPJoinPortAckRx         0                  0.0
MPTcpExtMismatchPortSynRx       0                  0.0
MPTcpExtMismatchPortAckRx       0                  0.0
MPTcpExtRmAddr                  0                  0.0
MPTcpExtRmAddrDrop              0                  0.0
MPTcpExtRmAddrTx                0                  0.0
MPTcpExtRmAddrTxDrop            0                  0.0
MPTcpExtRmSubflow               0                  0.0
MPTcpExtMPPrioTx                0                  0.0
MPTcpExtMPPrioRx                0                  0.0
MPTcpExtMPFailTx                0                  0.0
MPTcpExtMPFailRx                0                  0.0
MPTcpExtMPFastcloseTx           0                  0.0
MPTcpExtMPFastcloseRx           0                  0.0
MPTcpExtMPRstTx                 0                  0.0
MPTcpExtMPRstRx                 0                  0.0
MPTcpExtRcvPruned               0                  0.0
MPTcpExtSubflowStale            0                  0.0
MPTcpExtSubflowRecover          0                  0.0
MPTcpExtSndWndShared            0                  0.0
MPTcpExtRcvWndShared            0                  0.0
MPTcpExtRcvWndConflictUpdate    0                  0.0
MPTcpExtRcvWndConflict          0                  0.0
MPTcpExtMPCurrEstab             0                  0.0
MPTcpExtBlackhole               0                  0.0
MPTcpExtMPCapableDataFallback   0                  0.0
MPTcpExtMD5SigFallback          0                  0.0
MPTcpExtDssFallback             0                  0.0
MPTcpExtSimultConnectFallback   0                  0.0
MPTcpExtFallbackFailed          0                  0.0
---TIMESTAMP 1776689936---
State Recv-Q Send-Q Local Address:Port  Peer Address:Port Process                                                                                                                                                                                                                                                                                                                                                                                                                 
ESTAB 0      0         172.18.0.1:56334   172.18.0.2:9180 
	 cubic wscale:10,10 rto:201 rtt:0.064/0.032 ato:40 mss:1448 pmtu:1500 rcvmss:1448 advmss:1448 cwnd:10 bytes_sent:84 bytes_acked:85 bytes_received:32139 segs_out:8 segs_in:25 data_segs_out:1 data_segs_in:23 send 1810000000bps lastsnd:18 lastrcv:4 lastack:4 pacing_rate 3584990328bps delivery_rate 282536584bps delivered:2 app_limited rcv_space:14480 rcv_ssthresh:104638 minrtt:0.041 snd_wnd:65536           
ESTAB 0      0              [::1]:9180         [::1]:47136
	 cubic wscale:10,10 rto:201 rtt:0.034/0.018 ato:40 mss:54784 pmtu:65536 rcvmss:536 advmss:65464 cwnd:10 bytes_sent:32139 bytes_acked:32139 bytes_received:84 segs_out:3 segs_in:5 data_segs_out:2 data_segs_in:1 send 128903529412bps lastsnd:13 lastrcv:27 lastack:13 pacing_rate 254994618176bps delivery_rate 16232296296bps delivered:3 app_limited rcv_space:65464 rcv_ssthresh:65464 minrtt:0.027 snd_wnd:102400
ESTAB 0      0              [::1]:47136        [::1]:9180 
	 cubic wscale:10,10 rto:201 rtt:0.054/0.03 ato:40 mss:32768 pmtu:65536 rcvmss:23947 advmss:65464 cwnd:10 bytes_sent:84 bytes_acked:85 bytes_received:64147 segs_out:7 segs_in:6 data_segs_out:1 data_segs_in:4 send 48545185185bps lastsnd:37 lastrcv:5 lastack:5 pacing_rate 96642949304bps delivery_rate 18724571424bps delivered:2 app_limited rcv_space:65476 rcv_ssthresh:117157 minrtt:0.014 snd_wnd:65536      
#kernel
IpInReceives                    132453300          0.0
IpInHdrErrors                   0                  0.0
IpInAddrErrors                  5                  0.0
IpForwDatagrams                 132431489          0.0
IpInUnknownProtos               0                  0.0
IpInDiscards                    0                  0.0
IpInDelivers                    21806              0.0
IpOutRequests                   16926              0.0
IpOutDiscards                   0                  0.0
IpOutNoRoutes                   3                  0.0
IpReasmTimeout                  0                  0.0
IpReasmReqds                    0                  0.0
IpReasmOKs                      0                  0.0
IpReasmFails                    0                  0.0
IpFragOKs                       0                  0.0
IpFragFails                     0                  0.0
IpFragCreates                   0                  0.0
IpOutTransmits                  132448415          0.0
IcmpInMsgs                      3                  0.0
IcmpInErrors                    0                  0.0
IcmpInCsumErrors                0                  0.0
IcmpInDestUnreachs              3                  0.0
IcmpInTimeExcds                 0                  0.0
IcmpInParmProbs                 0                  0.0
IcmpInSrcQuenchs                0                  0.0
IcmpInRedirects                 0                  0.0
IcmpInEchos                     0                  0.0
IcmpInEchoReps                  0                  0.0
IcmpInTimestamps                0                  0.0
IcmpInTimestampReps             0                  0.0
IcmpInAddrMasks                 0                  0.0
IcmpInAddrMaskReps              0                  0.0
IcmpOutMsgs                     3                  0.0
IcmpOutErrors                   0                  0.0
IcmpOutRateLimitGlobal          0                  0.0
IcmpOutRateLimitHost            0                  0.0
IcmpOutDestUnreachs             3                  0.0
IcmpOutTimeExcds                0                  0.0
IcmpOutParmProbs                0                  0.0
IcmpOutSrcQuenchs               0                  0.0
IcmpOutRedirects                0                  0.0
IcmpOutEchos                    0                  0.0
IcmpOutEchoReps                 0                  0.0
IcmpOutTimestamps               0                  0.0
IcmpOutTimestampReps            0                  0.0
IcmpOutAddrMasks                0                  0.0
IcmpOutAddrMaskReps             0                  0.0
IcmpMsgInType3                  3                  0.0
IcmpMsgOutType3                 3                  0.0
TcpActiveOpens                  457                0.0
TcpPassiveOpens                 113                0.0
TcpAttemptFails                 10                 0.0
TcpEstabResets                  11                 0.0
TcpInSegs                       20914              0.0
TcpOutSegs                      16315              0.0
TcpRetransSegs                  58                 0.0
TcpInErrs                       0                  0.0
TcpOutRsts                      25                 0.0
TcpInCsumErrors                 0                  0.0
UdpInDatagrams                  1302               0.0
UdpNoPorts                      3                  0.0
UdpInErrors                     0                  0.0
UdpOutDatagrams                 1305               0.0
UdpRcvbufErrors                 0                  0.0
UdpSndbufErrors                 0                  0.0
UdpInCsumErrors                 0                  0.0
UdpIgnoredMulti                 0                  0.0
UdpMemErrors                    0                  0.0
UdpLiteInDatagrams              0                  0.0
UdpLiteNoPorts                  0                  0.0
UdpLiteInErrors                 0                  0.0
UdpLiteOutDatagrams             0                  0.0
UdpLiteRcvbufErrors             0                  0.0
UdpLiteSndbufErrors             0                  0.0
UdpLiteInCsumErrors             0                  0.0
UdpLiteIgnoredMulti             0                  0.0
UdpLiteMemErrors                0                  0.0
Ip6InReceives                   422                0.0
Ip6InHdrErrors                  0                  0.0
Ip6InTooBigErrors               0                  0.0
Ip6InNoRoutes                   0                  0.0
Ip6InAddrErrors                 0                  0.0
Ip6InUnknownProtos              0                  0.0
Ip6InTruncatedPkts              0                  0.0
Ip6InDiscards                   0                  0.0
Ip6InDelivers                   422                0.0
Ip6OutForwDatagrams             0                  0.0
Ip6OutRequests                  466                0.0
Ip6OutDiscards                  0                  0.0
Ip6OutNoRoutes                  108                0.0
Ip6ReasmTimeout                 0                  0.0
Ip6ReasmReqds                   0                  0.0
Ip6ReasmOKs                     0                  0.0
Ip6ReasmFails                   0                  0.0
Ip6FragOKs                      0                  0.0
Ip6FragFails                    0                  0.0
Ip6FragCreates                  0                  0.0
Ip6InMcastPkts                  0                  0.0
Ip6OutMcastPkts                 44                 0.0
Ip6InOctets                     3053394            0.0
Ip6OutOctets                    3056302            0.0
Ip6InMcastOctets                0                  0.0
Ip6OutMcastOctets               2908               0.0
Ip6InBcastOctets                0                  0.0
Ip6OutBcastOctets               0                  0.0
Ip6InNoECTPkts                  422                0.0
Ip6InECT1Pkts                   0                  0.0
Ip6InECT0Pkts                   0                  0.0
Ip6InCEPkts                     0                  0.0
Ip6OutTransmits                 466                0.0
Icmp6InMsgs                     3                  0.0
Icmp6InErrors                   0                  0.0
Icmp6OutMsgs                    47                 0.0
Icmp6OutErrors                  0                  0.0
Icmp6InCsumErrors               0                  0.0
Icmp6OutRateLimitHost           0                  0.0
Icmp6InDestUnreachs             3                  0.0
Icmp6InPktTooBigs               0                  0.0
Icmp6InTimeExcds                0                  0.0
Icmp6InParmProblems             0                  0.0
Icmp6InEchos                    0                  0.0
Icmp6InEchoReplies              0                  0.0
Icmp6InGroupMembQueries         0                  0.0
Icmp6InGroupMembResponses       0                  0.0
Icmp6InGroupMembReductions      0                  0.0
Icmp6InRouterSolicits           0                  0.0
Icmp6InRouterAdvertisements     0                  0.0
Icmp6InNeighborSolicits         0                  0.0
Icmp6InNeighborAdvertisements   0                  0.0
Icmp6InRedirects                0                  0.0
Icmp6InMLDv2Reports             0                  0.0
Icmp6OutDestUnreachs            3                  0.0
Icmp6OutPktTooBigs              0                  0.0
Icmp6OutTimeExcds               0                  0.0
Icmp6OutParmProblems            0                  0.0
Icmp6OutEchos                   0                  0.0
Icmp6OutEchoReplies             0                  0.0
Icmp6OutGroupMembQueries        0                  0.0
Icmp6OutGroupMembResponses      0                  0.0
Icmp6OutGroupMembReductions     0                  0.0
Icmp6OutRouterSolicits          25                 0.0
Icmp6OutRouterAdvertisements    0                  0.0
Icmp6OutNeighborSolicits        4                  0.0
Icmp6OutNeighborAdvertisements  0                  0.0
Icmp6OutRedirects               0                  0.0
Icmp6OutMLDv2Reports            15                 0.0
Icmp6InType1                    3                  0.0
Icmp6OutType1                   3                  0.0
Icmp6OutType133                 25                 0.0
Icmp6OutType135                 4                  0.0
Icmp6OutType143                 15                 0.0
Udp6InDatagrams                 0                  0.0
Udp6NoPorts                     3                  0.0
Udp6InErrors                    0                  0.0
Udp6OutDatagrams                3                  0.0
Udp6RcvbufErrors                0                  0.0
Udp6SndbufErrors                0                  0.0
Udp6InCsumErrors                0                  0.0
Udp6IgnoredMulti                0                  0.0
Udp6MemErrors                   0                  0.0
UdpLite6InDatagrams             0                  0.0
UdpLite6NoPorts                 0                  0.0
UdpLite6InErrors                0                  0.0
UdpLite6OutDatagrams            0                  0.0
UdpLite6RcvbufErrors            0                  0.0
UdpLite6SndbufErrors            0                  0.0
UdpLite6InCsumErrors            0                  0.0
UdpLite6MemErrors               0                  0.0
TcpExtSyncookiesSent            0                  0.0
TcpExtSyncookiesRecv            0                  0.0
TcpExtSyncookiesFailed          0                  0.0
TcpExtEmbryonicRsts             6                  0.0
TcpExtPruneCalled               1                  0.0
TcpExtRcvPruned                 0                  0.0
TcpExtOfoPruned                 0                  0.0
TcpExtOutOfWindowIcmps          0                  0.0
TcpExtLockDroppedIcmps          0                  0.0
TcpExtArpFilter                 0                  0.0
TcpExtTW                        218                0.0
TcpExtTWRecycled                0                  0.0
TcpExtTWKilled                  0                  0.0
TcpExtPAWSActive                0                  0.0
TcpExtPAWSEstab                 0                  0.0
TcpExtBeyondWindow              0                  0.0
TcpExtTSEcrRejected             0                  0.0
TcpExtPAWSOldAck                0                  0.0
TcpExtPAWSTimewait              0                  0.0
TcpExtDelayedACKs               376                0.0
TcpExtDelayedACKLocked          0                  0.0
TcpExtDelayedACKLost            106                0.0
TcpExtListenOverflows           0                  0.0
TcpExtListenDrops               0                  0.0
TcpExtTCPHPHits                 1426               0.0
TcpExtTCPPureAcks               1427               0.0
TcpExtTCPHPAcks                 1544               0.0
TcpExtTCPRenoRecovery           0                  0.0
TcpExtTCPSackRecovery           0                  0.0
TcpExtTCPSACKReneging           0                  0.0
TcpExtTCPSACKReorder            0                  0.0
TcpExtTCPRenoReorder            0                  0.0
TcpExtTCPTSReorder              0                  0.0
TcpExtTCPFullUndo               0                  0.0
TcpExtTCPPartialUndo            0                  0.0
TcpExtTCPDSACKUndo              0                  0.0
TcpExtTCPLossUndo               0                  0.0
TcpExtTCPLostRetransmit         0                  0.0
TcpExtTCPRenoFailures           0                  0.0
TcpExtTCPSackFailures           0                  0.0
TcpExtTCPLossFailures           0                  0.0
TcpExtTCPFastRetrans            0                  0.0
TcpExtTCPSlowStartRetrans       0                  0.0
TcpExtTCPTimeouts               67                 0.0
TcpExtTCPLossProbes             1                  0.0
TcpExtTCPLossProbeRecovery      0                  0.0
TcpExtTCPRenoRecoveryFail       0                  0.0
TcpExtTCPSackRecoveryFail       0                  0.0
TcpExtTCPRcvCollapsed           26                 0.0
TcpExtTCPBacklogCoalesce        14                 0.0
TcpExtTCPDSACKOldSent           106                0.0
TcpExtTCPDSACKOfoSent           0                  0.0
TcpExtTCPDSACKRecv              0                  0.0
TcpExtTCPDSACKOfoRecv           0                  0.0
TcpExtTCPAbortOnData            4                  0.0
TcpExtTCPAbortOnClose           6                  0.0
TcpExtTCPAbortOnMemory          0                  0.0
TcpExtTCPAbortOnTimeout         0                  0.0
TcpExtTCPAbortOnLinger          0                  0.0
TcpExtTCPAbortFailed            0                  0.0
TcpExtTCPMemoryPressures        0                  0.0
TcpExtTCPMemoryPressuresChrono  0                  0.0
TcpExtTCPSACKDiscard            0                  0.0
TcpExtTCPDSACKIgnoredOld        0                  0.0
TcpExtTCPDSACKIgnoredNoUndo     0                  0.0
TcpExtTCPSpuriousRTOs           0                  0.0
TcpExtTCPMD5NotFound            0                  0.0
TcpExtTCPMD5Unexpected          0                  0.0
TcpExtTCPMD5Failure             0                  0.0
TcpExtTCPSackShifted            0                  0.0
TcpExtTCPSackMerged             0                  0.0
TcpExtTCPSackShiftFallback      0                  0.0
TcpExtTCPBacklogDrop            0                  0.0
TcpExtPFMemallocDrop            0                  0.0
TcpExtTCPMinTTLDrop             0                  0.0
TcpExtTCPDeferAcceptDrop        0                  0.0
TcpExtIPReversePathFilter       0                  0.0
TcpExtTCPTimeWaitOverflow       0                  0.0
TcpExtTCPReqQFullDoCookies      0                  0.0
TcpExtTCPReqQFullDrop           0                  0.0
TcpExtTCPRetransFail            0                  0.0
TcpExtTCPRcvCoalesce            1211               0.0
TcpExtTCPOFOQueue               0                  0.0
TcpExtTCPOFODrop                0                  0.0
TcpExtTCPOFOMerge               0                  0.0
TcpExtTCPChallengeACK           0                  0.0
TcpExtTCPSYNChallenge           0                  0.0
TcpExtTCPFastOpenActive         0                  0.0
TcpExtTCPFastOpenActiveFail     0                  0.0
TcpExtTCPFastOpenPassive        0                  0.0
TcpExtTCPFastOpenPassiveFail    0                  0.0
TcpExtTCPFastOpenListenOverflow 0                  0.0
TcpExtTCPFastOpenCookieReqd     0                  0.0
TcpExtTCPFastOpenBlackhole      0                  0.0
TcpExtTCPSpuriousRtxHostQueues  0                  0.0
TcpExtBusyPollRxPackets         0                  0.0
TcpExtTCPAutoCorking            20                 0.0
TcpExtTCPFromZeroWindowAdv      106                0.0
TcpExtTCPToZeroWindowAdv        106                0.0
TcpExtTCPWantZeroWindowAdv      6                  0.0
TcpExtTCPSynRetrans             57                 0.0
TcpExtTCPOrigDataSent           3636               0.0
TcpExtTCPHystartTrainDetect     0                  0.0
TcpExtTCPHystartTrainCwnd       0                  0.0
TcpExtTCPHystartDelayDetect     0                  0.0
TcpExtTCPHystartDelayCwnd       0                  0.0
TcpExtTCPACKSkippedSynRecv      0                  0.0
TcpExtTCPACKSkippedPAWS         0                  0.0
TcpExtTCPACKSkippedSeq          0                  0.0
TcpExtTCPACKSkippedFinWait2     0                  0.0
TcpExtTCPACKSkippedTimeWait     0                  0.0
TcpExtTCPACKSkippedChallenge    0                  0.0
TcpExtTCPWinProbe               0                  0.0
TcpExtTCPKeepAlive              15                 0.0
TcpExtTCPMTUPFail               0                  0.0
TcpExtTCPMTUPSuccess            0                  0.0
TcpExtTCPDelivered              4080               0.0
TcpExtTCPDeliveredCE            0                  0.0
TcpExtTCPAckCompressed          0                  0.0
TcpExtTCPZeroWindowDrop         0                  0.0
TcpExtTCPRcvQDrop               0                  0.0
TcpExtTCPWqueueTooBig           0                  0.0
TcpExtTCPFastOpenPassiveAltKey  0                  0.0
TcpExtTcpTimeoutRehash          0                  0.0
TcpExtTcpDuplicateDataRehash    0                  0.0
TcpExtTCPDSACKRecvSegs          0                  0.0
TcpExtTCPDSACKIgnoredDubious    0                  0.0
TcpExtTCPMigrateReqSuccess      0                  0.0
TcpExtTCPMigrateReqFailure      0                  0.0
TcpExtTCPPLBRehash              0                  0.0
TcpExtTCPAORequired             0                  0.0
TcpExtTCPAOBad                  0                  0.0
TcpExtTCPAOKeyNotFound          0                  0.0
TcpExtTCPAOGood                 0                  0.0
TcpExtTCPAODroppedIcmps         0                  0.0
IpExtInNoRoutes                 0                  0.0
IpExtInTruncatedPkts            0                  0.0
IpExtInMcastPkts                0                  0.0
IpExtOutMcastPkts               4                  0.0
IpExtInBcastPkts                0                  0.0
IpExtOutBcastPkts               0                  0.0
IpExtInOctets                   146484513285       0.0
IpExtOutOctets                  146095764375       0.0
IpExtInMcastOctets              0                  0.0
IpExtOutMcastOctets             160                0.0
IpExtInBcastOctets              0                  0.0
IpExtOutBcastOctets             0                  0.0
IpExtInCsumErrors               0                  0.0
IpExtInNoECTPkts                187169983          0.0
IpExtInECT1Pkts                 0                  0.0
IpExtInECT0Pkts                 0                  0.0
IpExtInCEPkts                   0                  0.0
IpExtReasmOverlaps              0                  0.0
MPTcpExtMPCapableSYNRX          0                  0.0
MPTcpExtMPCapableSYNTX          0                  0.0
MPTcpExtMPCapableSYNACKRX       0                  0.0
MPTcpExtMPCapableACKRX          0                  0.0
MPTcpExtMPCapableFallbackACK    0                  0.0
MPTcpExtMPCapableFallbackSYNACK 0                  0.0
MPTcpExtMPCapableSYNTXDrop      0                  0.0
MPTcpExtMPCapableSYNTXDisabled  0                  0.0
MPTcpExtMPCapableEndpAttempt    0                  0.0
MPTcpExtMPFallbackTokenInit     0                  0.0
MPTcpExtMPTCPRetrans            0                  0.0
MPTcpExtMPJoinNoTokenFound      0                  0.0
MPTcpExtMPJoinSynRx             0                  0.0
MPTcpExtMPJoinSynBackupRx       0                  0.0
MPTcpExtMPJoinSynAckRx          0                  0.0
MPTcpExtMPJoinSynAckBackupRx    0                  0.0
MPTcpExtMPJoinSynAckHMacFailure 0                  0.0
MPTcpExtMPJoinAckRx             0                  0.0
MPTcpExtMPJoinAckHMacFailure    0                  0.0
MPTcpExtMPJoinRejected          0                  0.0
MPTcpExtMPJoinSynTx             0                  0.0
MPTcpExtMPJoinSynTxCreatSkErr   0                  0.0
MPTcpExtMPJoinSynTxBindErr      0                  0.0
MPTcpExtMPJoinSynTxConnectErr   0                  0.0
MPTcpExtDSSNotMatching          0                  0.0
MPTcpExtDSSCorruptionFallback   0                  0.0
MPTcpExtDSSCorruptionReset      0                  0.0
MPTcpExtInfiniteMapTx           0                  0.0
MPTcpExtInfiniteMapRx           0                  0.0
MPTcpExtDSSNoMatchTCP           0                  0.0
MPTcpExtDataCsumErr             0                  0.0
MPTcpExtOFOQueueTail            0                  0.0
MPTcpExtOFOQueue                0                  0.0
MPTcpExtOFOMerge                0                  0.0
MPTcpExtNoDSSInWindow           0                  0.0
MPTcpExtDuplicateData           0                  0.0
MPTcpExtAddAddr                 0                  0.0
MPTcpExtAddAddrTx               0                  0.0
MPTcpExtAddAddrTxDrop           0                  0.0
MPTcpExtEchoAdd                 0                  0.0
MPTcpExtEchoAddTx               0                  0.0
MPTcpExtEchoAddTxDrop           0                  0.0
MPTcpExtPortAdd                 0                  0.0
MPTcpExtAddAddrDrop             0                  0.0
MPTcpExtMPJoinPortSynRx         0                  0.0
MPTcpExtMPJoinPortSynAckRx      0                  0.0
MPTcpExtMPJoinPortAckRx         0                  0.0
MPTcpExtMismatchPortSynRx       0                  0.0
MPTcpExtMismatchPortAckRx       0                  0.0
MPTcpExtRmAddr                  0                  0.0
MPTcpExtRmAddrDrop              0                  0.0
MPTcpExtRmAddrTx                0                  0.0
MPTcpExtRmAddrTxDrop            0                  0.0
MPTcpExtRmSubflow               0                  0.0
MPTcpExtMPPrioTx                0                  0.0
MPTcpExtMPPrioRx                0                  0.0
MPTcpExtMPFailTx                0                  0.0
MPTcpExtMPFailRx                0                  0.0
MPTcpExtMPFastcloseTx           0                  0.0
MPTcpExtMPFastcloseRx           0                  0.0
MPTcpExtMPRstTx                 0                  0.0
MPTcpExtMPRstRx                 0                  0.0
MPTcpExtRcvPruned               0                  0.0
MPTcpExtSubflowStale            0                  0.0
MPTcpExtSubflowRecover          0                  0.0
MPTcpExtSndWndShared            0                  0.0
MPTcpExtRcvWndShared            0                  0.0
MPTcpExtRcvWndConflictUpdate    0                  0.0
MPTcpExtRcvWndConflict          0                  0.0
MPTcpExtMPCurrEstab             0                  0.0
MPTcpExtBlackhole               0                  0.0
MPTcpExtMPCapableDataFallback   0                  0.0
MPTcpExtMD5SigFallback          0                  0.0
MPTcpExtDssFallback             0                  0.0
MPTcpExtSimultConnectFallback   0                  0.0
MPTcpExtFallbackFailed          0                  0.0
---TIMESTAMP 1776689941---
State Recv-Q Send-Q Local Address:Port Peer Address:PortProcess
#kernel
IpInReceives                    132698124          0.0
IpInHdrErrors                   0                  0.0
IpInAddrErrors                  5                  0.0
IpForwDatagrams                 132676282          0.0
IpInUnknownProtos               0                  0.0
IpInDiscards                    0                  0.0
IpInDelivers                    21835              0.0
IpOutRequests                   16957              0.0
IpOutDiscards                   0                  0.0
IpOutNoRoutes                   3                  0.0
IpReasmTimeout                  0                  0.0
IpReasmReqds                    0                  0.0
IpReasmOKs                      0                  0.0
IpReasmFails                    0                  0.0
IpFragOKs                       0                  0.0
IpFragFails                     0                  0.0
IpFragCreates                   0                  0.0
IpOutTransmits                  132693239          0.0
IcmpInMsgs                      3                  0.0
IcmpInErrors                    0                  0.0
IcmpInCsumErrors                0                  0.0
IcmpInDestUnreachs              3                  0.0
IcmpInTimeExcds                 0                  0.0
IcmpInParmProbs                 0                  0.0
IcmpInSrcQuenchs                0                  0.0
IcmpInRedirects                 0                  0.0
IcmpInEchos                     0                  0.0
IcmpInEchoReps                  0                  0.0
IcmpInTimestamps                0                  0.0
IcmpInTimestampReps             0                  0.0
IcmpInAddrMasks                 0                  0.0
IcmpInAddrMaskReps              0                  0.0
IcmpOutMsgs                     3                  0.0
IcmpOutErrors                   0                  0.0
IcmpOutRateLimitGlobal          0                  0.0
IcmpOutRateLimitHost            0                  0.0
IcmpOutDestUnreachs             3                  0.0
IcmpOutTimeExcds                0                  0.0
IcmpOutParmProbs                0                  0.0
IcmpOutSrcQuenchs               0                  0.0
IcmpOutRedirects                0                  0.0
IcmpOutEchos                    0                  0.0
IcmpOutEchoReps                 0                  0.0
IcmpOutTimestamps               0                  0.0
IcmpOutTimestampReps            0                  0.0
IcmpOutAddrMasks                0                  0.0
IcmpOutAddrMaskReps             0                  0.0
IcmpMsgInType3                  3                  0.0
IcmpMsgOutType3                 3                  0.0
TcpActiveOpens                  457                0.0
TcpPassiveOpens                 113                0.0
TcpAttemptFails                 10                 0.0
TcpEstabResets                  11                 0.0
TcpInSegs                       20992              0.0
TcpOutSegs                      16395              0.0
TcpRetransSegs                  59                 0.0
TcpInErrs                       0                  0.0
TcpOutRsts                      25                 0.0
TcpInCsumErrors                 0                  0.0
UdpInDatagrams                  1303               0.0
UdpNoPorts                      3                  0.0
UdpInErrors                     0                  0.0
UdpOutDatagrams                 1306               0.0
UdpRcvbufErrors                 0                  0.0
UdpSndbufErrors                 0                  0.0
UdpInCsumErrors                 0                  0.0
UdpIgnoredMulti                 0                  0.0
UdpMemErrors                    0                  0.0
UdpLiteInDatagrams              0                  0.0
UdpLiteNoPorts                  0                  0.0
UdpLiteInErrors                 0                  0.0
UdpLiteOutDatagrams             0                  0.0
UdpLiteRcvbufErrors             0                  0.0
UdpLiteSndbufErrors             0                  0.0
UdpLiteInCsumErrors             0                  0.0
UdpLiteIgnoredMulti             0                  0.0
UdpLiteMemErrors                0                  0.0
Ip6InReceives                   472                0.0
Ip6InHdrErrors                  0                  0.0
Ip6InTooBigErrors               0                  0.0
Ip6InNoRoutes                   0                  0.0
Ip6InAddrErrors                 0                  0.0
Ip6InUnknownProtos              0                  0.0
Ip6InTruncatedPkts              0                  0.0
Ip6InDiscards                   0                  0.0
Ip6InDelivers                   472                0.0
Ip6OutForwDatagrams             0                  0.0
Ip6OutRequests                  516                0.0
Ip6OutDiscards                  0                  0.0
Ip6OutNoRoutes                  108                0.0
Ip6ReasmTimeout                 0                  0.0
Ip6ReasmReqds                   0                  0.0
Ip6ReasmOKs                     0                  0.0
Ip6ReasmFails                   0                  0.0
Ip6FragOKs                      0                  0.0
Ip6FragFails                    0                  0.0
Ip6FragCreates                  0                  0.0
Ip6InMcastPkts                  0                  0.0
Ip6OutMcastPkts                 44                 0.0
Ip6InOctets                     3474606            0.0
Ip6OutOctets                    3477514            0.0
Ip6InMcastOctets                0                  0.0
Ip6OutMcastOctets               2908               0.0
Ip6InBcastOctets                0                  0.0
Ip6OutBcastOctets               0                  0.0
Ip6InNoECTPkts                  472                0.0
Ip6InECT1Pkts                   0                  0.0
Ip6InECT0Pkts                   0                  0.0
Ip6InCEPkts                     0                  0.0
Ip6OutTransmits                 516                0.0
Icmp6InMsgs                     3                  0.0
Icmp6InErrors                   0                  0.0
Icmp6OutMsgs                    47                 0.0
Icmp6OutErrors                  0                  0.0
Icmp6InCsumErrors               0                  0.0
Icmp6OutRateLimitHost           0                  0.0
Icmp6InDestUnreachs             3                  0.0
Icmp6InPktTooBigs               0                  0.0
Icmp6InTimeExcds                0                  0.0
Icmp6InParmProblems             0                  0.0
Icmp6InEchos                    0                  0.0
Icmp6InEchoReplies              0                  0.0
Icmp6InGroupMembQueries         0                  0.0
Icmp6InGroupMembResponses       0                  0.0
Icmp6InGroupMembReductions      0                  0.0
Icmp6InRouterSolicits           0                  0.0
Icmp6InRouterAdvertisements     0                  0.0
Icmp6InNeighborSolicits         0                  0.0
Icmp6InNeighborAdvertisements   0                  0.0
Icmp6InRedirects                0                  0.0
Icmp6InMLDv2Reports             0                  0.0
Icmp6OutDestUnreachs            3                  0.0
Icmp6OutPktTooBigs              0                  0.0
Icmp6OutTimeExcds               0                  0.0
Icmp6OutParmProblems            0                  0.0
Icmp6OutEchos                   0                  0.0
Icmp6OutEchoReplies             0                  0.0
Icmp6OutGroupMembQueries        0                  0.0
Icmp6OutGroupMembResponses      0                  0.0
Icmp6OutGroupMembReductions     0                  0.0
Icmp6OutRouterSolicits          25                 0.0
Icmp6OutRouterAdvertisements    0                  0.0
Icmp6OutNeighborSolicits        4                  0.0
Icmp6OutNeighborAdvertisements  0                  0.0
Icmp6OutRedirects               0                  0.0
Icmp6OutMLDv2Reports            15                 0.0
Icmp6InType1                    3                  0.0
Icmp6OutType1                   3                  0.0
Icmp6OutType133                 25                 0.0
Icmp6OutType135                 4                  0.0
Icmp6OutType143                 15                 0.0
Udp6InDatagrams                 0                  0.0
Udp6NoPorts                     3                  0.0
Udp6InErrors                    0                  0.0
Udp6OutDatagrams                3                  0.0
Udp6RcvbufErrors                0                  0.0
Udp6SndbufErrors                0                  0.0
Udp6InCsumErrors                0                  0.0
Udp6IgnoredMulti                0                  0.0
Udp6MemErrors                   0                  0.0
UdpLite6InDatagrams             0                  0.0
UdpLite6NoPorts                 0                  0.0
UdpLite6InErrors                0                  0.0
UdpLite6OutDatagrams            0                  0.0
UdpLite6RcvbufErrors            0                  0.0
UdpLite6SndbufErrors            0                  0.0
UdpLite6InCsumErrors            0                  0.0
UdpLite6MemErrors               0                  0.0
TcpExtSyncookiesSent            0                  0.0
TcpExtSyncookiesRecv            0                  0.0
TcpExtSyncookiesFailed          0                  0.0
TcpExtEmbryonicRsts             6                  0.0
TcpExtPruneCalled               1                  0.0
TcpExtRcvPruned                 0                  0.0
TcpExtOfoPruned                 0                  0.0
TcpExtOutOfWindowIcmps          0                  0.0
TcpExtLockDroppedIcmps          0                  0.0
TcpExtArpFilter                 0                  0.0
TcpExtTW                        220                0.0
TcpExtTWRecycled                0                  0.0
TcpExtTWKilled                  0                  0.0
TcpExtPAWSActive                0                  0.0
TcpExtPAWSEstab                 0                  0.0
TcpExtBeyondWindow              0                  0.0
TcpExtTSEcrRejected             0                  0.0
TcpExtPAWSOldAck                0                  0.0
TcpExtPAWSTimewait              0                  0.0
TcpExtDelayedACKs               376                0.0
TcpExtDelayedACKLocked          0                  0.0
TcpExtDelayedACKLost            106                0.0
TcpExtListenOverflows           0                  0.0
TcpExtListenDrops               0                  0.0
TcpExtTCPHPHits                 1426               0.0
TcpExtTCPPureAcks               1432               0.0
TcpExtTCPHPAcks                 1563               0.0
TcpExtTCPRenoRecovery           0                  0.0
TcpExtTCPSackRecovery           0                  0.0
TcpExtTCPSACKReneging           0                  0.0
TcpExtTCPSACKReorder            0                  0.0
TcpExtTCPRenoReorder            0                  0.0
TcpExtTCPTSReorder              0                  0.0
TcpExtTCPFullUndo               0                  0.0
TcpExtTCPPartialUndo            0                  0.0
TcpExtTCPDSACKUndo              0                  0.0
TcpExtTCPLossUndo               0                  0.0
TcpExtTCPLostRetransmit         0                  0.0
TcpExtTCPRenoFailures           0                  0.0
TcpExtTCPSackFailures           0                  0.0
TcpExtTCPLossFailures           0                  0.0
TcpExtTCPFastRetrans            0                  0.0
TcpExtTCPSlowStartRetrans       0                  0.0
TcpExtTCPTimeouts               68                 0.0
TcpExtTCPLossProbes             1                  0.0
TcpExtTCPLossProbeRecovery      0                  0.0
TcpExtTCPRenoRecoveryFail       0                  0.0
TcpExtTCPSackRecoveryFail       0                  0.0
TcpExtTCPRcvCollapsed           26                 0.0
TcpExtTCPBacklogCoalesce        14                 0.0
TcpExtTCPDSACKOldSent           106                0.0
TcpExtTCPDSACKOfoSent           0                  0.0
TcpExtTCPDSACKRecv              0                  0.0
TcpExtTCPDSACKOfoRecv           0                  0.0
TcpExtTCPAbortOnData            4                  0.0
TcpExtTCPAbortOnClose           6                  0.0
TcpExtTCPAbortOnMemory          0                  0.0
TcpExtTCPAbortOnTimeout         0                  0.0
TcpExtTCPAbortOnLinger          0                  0.0
TcpExtTCPAbortFailed            0                  0.0
TcpExtTCPMemoryPressures        0                  0.0
TcpExtTCPMemoryPressuresChrono  0                  0.0
TcpExtTCPSACKDiscard            0                  0.0
TcpExtTCPDSACKIgnoredOld        0                  0.0
TcpExtTCPDSACKIgnoredNoUndo     0                  0.0
TcpExtTCPSpuriousRTOs           0                  0.0
TcpExtTCPMD5NotFound            0                  0.0
TcpExtTCPMD5Unexpected          0                  0.0
TcpExtTCPMD5Failure             0                  0.0
TcpExtTCPSackShifted            0                  0.0
TcpExtTCPSackMerged             0                  0.0
TcpExtTCPSackShiftFallback      0                  0.0
TcpExtTCPBacklogDrop            0                  0.0
TcpExtPFMemallocDrop            0                  0.0
TcpExtTCPMinTTLDrop             0                  0.0
TcpExtTCPDeferAcceptDrop        0                  0.0
TcpExtIPReversePathFilter       0                  0.0
TcpExtTCPTimeWaitOverflow       0                  0.0
TcpExtTCPReqQFullDoCookies      0                  0.0
TcpExtTCPReqQFullDrop           0                  0.0
TcpExtTCPRetransFail            0                  0.0
TcpExtTCPRcvCoalesce            1215               0.0
TcpExtTCPOFOQueue               0                  0.0
TcpExtTCPOFODrop                0                  0.0
TcpExtTCPOFOMerge               0                  0.0
TcpExtTCPChallengeACK           0                  0.0
TcpExtTCPSYNChallenge           0                  0.0
TcpExtTCPFastOpenActive         0                  0.0
TcpExtTCPFastOpenActiveFail     0                  0.0
TcpExtTCPFastOpenPassive        0                  0.0
TcpExtTCPFastOpenPassiveFail    0                  0.0
TcpExtTCPFastOpenListenOverflow 0                  0.0
TcpExtTCPFastOpenCookieReqd     0                  0.0
TcpExtTCPFastOpenBlackhole      0                  0.0
TcpExtTCPSpuriousRtxHostQueues  0                  0.0
TcpExtBusyPollRxPackets         0                  0.0
TcpExtTCPAutoCorking            20                 0.0
TcpExtTCPFromZeroWindowAdv      106                0.0
TcpExtTCPToZeroWindowAdv        106                0.0
TcpExtTCPWantZeroWindowAdv      6                  0.0
TcpExtTCPSynRetrans             58                 0.0
TcpExtTCPOrigDataSent           3663               0.0
TcpExtTCPHystartTrainDetect     0                  0.0
TcpExtTCPHystartTrainCwnd       0                  0.0
TcpExtTCPHystartDelayDetect     0                  0.0
TcpExtTCPHystartDelayCwnd       0                  0.0
TcpExtTCPACKSkippedSynRecv      0                  0.0
TcpExtTCPACKSkippedPAWS         0                  0.0
TcpExtTCPACKSkippedSeq          0                  0.0
TcpExtTCPACKSkippedFinWait2     0                  0.0
TcpExtTCPACKSkippedTimeWait     0                  0.0
TcpExtTCPACKSkippedChallenge    0                  0.0
TcpExtTCPWinProbe               0                  0.0
TcpExtTCPKeepAlive              15                 0.0
TcpExtTCPMTUPFail               0                  0.0
TcpExtTCPMTUPSuccess            0                  0.0
TcpExtTCPDelivered              4107               0.0
TcpExtTCPDeliveredCE            0                  0.0
TcpExtTCPAckCompressed          0                  0.0
TcpExtTCPZeroWindowDrop         0                  0.0
TcpExtTCPRcvQDrop               0                  0.0
TcpExtTCPWqueueTooBig           0                  0.0
TcpExtTCPFastOpenPassiveAltKey  0                  0.0
TcpExtTcpTimeoutRehash          0                  0.0
TcpExtTcpDuplicateDataRehash    0                  0.0
TcpExtTCPDSACKRecvSegs          0                  0.0
TcpExtTCPDSACKIgnoredDubious    0                  0.0
TcpExtTCPMigrateReqSuccess      0                  0.0
TcpExtTCPMigrateReqFailure      0                  0.0
TcpExtTCPPLBRehash              0                  0.0
TcpExtTCPAORequired             0                  0.0
TcpExtTCPAOBad                  0                  0.0
TcpExtTCPAOKeyNotFound          0                  0.0
TcpExtTCPAOGood                 0                  0.0
TcpExtTCPAODroppedIcmps         0                  0.0
IpExtInNoRoutes                 0                  0.0
IpExtInTruncatedPkts            0                  0.0
IpExtInMcastPkts                0                  0.0
IpExtOutMcastPkts               4                  0.0
IpExtInBcastPkts                0                  0.0
IpExtOutBcastPkts               0                  0.0
IpExtInOctets                   146867784243       0.0
IpExtOutOctets                  146478617825       0.0
IpExtInMcastOctets              0                  0.0
IpExtOutMcastOctets             160                0.0
IpExtInBcastOctets              0                  0.0
IpExtOutBcastOctets             0                  0.0
IpExtInCsumErrors               0                  0.0
IpExtInNoECTPkts                187557926          0.0
IpExtInECT1Pkts                 0                  0.0
IpExtInECT0Pkts                 0                  0.0
IpExtInCEPkts                   0                  0.0
IpExtReasmOverlaps              0                  0.0
MPTcpExtMPCapableSYNRX          0                  0.0
MPTcpExtMPCapableSYNTX          0                  0.0
MPTcpExtMPCapableSYNACKRX       0                  0.0
MPTcpExtMPCapableACKRX          0                  0.0
MPTcpExtMPCapableFallbackACK    0                  0.0
MPTcpExtMPCapableFallbackSYNACK 0                  0.0
MPTcpExtMPCapableSYNTXDrop      0                  0.0
MPTcpExtMPCapableSYNTXDisabled  0                  0.0
MPTcpExtMPCapableEndpAttempt    0                  0.0
MPTcpExtMPFallbackTokenInit     0                  0.0
MPTcpExtMPTCPRetrans            0                  0.0
MPTcpExtMPJoinNoTokenFound      0                  0.0
MPTcpExtMPJoinSynRx             0                  0.0
MPTcpExtMPJoinSynBackupRx       0                  0.0
MPTcpExtMPJoinSynAckRx          0                  0.0
MPTcpExtMPJoinSynAckBackupRx    0                  0.0
MPTcpExtMPJoinSynAckHMacFailure 0                  0.0
MPTcpExtMPJoinAckRx             0                  0.0
MPTcpExtMPJoinAckHMacFailure    0                  0.0
MPTcpExtMPJoinRejected          0                  0.0
MPTcpExtMPJoinSynTx             0                  0.0
MPTcpExtMPJoinSynTxCreatSkErr   0                  0.0
MPTcpExtMPJoinSynTxBindErr      0                  0.0
MPTcpExtMPJoinSynTxConnectErr   0                  0.0
MPTcpExtDSSNotMatching          0                  0.0
MPTcpExtDSSCorruptionFallback   0                  0.0
MPTcpExtDSSCorruptionReset      0                  0.0
MPTcpExtInfiniteMapTx           0                  0.0
MPTcpExtInfiniteMapRx           0                  0.0
MPTcpExtDSSNoMatchTCP           0                  0.0
MPTcpExtDataCsumErr             0                  0.0
MPTcpExtOFOQueueTail            0                  0.0
MPTcpExtOFOQueue                0                  0.0
MPTcpExtOFOMerge                0                  0.0
MPTcpExtNoDSSInWindow           0                  0.0
MPTcpExtDuplicateData           0                  0.0
MPTcpExtAddAddr                 0                  0.0
MPTcpExtAddAddrTx               0                  0.0
MPTcpExtAddAddrTxDrop           0                  0.0
MPTcpExtEchoAdd                 0                  0.0
MPTcpExtEchoAddTx               0                  0.0
MPTcpExtEchoAddTxDrop           0                  0.0
MPTcpExtPortAdd                 0                  0.0
MPTcpExtAddAddrDrop             0                  0.0
MPTcpExtMPJoinPortSynRx         0                  0.0
MPTcpExtMPJoinPortSynAckRx      0                  0.0
MPTcpExtMPJoinPortAckRx         0                  0.0
MPTcpExtMismatchPortSynRx       0                  0.0
MPTcpExtMismatchPortAckRx       0                  0.0
MPTcpExtRmAddr                  0                  0.0
MPTcpExtRmAddrDrop              0                  0.0
MPTcpExtRmAddrTx                0                  0.0
MPTcpExtRmAddrTxDrop            0                  0.0
MPTcpExtRmSubflow               0                  0.0
MPTcpExtMPPrioTx                0                  0.0
MPTcpExtMPPrioRx                0                  0.0
MPTcpExtMPFailTx                0                  0.0
MPTcpExtMPFailRx                0                  0.0
MPTcpExtMPFastcloseTx           0                  0.0
MPTcpExtMPFastcloseRx           0                  0.0
MPTcpExtMPRstTx                 0                  0.0
MPTcpExtMPRstRx                 0                  0.0
MPTcpExtRcvPruned               0                  0.0
MPTcpExtSubflowStale            0                  0.0
MPTcpExtSubflowRecover          0                  0.0
MPTcpExtSndWndShared            0                  0.0
MPTcpExtRcvWndShared            0                  0.0
MPTcpExtRcvWndConflictUpdate    0                  0.0
MPTcpExtRcvWndConflict          0                  0.0
MPTcpExtMPCurrEstab             0                  0.0
MPTcpExtBlackhole               0                  0.0
MPTcpExtMPCapableDataFallback   0                  0.0
MPTcpExtMD5SigFallback          0                  0.0
MPTcpExtDssFallback             0                  0.0
MPTcpExtSimultConnectFallback   0                  0.0
MPTcpExtFallbackFailed          0                  0.0
---TIMESTAMP 1776689946---
State Recv-Q Send-Q Local Address:Port Peer Address:PortProcess
#kernel
IpInReceives                    132955311          0.0
IpInHdrErrors                   0                  0.0
IpInAddrErrors                  5                  0.0
IpForwDatagrams                 132933432          0.0
IpInUnknownProtos               0                  0.0
IpInDiscards                    0                  0.0
IpInDelivers                    21874              0.0
IpOutRequests                   16999              0.0
IpOutDiscards                   0                  0.0
IpOutNoRoutes                   3                  0.0
IpReasmTimeout                  0                  0.0
IpReasmReqds                    0                  0.0
IpReasmOKs                      0                  0.0
IpReasmFails                    0                  0.0
IpFragOKs                       0                  0.0
IpFragFails                     0                  0.0
IpFragCreates                   0                  0.0
IpOutTransmits                  132950431          0.0
IcmpInMsgs                      3                  0.0
IcmpInErrors                    0                  0.0
IcmpInCsumErrors                0                  0.0
IcmpInDestUnreachs              3                  0.0
IcmpInTimeExcds                 0                  0.0
IcmpInParmProbs                 0                  0.0
IcmpInSrcQuenchs                0                  0.0
IcmpInRedirects                 0                  0.0
IcmpInEchos                     0                  0.0
IcmpInEchoReps                  0                  0.0
IcmpInTimestamps                0                  0.0
IcmpInTimestampReps             0                  0.0
IcmpInAddrMasks                 0                  0.0
IcmpInAddrMaskReps              0                  0.0
IcmpOutMsgs                     3                  0.0
IcmpOutErrors                   0                  0.0
IcmpOutRateLimitGlobal          0                  0.0
IcmpOutRateLimitHost            0                  0.0
IcmpOutDestUnreachs             3                  0.0
IcmpOutTimeExcds                0                  0.0
IcmpOutParmProbs                0                  0.0
IcmpOutSrcQuenchs               0                  0.0
IcmpOutRedirects                0                  0.0
IcmpOutEchos                    0                  0.0
IcmpOutEchoReps                 0                  0.0
IcmpOutTimestamps               0                  0.0
IcmpOutTimestampReps            0                  0.0
IcmpOutAddrMasks                0                  0.0
IcmpOutAddrMaskReps             0                  0.0
IcmpMsgInType3                  3                  0.0
IcmpMsgOutType3                 3                  0.0
TcpActiveOpens                  459                0.0
TcpPassiveOpens                 114                0.0
TcpAttemptFails                 10                 0.0
TcpEstabResets                  11                 0.0
TcpInSegs                       21082              0.0
TcpOutSegs                      16488              0.0
TcpRetransSegs                  60                 0.0
TcpInErrs                       0                  0.0
TcpOutRsts                      25                 0.0
TcpInCsumErrors                 0                  0.0
UdpInDatagrams                  1304               0.0
UdpNoPorts                      3                  0.0
UdpInErrors                     0                  0.0
UdpOutDatagrams                 1307               0.0
UdpRcvbufErrors                 0                  0.0
UdpSndbufErrors                 0                  0.0
UdpInCsumErrors                 0                  0.0
UdpIgnoredMulti                 0                  0.0
UdpMemErrors                    0                  0.0
UdpLiteInDatagrams              0                  0.0
UdpLiteNoPorts                  0                  0.0
UdpLiteInErrors                 0                  0.0
UdpLiteOutDatagrams             0                  0.0
UdpLiteRcvbufErrors             0                  0.0
UdpLiteSndbufErrors             0                  0.0
UdpLiteInCsumErrors             0                  0.0
UdpLiteIgnoredMulti             0                  0.0
UdpLiteMemErrors                0                  0.0
Ip6InReceives                   524                0.0
Ip6InHdrErrors                  0                  0.0
Ip6InTooBigErrors               0                  0.0
Ip6InNoRoutes                   0                  0.0
Ip6InAddrErrors                 0                  0.0
Ip6InUnknownProtos              0                  0.0
Ip6InTruncatedPkts              0                  0.0
Ip6InDiscards                   0                  0.0
Ip6InDelivers                   524                0.0
Ip6OutForwDatagrams             0                  0.0
Ip6OutRequests                  568                0.0
Ip6OutDiscards                  0                  0.0
Ip6OutNoRoutes                  108                0.0
Ip6ReasmTimeout                 0                  0.0
Ip6ReasmReqds                   0                  0.0
Ip6ReasmOKs                     0                  0.0
Ip6ReasmFails                   0                  0.0
Ip6FragOKs                      0                  0.0
Ip6FragFails                    0                  0.0
Ip6FragCreates                  0                  0.0
Ip6InMcastPkts                  0                  0.0
Ip6OutMcastPkts                 44                 0.0
Ip6InOctets                     3960198            0.0
Ip6OutOctets                    3963106            0.0
Ip6InMcastOctets                0                  0.0
Ip6OutMcastOctets               2908               0.0
Ip6InBcastOctets                0                  0.0
Ip6OutBcastOctets               0                  0.0
Ip6InNoECTPkts                  524                0.0
Ip6InECT1Pkts                   0                  0.0
Ip6InECT0Pkts                   0                  0.0
Ip6InCEPkts                     0                  0.0
Ip6OutTransmits                 568                0.0
Icmp6InMsgs                     3                  0.0
Icmp6InErrors                   0                  0.0
Icmp6OutMsgs                    47                 0.0
Icmp6OutErrors                  0                  0.0
Icmp6InCsumErrors               0                  0.0
Icmp6OutRateLimitHost           0                  0.0
Icmp6InDestUnreachs             3                  0.0
Icmp6InPktTooBigs               0                  0.0
Icmp6InTimeExcds                0                  0.0
Icmp6InParmProblems             0                  0.0
Icmp6InEchos                    0                  0.0
Icmp6InEchoReplies              0                  0.0
Icmp6InGroupMembQueries         0                  0.0
Icmp6InGroupMembResponses       0                  0.0
Icmp6InGroupMembReductions      0                  0.0
Icmp6InRouterSolicits           0                  0.0
Icmp6InRouterAdvertisements     0                  0.0
Icmp6InNeighborSolicits         0                  0.0
Icmp6InNeighborAdvertisements   0                  0.0
Icmp6InRedirects                0                  0.0
Icmp6InMLDv2Reports             0                  0.0
Icmp6OutDestUnreachs            3                  0.0
Icmp6OutPktTooBigs              0                  0.0
Icmp6OutTimeExcds               0                  0.0
Icmp6OutParmProblems            0                  0.0
Icmp6OutEchos                   0                  0.0
Icmp6OutEchoReplies             0                  0.0
Icmp6OutGroupMembQueries        0                  0.0
Icmp6OutGroupMembResponses      0                  0.0
Icmp6OutGroupMembReductions     0                  0.0
Icmp6OutRouterSolicits          25                 0.0
Icmp6OutRouterAdvertisements    0                  0.0
Icmp6OutNeighborSolicits        4                  0.0
Icmp6OutNeighborAdvertisements  0                  0.0
Icmp6OutRedirects               0                  0.0
Icmp6OutMLDv2Reports            15                 0.0
Icmp6InType1                    3                  0.0
Icmp6OutType1                   3                  0.0
Icmp6OutType133                 25                 0.0
Icmp6OutType135                 4                  0.0
Icmp6OutType143                 15                 0.0
Udp6InDatagrams                 0                  0.0
Udp6NoPorts                     3                  0.0
Udp6InErrors                    0                  0.0
Udp6OutDatagrams                3                  0.0
Udp6RcvbufErrors                0                  0.0
Udp6SndbufErrors                0                  0.0
Udp6InCsumErrors                0                  0.0
Udp6IgnoredMulti                0                  0.0
Udp6MemErrors                   0                  0.0
UdpLite6InDatagrams             0                  0.0
UdpLite6NoPorts                 0                  0.0
UdpLite6InErrors                0                  0.0
UdpLite6OutDatagrams            0                  0.0
UdpLite6RcvbufErrors            0                  0.0
UdpLite6SndbufErrors            0                  0.0
UdpLite6InCsumErrors            0                  0.0
UdpLite6MemErrors               0                  0.0
TcpExtSyncookiesSent            0                  0.0
TcpExtSyncookiesRecv            0                  0.0
TcpExtSyncookiesFailed          0                  0.0
TcpExtEmbryonicRsts             6                  0.0
TcpExtPruneCalled               1                  0.0
TcpExtRcvPruned                 0                  0.0
TcpExtOfoPruned                 0                  0.0
TcpExtOutOfWindowIcmps          0                  0.0
TcpExtLockDroppedIcmps          0                  0.0
TcpExtArpFilter                 0                  0.0
TcpExtTW                        222                0.0
TcpExtTWRecycled                0                  0.0
TcpExtTWKilled                  0                  0.0
TcpExtPAWSActive                0                  0.0
TcpExtPAWSEstab                 0                  0.0
TcpExtBeyondWindow              0                  0.0
TcpExtTSEcrRejected             0                  0.0
TcpExtPAWSOldAck                0                  0.0
TcpExtPAWSTimewait              0                  0.0
TcpExtDelayedACKs               376                0.0
TcpExtDelayedACKLocked          0                  0.0
TcpExtDelayedACKLost            106                0.0
TcpExtListenOverflows           0                  0.0
TcpExtListenDrops               0                  0.0
TcpExtTCPHPHits                 1428               0.0
TcpExtTCPPureAcks               1443               0.0
TcpExtTCPHPAcks                 1578               0.0
TcpExtTCPRenoRecovery           0                  0.0
TcpExtTCPSackRecovery           0                  0.0
TcpExtTCPSACKReneging           0                  0.0
TcpExtTCPSACKReorder            0                  0.0
TcpExtTCPRenoReorder            0                  0.0
TcpExtTCPTSReorder              0                  0.0
TcpExtTCPFullUndo               0                  0.0
TcpExtTCPPartialUndo            0                  0.0
TcpExtTCPDSACKUndo              0                  0.0
TcpExtTCPLossUndo               0                  0.0
TcpExtTCPLostRetransmit         0                  0.0
TcpExtTCPRenoFailures           0                  0.0
TcpExtTCPSackFailures           0                  0.0
TcpExtTCPLossFailures           0                  0.0
TcpExtTCPFastRetrans            0                  0.0
TcpExtTCPSlowStartRetrans       0                  0.0
TcpExtTCPTimeouts               69                 0.0
TcpExtTCPLossProbes             1                  0.0
TcpExtTCPLossProbeRecovery      0                  0.0
TcpExtTCPRenoRecoveryFail       0                  0.0
TcpExtTCPSackRecoveryFail       0                  0.0
TcpExtTCPRcvCollapsed           26                 0.0
TcpExtTCPBacklogCoalesce        14                 0.0
TcpExtTCPDSACKOldSent           106                0.0
TcpExtTCPDSACKOfoSent           0                  0.0
TcpExtTCPDSACKRecv              0                  0.0
TcpExtTCPDSACKOfoRecv           0                  0.0
TcpExtTCPAbortOnData            4                  0.0
TcpExtTCPAbortOnClose           6                  0.0
TcpExtTCPAbortOnMemory          0                  0.0
TcpExtTCPAbortOnTimeout         0                  0.0
TcpExtTCPAbortOnLinger          0                  0.0
TcpExtTCPAbortFailed            0                  0.0
TcpExtTCPMemoryPressures        0                  0.0
TcpExtTCPMemoryPressuresChrono  0                  0.0
TcpExtTCPSACKDiscard            0                  0.0
TcpExtTCPDSACKIgnoredOld        0                  0.0
TcpExtTCPDSACKIgnoredNoUndo     0                  0.0
TcpExtTCPSpuriousRTOs           0                  0.0
TcpExtTCPMD5NotFound            0                  0.0
TcpExtTCPMD5Unexpected          0                  0.0
TcpExtTCPMD5Failure             0                  0.0
TcpExtTCPSackShifted            0                  0.0
TcpExtTCPSackMerged             0                  0.0
TcpExtTCPSackShiftFallback      0                  0.0
TcpExtTCPBacklogDrop            0                  0.0
TcpExtPFMemallocDrop            0                  0.0
TcpExtTCPMinTTLDrop             0                  0.0
TcpExtTCPDeferAcceptDrop        0                  0.0
TcpExtIPReversePathFilter       0                  0.0
TcpExtTCPTimeWaitOverflow       0                  0.0
TcpExtTCPReqQFullDoCookies      0                  0.0
TcpExtTCPReqQFullDrop           0                  0.0
TcpExtTCPRetransFail            0                  0.0
TcpExtTCPRcvCoalesce            1225               0.0
TcpExtTCPOFOQueue               0                  0.0
TcpExtTCPOFODrop                0                  0.0
TcpExtTCPOFOMerge               0                  0.0
TcpExtTCPChallengeACK           0                  0.0
TcpExtTCPSYNChallenge           0                  0.0
TcpExtTCPFastOpenActive         0                  0.0
TcpExtTCPFastOpenActiveFail     0                  0.0
TcpExtTCPFastOpenPassive        0                  0.0
TcpExtTCPFastOpenPassiveFail    0                  0.0
TcpExtTCPFastOpenListenOverflow 0                  0.0
TcpExtTCPFastOpenCookieReqd     0                  0.0
TcpExtTCPFastOpenBlackhole      0                  0.0
TcpExtTCPSpuriousRtxHostQueues  0                  0.0
TcpExtBusyPollRxPackets         0                  0.0
TcpExtTCPAutoCorking            20                 0.0
TcpExtTCPFromZeroWindowAdv      106                0.0
TcpExtTCPToZeroWindowAdv        106                0.0
TcpExtTCPWantZeroWindowAdv      6                  0.0
TcpExtTCPSynRetrans             59                 0.0
TcpExtTCPOrigDataSent           3690               0.0
TcpExtTCPHystartTrainDetect     0                  0.0
TcpExtTCPHystartTrainCwnd       0                  0.0
TcpExtTCPHystartDelayDetect     0                  0.0
TcpExtTCPHystartDelayCwnd       0                  0.0
TcpExtTCPACKSkippedSynRecv      0                  0.0
TcpExtTCPACKSkippedPAWS         0                  0.0
TcpExtTCPACKSkippedSeq          0                  0.0
TcpExtTCPACKSkippedFinWait2     0                  0.0
TcpExtTCPACKSkippedTimeWait     0                  0.0
TcpExtTCPACKSkippedChallenge    0                  0.0
TcpExtTCPWinProbe               0                  0.0
TcpExtTCPKeepAlive              15                 0.0
TcpExtTCPMTUPFail               0                  0.0
TcpExtTCPMTUPSuccess            0                  0.0
TcpExtTCPDelivered              4136               0.0
TcpExtTCPDeliveredCE            0                  0.0
TcpExtTCPAckCompressed          0                  0.0
TcpExtTCPZeroWindowDrop         0                  0.0
TcpExtTCPRcvQDrop               0                  0.0
TcpExtTCPWqueueTooBig           0                  0.0
TcpExtTCPFastOpenPassiveAltKey  0                  0.0
TcpExtTcpTimeoutRehash          0                  0.0
TcpExtTcpDuplicateDataRehash    0                  0.0
TcpExtTCPDSACKRecvSegs          0                  0.0
TcpExtTCPDSACKIgnoredDubious    0                  0.0
TcpExtTCPMigrateReqSuccess      0                  0.0
TcpExtTCPMigrateReqFailure      0                  0.0
TcpExtTCPPLBRehash              0                  0.0
TcpExtTCPAORequired             0                  0.0
TcpExtTCPAOBad                  0                  0.0
TcpExtTCPAOKeyNotFound          0                  0.0
TcpExtTCPAOGood                 0                  0.0
TcpExtTCPAODroppedIcmps         0                  0.0
IpExtInNoRoutes                 0                  0.0
IpExtInTruncatedPkts            0                  0.0
IpExtInMcastPkts                0                  0.0
IpExtOutMcastPkts               4                  0.0
IpExtInBcastPkts                0                  0.0
IpExtOutBcastPkts               0                  0.0
IpExtInOctets                   147268407386       0.0
IpExtOutOctets                  146878759468       0.0
IpExtInMcastOctets              0                  0.0
IpExtOutMcastOctets             160                0.0
IpExtInBcastOctets              0                  0.0
IpExtOutBcastOctets             0                  0.0
IpExtInCsumErrors               0                  0.0
IpExtInNoECTPkts                187965160          0.0
IpExtInECT1Pkts                 0                  0.0
IpExtInECT0Pkts                 0                  0.0
IpExtInCEPkts                   0                  0.0
IpExtReasmOverlaps              0                  0.0
MPTcpExtMPCapableSYNRX          0                  0.0
MPTcpExtMPCapableSYNTX          0                  0.0
MPTcpExtMPCapableSYNACKRX       0                  0.0
MPTcpExtMPCapableACKRX          0                  0.0
MPTcpExtMPCapableFallbackACK    0                  0.0
MPTcpExtMPCapableFallbackSYNACK 0                  0.0
MPTcpExtMPCapableSYNTXDrop      0                  0.0
MPTcpExtMPCapableSYNTXDisabled  0                  0.0
MPTcpExtMPCapableEndpAttempt    0                  0.0
MPTcpExtMPFallbackTokenInit     0                  0.0
MPTcpExtMPTCPRetrans            0                  0.0
MPTcpExtMPJoinNoTokenFound      0                  0.0
MPTcpExtMPJoinSynRx             0                  0.0
MPTcpExtMPJoinSynBackupRx       0                  0.0
MPTcpExtMPJoinSynAckRx          0                  0.0
MPTcpExtMPJoinSynAckBackupRx    0                  0.0
MPTcpExtMPJoinSynAckHMacFailure 0                  0.0
MPTcpExtMPJoinAckRx             0                  0.0
MPTcpExtMPJoinAckHMacFailure    0                  0.0
MPTcpExtMPJoinRejected          0                  0.0
MPTcpExtMPJoinSynTx             0                  0.0
MPTcpExtMPJoinSynTxCreatSkErr   0                  0.0
MPTcpExtMPJoinSynTxBindErr      0                  0.0
MPTcpExtMPJoinSynTxConnectErr   0                  0.0
MPTcpExtDSSNotMatching          0                  0.0
MPTcpExtDSSCorruptionFallback   0                  0.0
MPTcpExtDSSCorruptionReset      0                  0.0
MPTcpExtInfiniteMapTx           0                  0.0
MPTcpExtInfiniteMapRx           0                  0.0
MPTcpExtDSSNoMatchTCP           0                  0.0
MPTcpExtDataCsumErr             0                  0.0
MPTcpExtOFOQueueTail            0                  0.0
MPTcpExtOFOQueue                0                  0.0
MPTcpExtOFOMerge                0                  0.0
MPTcpExtNoDSSInWindow           0                  0.0
MPTcpExtDuplicateData           0                  0.0
MPTcpExtAddAddr                 0                  0.0
MPTcpExtAddAddrTx               0                  0.0
MPTcpExtAddAddrTxDrop           0                  0.0
MPTcpExtEchoAdd                 0                  0.0
MPTcpExtEchoAddTx               0                  0.0
MPTcpExtEchoAddTxDrop           0                  0.0
MPTcpExtPortAdd                 0                  0.0
MPTcpExtAddAddrDrop             0                  0.0
MPTcpExtMPJoinPortSynRx         0                  0.0
MPTcpExtMPJoinPortSynAckRx      0                  0.0
MPTcpExtMPJoinPortAckRx         0                  0.0
MPTcpExtMismatchPortSynRx       0                  0.0
MPTcpExtMismatchPortAckRx       0                  0.0
MPTcpExtRmAddr                  0                  0.0
MPTcpExtRmAddrDrop              0                  0.0
MPTcpExtRmAddrTx                0                  0.0
MPTcpExtRmAddrTxDrop            0                  0.0
MPTcpExtRmSubflow               0                  0.0
MPTcpExtMPPrioTx                0                  0.0
MPTcpExtMPPrioRx                0                  0.0
MPTcpExtMPFailTx                0                  0.0
MPTcpExtMPFailRx                0                  0.0
MPTcpExtMPFastcloseTx           0                  0.0
MPTcpExtMPFastcloseRx           0                  0.0
MPTcpExtMPRstTx                 0                  0.0
MPTcpExtMPRstRx                 0                  0.0
MPTcpExtRcvPruned               0                  0.0
MPTcpExtSubflowStale            0                  0.0
MPTcpExtSubflowRecover          0                  0.0
MPTcpExtSndWndShared            0                  0.0
MPTcpExtRcvWndShared            0                  0.0
MPTcpExtRcvWndConflictUpdate    0                  0.0
MPTcpExtRcvWndConflict          0                  0.0
MPTcpExtMPCurrEstab             0                  0.0
MPTcpExtBlackhole               0                  0.0
MPTcpExtMPCapableDataFallback   0                  0.0
MPTcpExtMD5SigFallback          0                  0.0
MPTcpExtDssFallback             0                  0.0
MPTcpExtSimultConnectFallback   0                  0.0
MPTcpExtFallbackFailed          0                  0.0
---TIMESTAMP 1776689951---
State Recv-Q Send-Q Local Address:Port Peer Address:PortProcess
#kernel
IpInReceives                    133218670          0.0
IpInHdrErrors                   0                  0.0
IpInAddrErrors                  5                  0.0
IpForwDatagrams                 133196753          0.0
IpInUnknownProtos               0                  0.0
IpInDiscards                    0                  0.0
IpInDelivers                    21912              0.0
IpOutRequests                   17039              0.0
IpOutDiscards                   0                  0.0
IpOutNoRoutes                   3                  0.0
IpReasmTimeout                  0                  0.0
IpReasmReqds                    0                  0.0
IpReasmOKs                      0                  0.0
IpReasmFails                    0                  0.0
IpFragOKs                       0                  0.0
IpFragFails                     0                  0.0
IpFragCreates                   0                  0.0
IpOutTransmits                  133213792          0.0
IcmpInMsgs                      3                  0.0
IcmpInErrors                    0                  0.0
IcmpInCsumErrors                0                  0.0
IcmpInDestUnreachs              3                  0.0
IcmpInTimeExcds                 0                  0.0
IcmpInParmProbs                 0                  0.0
IcmpInSrcQuenchs                0                  0.0
IcmpInRedirects                 0                  0.0
IcmpInEchos                     0                  0.0
IcmpInEchoReps                  0                  0.0
IcmpInTimestamps                0                  0.0
IcmpInTimestampReps             0                  0.0
IcmpInAddrMasks                 0                  0.0
IcmpInAddrMaskReps              0                  0.0
IcmpOutMsgs                     3                  0.0
IcmpOutErrors                   0                  0.0
IcmpOutRateLimitGlobal          0                  0.0
IcmpOutRateLimitHost            0                  0.0
IcmpOutDestUnreachs             3                  0.0
IcmpOutTimeExcds                0                  0.0
IcmpOutParmProbs                0                  0.0
IcmpOutSrcQuenchs               0                  0.0
IcmpOutRedirects                0                  0.0
IcmpOutEchos                    0                  0.0
IcmpOutEchoReps                 0                  0.0
IcmpOutTimestamps               0                  0.0
IcmpOutTimestampReps            0                  0.0
IcmpOutAddrMasks                0                  0.0
IcmpOutAddrMaskReps             0                  0.0
IcmpMsgInType3                  3                  0.0
IcmpMsgOutType3                 3                  0.0
TcpActiveOpens                  461                0.0
TcpPassiveOpens                 115                0.0
TcpAttemptFails                 10                 0.0
TcpEstabResets                  11                 0.0
TcpInSegs                       21190              0.0
TcpOutSegs                      16598              0.0
TcpRetransSegs                  60                 0.0
TcpInErrs                       0                  0.0
TcpOutRsts                      25                 0.0
TcpInCsumErrors                 0                  0.0
UdpInDatagrams                  1304               0.0
UdpNoPorts                      3                  0.0
UdpInErrors                     0                  0.0
UdpOutDatagrams                 1307               0.0
UdpRcvbufErrors                 0                  0.0
UdpSndbufErrors                 0                  0.0
UdpInCsumErrors                 0                  0.0
UdpIgnoredMulti                 0                  0.0
UdpMemErrors                    0                  0.0
UdpLiteInDatagrams              0                  0.0
UdpLiteNoPorts                  0                  0.0
UdpLiteInErrors                 0                  0.0
UdpLiteOutDatagrams             0                  0.0
UdpLiteRcvbufErrors             0                  0.0
UdpLiteSndbufErrors             0                  0.0
UdpLiteInCsumErrors             0                  0.0
UdpLiteIgnoredMulti             0                  0.0
UdpLiteMemErrors                0                  0.0
Ip6InReceives                   594                0.0
Ip6InHdrErrors                  0                  0.0
Ip6InTooBigErrors               0                  0.0
Ip6InNoRoutes                   0                  0.0
Ip6InAddrErrors                 0                  0.0
Ip6InUnknownProtos              0                  0.0
Ip6InTruncatedPkts              0                  0.0
Ip6InDiscards                   0                  0.0
Ip6InDelivers                   594                0.0
Ip6OutForwDatagrams             0                  0.0
Ip6OutRequests                  638                0.0
Ip6OutDiscards                  0                  0.0
Ip6OutNoRoutes                  108                0.0
Ip6ReasmTimeout                 0                  0.0
Ip6ReasmReqds                   0                  0.0
Ip6ReasmOKs                     0                  0.0
Ip6ReasmFails                   0                  0.0
Ip6FragOKs                      0                  0.0
Ip6FragFails                    0                  0.0
Ip6FragCreates                  0                  0.0
Ip6InMcastPkts                  0                  0.0
Ip6OutMcastPkts                 44                 0.0
Ip6InOctets                     4447116            0.0
Ip6OutOctets                    4450024            0.0
Ip6InMcastOctets                0                  0.0
Ip6OutMcastOctets               2908               0.0
Ip6InBcastOctets                0                  0.0
Ip6OutBcastOctets               0                  0.0
Ip6InNoECTPkts                  594                0.0
Ip6InECT1Pkts                   0                  0.0
Ip6InECT0Pkts                   0                  0.0
Ip6InCEPkts                     0                  0.0
Ip6OutTransmits                 638                0.0
Icmp6InMsgs                     3                  0.0
Icmp6InErrors                   0                  0.0
Icmp6OutMsgs                    47                 0.0
Icmp6OutErrors                  0                  0.0
Icmp6InCsumErrors               0                  0.0
Icmp6OutRateLimitHost           0                  0.0
Icmp6InDestUnreachs             3                  0.0
Icmp6InPktTooBigs               0                  0.0
Icmp6InTimeExcds                0                  0.0
Icmp6InParmProblems             0                  0.0
Icmp6InEchos                    0                  0.0
Icmp6InEchoReplies              0                  0.0
Icmp6InGroupMembQueries         0                  0.0
Icmp6InGroupMembResponses       0                  0.0
Icmp6InGroupMembReductions      0                  0.0
Icmp6InRouterSolicits           0                  0.0
Icmp6InRouterAdvertisements     0                  0.0
Icmp6InNeighborSolicits         0                  0.0
Icmp6InNeighborAdvertisements   0                  0.0
Icmp6InRedirects                0                  0.0
Icmp6InMLDv2Reports             0                  0.0
Icmp6OutDestUnreachs            3                  0.0
Icmp6OutPktTooBigs              0                  0.0
Icmp6OutTimeExcds               0                  0.0
Icmp6OutParmProblems            0                  0.0
Icmp6OutEchos                   0                  0.0
Icmp6OutEchoReplies             0                  0.0
Icmp6OutGroupMembQueries        0                  0.0
Icmp6OutGroupMembResponses      0                  0.0
Icmp6OutGroupMembReductions     0                  0.0
Icmp6OutRouterSolicits          25                 0.0
Icmp6OutRouterAdvertisements    0                  0.0
Icmp6OutNeighborSolicits        4                  0.0
Icmp6OutNeighborAdvertisements  0                  0.0
Icmp6OutRedirects               0                  0.0
Icmp6OutMLDv2Reports            15                 0.0
Icmp6InType1                    3                  0.0
Icmp6OutType1                   3                  0.0
Icmp6OutType133                 25                 0.0
Icmp6OutType135                 4                  0.0
Icmp6OutType143                 15                 0.0
Udp6InDatagrams                 0                  0.0
Udp6NoPorts                     3                  0.0
Udp6InErrors                    0                  0.0
Udp6OutDatagrams                3                  0.0
Udp6RcvbufErrors                0                  0.0
Udp6SndbufErrors                0                  0.0
Udp6InCsumErrors                0                  0.0
Udp6IgnoredMulti                0                  0.0
Udp6MemErrors                   0                  0.0
UdpLite6InDatagrams             0                  0.0
UdpLite6NoPorts                 0                  0.0
UdpLite6InErrors                0                  0.0
UdpLite6OutDatagrams            0                  0.0
UdpLite6RcvbufErrors            0                  0.0
UdpLite6SndbufErrors            0                  0.0
UdpLite6InCsumErrors            0                  0.0
UdpLite6MemErrors               0                  0.0
TcpExtSyncookiesSent            0                  0.0
TcpExtSyncookiesRecv            0                  0.0
TcpExtSyncookiesFailed          0                  0.0
TcpExtEmbryonicRsts             6                  0.0
TcpExtPruneCalled               1                  0.0
TcpExtRcvPruned                 0                  0.0
TcpExtOfoPruned                 0                  0.0
TcpExtOutOfWindowIcmps          0                  0.0
TcpExtLockDroppedIcmps          0                  0.0
TcpExtArpFilter                 0                  0.0
TcpExtTW                        224                0.0
TcpExtTWRecycled                0                  0.0
TcpExtTWKilled                  0                  0.0
TcpExtPAWSActive                0                  0.0
TcpExtPAWSEstab                 0                  0.0
TcpExtBeyondWindow              0                  0.0
TcpExtTSEcrRejected             0                  0.0
TcpExtPAWSOldAck                0                  0.0
TcpExtPAWSTimewait              0                  0.0
TcpExtDelayedACKs               376                0.0
TcpExtDelayedACKLocked          0                  0.0
TcpExtDelayedACKLost            106                0.0
TcpExtListenOverflows           0                  0.0
TcpExtListenDrops               0                  0.0
TcpExtTCPHPHits                 1430               0.0
TcpExtTCPPureAcks               1456               0.0
TcpExtTCPHPAcks                 1600               0.0
TcpExtTCPRenoRecovery           0                  0.0
TcpExtTCPSackRecovery           0                  0.0
TcpExtTCPSACKReneging           0                  0.0
TcpExtTCPSACKReorder            0                  0.0
TcpExtTCPRenoReorder            0                  0.0
TcpExtTCPTSReorder              0                  0.0
TcpExtTCPFullUndo               0                  0.0
TcpExtTCPPartialUndo            0                  0.0
TcpExtTCPDSACKUndo              0                  0.0
TcpExtTCPLossUndo               0                  0.0
TcpExtTCPLostRetransmit         0                  0.0
TcpExtTCPRenoFailures           0                  0.0
TcpExtTCPSackFailures           0                  0.0
TcpExtTCPLossFailures           0                  0.0
TcpExtTCPFastRetrans            0                  0.0
TcpExtTCPSlowStartRetrans       0                  0.0
TcpExtTCPTimeouts               69                 0.0
TcpExtTCPLossProbes             1                  0.0
TcpExtTCPLossProbeRecovery      0                  0.0
TcpExtTCPRenoRecoveryFail       0                  0.0
TcpExtTCPSackRecoveryFail       0                  0.0
TcpExtTCPRcvCollapsed           26                 0.0
TcpExtTCPBacklogCoalesce        14                 0.0
TcpExtTCPDSACKOldSent           106                0.0
TcpExtTCPDSACKOfoSent           0                  0.0
TcpExtTCPDSACKRecv              0                  0.0
TcpExtTCPDSACKOfoRecv           0                  0.0
TcpExtTCPAbortOnData            4                  0.0
TcpExtTCPAbortOnClose           6                  0.0
TcpExtTCPAbortOnMemory          0                  0.0
TcpExtTCPAbortOnTimeout         0                  0.0
TcpExtTCPAbortOnLinger          0                  0.0
TcpExtTCPAbortFailed            0                  0.0
TcpExtTCPMemoryPressures        0                  0.0
TcpExtTCPMemoryPressuresChrono  0                  0.0
TcpExtTCPSACKDiscard            0                  0.0
TcpExtTCPDSACKIgnoredOld        0                  0.0
TcpExtTCPDSACKIgnoredNoUndo     0                  0.0
TcpExtTCPSpuriousRTOs           0                  0.0
TcpExtTCPMD5NotFound            0                  0.0
TcpExtTCPMD5Unexpected          0                  0.0
TcpExtTCPMD5Failure             0                  0.0
TcpExtTCPSackShifted            0                  0.0
TcpExtTCPSackMerged             0                  0.0
TcpExtTCPSackShiftFallback      0                  0.0
TcpExtTCPBacklogDrop            0                  0.0
TcpExtPFMemallocDrop            0                  0.0
TcpExtTCPMinTTLDrop             0                  0.0
TcpExtTCPDeferAcceptDrop        0                  0.0
TcpExtIPReversePathFilter       0                  0.0
TcpExtTCPTimeWaitOverflow       0                  0.0
TcpExtTCPReqQFullDoCookies      0                  0.0
TcpExtTCPReqQFullDrop           0                  0.0
TcpExtTCPRetransFail            0                  0.0
TcpExtTCPRcvCoalesce            1226               0.0
TcpExtTCPOFOQueue               0                  0.0
TcpExtTCPOFODrop                0                  0.0
TcpExtTCPOFOMerge               0                  0.0
TcpExtTCPChallengeACK           0                  0.0
TcpExtTCPSYNChallenge           0                  0.0
TcpExtTCPFastOpenActive         0                  0.0
TcpExtTCPFastOpenActiveFail     0                  0.0
TcpExtTCPFastOpenPassive        0                  0.0
TcpExtTCPFastOpenPassiveFail    0                  0.0
TcpExtTCPFastOpenListenOverflow 0                  0.0
TcpExtTCPFastOpenCookieReqd     0                  0.0
TcpExtTCPFastOpenBlackhole      0                  0.0
TcpExtTCPSpuriousRtxHostQueues  0                  0.0
TcpExtBusyPollRxPackets         0                  0.0
TcpExtTCPAutoCorking            20                 0.0
TcpExtTCPFromZeroWindowAdv      106                0.0
TcpExtTCPToZeroWindowAdv        106                0.0
TcpExtTCPWantZeroWindowAdv      6                  0.0
TcpExtTCPSynRetrans             59                 0.0
TcpExtTCPOrigDataSent           3726               0.0
TcpExtTCPHystartTrainDetect     0                  0.0
TcpExtTCPHystartTrainCwnd       0                  0.0
TcpExtTCPHystartDelayDetect     0                  0.0
TcpExtTCPHystartDelayCwnd       0                  0.0
TcpExtTCPACKSkippedSynRecv      0                  0.0
TcpExtTCPACKSkippedPAWS         0                  0.0
TcpExtTCPACKSkippedSeq          0                  0.0
TcpExtTCPACKSkippedFinWait2     0                  0.0
TcpExtTCPACKSkippedTimeWait     0                  0.0
TcpExtTCPACKSkippedChallenge    0                  0.0
TcpExtTCPWinProbe               0                  0.0
TcpExtTCPKeepAlive              15                 0.0
TcpExtTCPMTUPFail               0                  0.0
TcpExtTCPMTUPSuccess            0                  0.0
TcpExtTCPDelivered              4174               0.0
TcpExtTCPDeliveredCE            0                  0.0
TcpExtTCPAckCompressed          0                  0.0
TcpExtTCPZeroWindowDrop         0                  0.0
TcpExtTCPRcvQDrop               0                  0.0
TcpExtTCPWqueueTooBig           0                  0.0
TcpExtTCPFastOpenPassiveAltKey  0                  0.0
TcpExtTcpTimeoutRehash          0                  0.0
TcpExtTcpDuplicateDataRehash    0                  0.0
TcpExtTCPDSACKRecvSegs          0                  0.0
TcpExtTCPDSACKIgnoredDubious    0                  0.0
TcpExtTCPMigrateReqSuccess      0                  0.0
TcpExtTCPMigrateReqFailure      0                  0.0
TcpExtTCPPLBRehash              0                  0.0
TcpExtTCPAORequired             0                  0.0
TcpExtTCPAOBad                  0                  0.0
TcpExtTCPAOKeyNotFound          0                  0.0
TcpExtTCPAOGood                 0                  0.0
TcpExtTCPAODroppedIcmps         0                  0.0
IpExtInNoRoutes                 0                  0.0
IpExtInTruncatedPkts            0                  0.0
IpExtInMcastPkts                0                  0.0
IpExtOutMcastPkts               4                  0.0
IpExtInBcastPkts                0                  0.0
IpExtOutBcastPkts               0                  0.0
IpExtInOctets                   147679249537       0.0
IpExtOutOctets                  147289120029       0.0
IpExtInMcastOctets              0                  0.0
IpExtOutMcastOctets             160                0.0
IpExtInBcastOctets              0                  0.0
IpExtOutBcastOctets             0                  0.0
IpExtInCsumErrors               0                  0.0
IpExtInNoECTPkts                188382165          0.0
IpExtInECT1Pkts                 0                  0.0
IpExtInECT0Pkts                 0                  0.0
IpExtInCEPkts                   0                  0.0
IpExtReasmOverlaps              0                  0.0
MPTcpExtMPCapableSYNRX          0                  0.0
MPTcpExtMPCapableSYNTX          0                  0.0
MPTcpExtMPCapableSYNACKRX       0                  0.0
MPTcpExtMPCapableACKRX          0                  0.0
MPTcpExtMPCapableFallbackACK    0                  0.0
MPTcpExtMPCapableFallbackSYNACK 0                  0.0
MPTcpExtMPCapableSYNTXDrop      0                  0.0
MPTcpExtMPCapableSYNTXDisabled  0                  0.0
MPTcpExtMPCapableEndpAttempt    0                  0.0
MPTcpExtMPFallbackTokenInit     0                  0.0
MPTcpExtMPTCPRetrans            0                  0.0
MPTcpExtMPJoinNoTokenFound      0                  0.0
MPTcpExtMPJoinSynRx             0                  0.0
MPTcpExtMPJoinSynBackupRx       0                  0.0
MPTcpExtMPJoinSynAckRx          0                  0.0
MPTcpExtMPJoinSynAckBackupRx    0                  0.0
MPTcpExtMPJoinSynAckHMacFailure 0                  0.0
MPTcpExtMPJoinAckRx             0                  0.0
MPTcpExtMPJoinAckHMacFailure    0                  0.0
MPTcpExtMPJoinRejected          0                  0.0
MPTcpExtMPJoinSynTx             0                  0.0
MPTcpExtMPJoinSynTxCreatSkErr   0                  0.0
MPTcpExtMPJoinSynTxBindErr      0                  0.0
MPTcpExtMPJoinSynTxConnectErr   0                  0.0
MPTcpExtDSSNotMatching          0                  0.0
MPTcpExtDSSCorruptionFallback   0                  0.0
MPTcpExtDSSCorruptionReset      0                  0.0
MPTcpExtInfiniteMapTx           0                  0.0
MPTcpExtInfiniteMapRx           0                  0.0
MPTcpExtDSSNoMatchTCP           0                  0.0
MPTcpExtDataCsumErr             0                  0.0
MPTcpExtOFOQueueTail            0                  0.0
MPTcpExtOFOQueue                0                  0.0
MPTcpExtOFOMerge                0                  0.0
MPTcpExtNoDSSInWindow           0                  0.0
MPTcpExtDuplicateData           0                  0.0
MPTcpExtAddAddr                 0                  0.0
MPTcpExtAddAddrTx               0                  0.0
MPTcpExtAddAddrTxDrop           0                  0.0
MPTcpExtEchoAdd                 0                  0.0
MPTcpExtEchoAddTx               0                  0.0
MPTcpExtEchoAddTxDrop           0                  0.0
MPTcpExtPortAdd                 0                  0.0
MPTcpExtAddAddrDrop             0                  0.0
MPTcpExtMPJoinPortSynRx         0                  0.0
MPTcpExtMPJoinPortSynAckRx      0                  0.0
MPTcpExtMPJoinPortAckRx         0                  0.0
MPTcpExtMismatchPortSynRx       0                  0.0
MPTcpExtMismatchPortAckRx       0                  0.0
MPTcpExtRmAddr                  0                  0.0
MPTcpExtRmAddrDrop              0                  0.0
MPTcpExtRmAddrTx                0                  0.0
MPTcpExtRmAddrTxDrop            0                  0.0
MPTcpExtRmSubflow               0                  0.0
MPTcpExtMPPrioTx                0                  0.0
MPTcpExtMPPrioRx                0                  0.0
MPTcpExtMPFailTx                0                  0.0
MPTcpExtMPFailRx                0                  0.0
MPTcpExtMPFastcloseTx           0                  0.0
MPTcpExtMPFastcloseRx           0                  0.0
MPTcpExtMPRstTx                 0                  0.0
MPTcpExtMPRstRx                 0                  0.0
MPTcpExtRcvPruned               0                  0.0
MPTcpExtSubflowStale            0                  0.0
MPTcpExtSubflowRecover          0                  0.0
MPTcpExtSndWndShared            0                  0.0
MPTcpExtRcvWndShared            0                  0.0
MPTcpExtRcvWndConflictUpdate    0                  0.0
MPTcpExtRcvWndConflict          0                  0.0
MPTcpExtMPCurrEstab             0                  0.0
MPTcpExtBlackhole               0                  0.0
MPTcpExtMPCapableDataFallback   0                  0.0
MPTcpExtMD5SigFallback          0                  0.0
MPTcpExtDssFallback             0                  0.0
MPTcpExtSimultConnectFallback   0                  0.0
MPTcpExtFallbackFailed          0                  0.0
---TIMESTAMP 1776689956---
State Recv-Q Send-Q Local Address:Port Peer Address:PortProcess
#kernel
IpInReceives                    133494256          0.0
IpInHdrErrors                   0                  0.0
IpInAddrErrors                  5                  0.0
IpForwDatagrams                 133472301          0.0
IpInUnknownProtos               0                  0.0
IpInDiscards                    0                  0.0
IpInDelivers                    21950              0.0
IpOutRequests                   17080              0.0
IpOutDiscards                   0                  0.0
IpOutNoRoutes                   3                  0.0
IpReasmTimeout                  0                  0.0
IpReasmReqds                    0                  0.0
IpReasmOKs                      0                  0.0
IpReasmFails                    0                  0.0
IpFragOKs                       0                  0.0
IpFragFails                     0                  0.0
IpFragCreates                   0                  0.0
IpOutTransmits                  133489380          0.0
IcmpInMsgs                      3                  0.0
IcmpInErrors                    0                  0.0
IcmpInCsumErrors                0                  0.0
IcmpInDestUnreachs              3                  0.0
IcmpInTimeExcds                 0                  0.0
IcmpInParmProbs                 0                  0.0
IcmpInSrcQuenchs                0                  0.0
IcmpInRedirects                 0                  0.0
IcmpInEchos                     0                  0.0
IcmpInEchoReps                  0                  0.0
IcmpInTimestamps                0                  0.0
IcmpInTimestampReps             0                  0.0
IcmpInAddrMasks                 0                  0.0
IcmpInAddrMaskReps              0                  0.0
IcmpOutMsgs                     3                  0.0
IcmpOutErrors                   0                  0.0
IcmpOutRateLimitGlobal          0                  0.0
IcmpOutRateLimitHost            0                  0.0
IcmpOutDestUnreachs             3                  0.0
IcmpOutTimeExcds                0                  0.0
IcmpOutParmProbs                0                  0.0
IcmpOutSrcQuenchs               0                  0.0
IcmpOutRedirects                0                  0.0
IcmpOutEchos                    0                  0.0
IcmpOutEchoReps                 0                  0.0
IcmpOutTimestamps               0                  0.0
IcmpOutTimestampReps            0                  0.0
IcmpOutAddrMasks                0                  0.0
IcmpOutAddrMaskReps             0                  0.0
IcmpMsgInType3                  3                  0.0
IcmpMsgOutType3                 3                  0.0
TcpActiveOpens                  463                0.0
TcpPassiveOpens                 116                0.0
TcpAttemptFails                 10                 0.0
TcpEstabResets                  11                 0.0
TcpInSegs                       21297              0.0
TcpOutSegs                      16708              0.0
TcpRetransSegs                  61                 0.0
TcpInErrs                       0                  0.0
TcpOutRsts                      25                 0.0
TcpInCsumErrors                 0                  0.0
UdpInDatagrams                  1304               0.0
UdpNoPorts                      3                  0.0
UdpInErrors                     0                  0.0
UdpOutDatagrams                 1307               0.0
UdpRcvbufErrors                 0                  0.0
UdpSndbufErrors                 0                  0.0
UdpInCsumErrors                 0                  0.0
UdpIgnoredMulti                 0                  0.0
UdpMemErrors                    0                  0.0
UdpLiteInDatagrams              0                  0.0
UdpLiteNoPorts                  0                  0.0
UdpLiteInErrors                 0                  0.0
UdpLiteOutDatagrams             0                  0.0
UdpLiteRcvbufErrors             0                  0.0
UdpLiteSndbufErrors             0                  0.0
UdpLiteInCsumErrors             0                  0.0
UdpLiteIgnoredMulti             0                  0.0
UdpLiteMemErrors                0                  0.0
Ip6InReceives                   663                0.0
Ip6InHdrErrors                  0                  0.0
Ip6InTooBigErrors               0                  0.0
Ip6InNoRoutes                   0                  0.0
Ip6InAddrErrors                 0                  0.0
Ip6InUnknownProtos              0                  0.0
Ip6InTruncatedPkts              0                  0.0
Ip6InDiscards                   0                  0.0
Ip6InDelivers                   663                0.0
Ip6OutForwDatagrams             0                  0.0
Ip6OutRequests                  707                0.0
Ip6OutDiscards                  0                  0.0
Ip6OutNoRoutes                  108                0.0
Ip6ReasmTimeout                 0                  0.0
Ip6ReasmReqds                   0                  0.0
Ip6ReasmOKs                     0                  0.0
Ip6ReasmFails                   0                  0.0
Ip6FragOKs                      0                  0.0
Ip6FragFails                    0                  0.0
Ip6FragCreates                  0                  0.0
Ip6InMcastPkts                  0                  0.0
Ip6OutMcastPkts                 44                 0.0
Ip6InOctets                     4933963            0.0
Ip6OutOctets                    4936871            0.0
Ip6InMcastOctets                0                  0.0
Ip6OutMcastOctets               2908               0.0
Ip6InBcastOctets                0                  0.0
Ip6OutBcastOctets               0                  0.0
Ip6InNoECTPkts                  663                0.0
Ip6InECT1Pkts                   0                  0.0
Ip6InECT0Pkts                   0                  0.0
Ip6InCEPkts                     0                  0.0
Ip6OutTransmits                 707                0.0
Icmp6InMsgs                     3                  0.0
Icmp6InErrors                   0                  0.0
Icmp6OutMsgs                    47                 0.0
Icmp6OutErrors                  0                  0.0
Icmp6InCsumErrors               0                  0.0
Icmp6OutRateLimitHost           0                  0.0
Icmp6InDestUnreachs             3                  0.0
Icmp6InPktTooBigs               0                  0.0
Icmp6InTimeExcds                0                  0.0
Icmp6InParmProblems             0                  0.0
Icmp6InEchos                    0                  0.0
Icmp6InEchoReplies              0                  0.0
Icmp6InGroupMembQueries         0                  0.0
Icmp6InGroupMembResponses       0                  0.0
Icmp6InGroupMembReductions      0                  0.0
Icmp6InRouterSolicits           0                  0.0
Icmp6InRouterAdvertisements     0                  0.0
Icmp6InNeighborSolicits         0                  0.0
Icmp6InNeighborAdvertisements   0                  0.0
Icmp6InRedirects                0                  0.0
Icmp6InMLDv2Reports             0                  0.0
Icmp6OutDestUnreachs            3                  0.0
Icmp6OutPktTooBigs              0                  0.0
Icmp6OutTimeExcds               0                  0.0
Icmp6OutParmProblems            0                  0.0
Icmp6OutEchos                   0                  0.0
Icmp6OutEchoReplies             0                  0.0
Icmp6OutGroupMembQueries        0                  0.0
Icmp6OutGroupMembResponses      0                  0.0
Icmp6OutGroupMembReductions     0                  0.0
Icmp6OutRouterSolicits          25                 0.0
Icmp6OutRouterAdvertisements    0                  0.0
Icmp6OutNeighborSolicits        4                  0.0
Icmp6OutNeighborAdvertisements  0                  0.0
Icmp6OutRedirects               0                  0.0
Icmp6OutMLDv2Reports            15                 0.0
Icmp6InType1                    3                  0.0
Icmp6OutType1                   3                  0.0
Icmp6OutType133                 25                 0.0
Icmp6OutType135                 4                  0.0
Icmp6OutType143                 15                 0.0
Udp6InDatagrams                 0                  0.0
Udp6NoPorts                     3                  0.0
Udp6InErrors                    0                  0.0
Udp6OutDatagrams                3                  0.0
Udp6RcvbufErrors                0                  0.0
Udp6SndbufErrors                0                  0.0
Udp6InCsumErrors                0                  0.0
Udp6IgnoredMulti                0                  0.0
Udp6MemErrors                   0                  0.0
UdpLite6InDatagrams             0                  0.0
UdpLite6NoPorts                 0                  0.0
UdpLite6InErrors                0                  0.0
UdpLite6OutDatagrams            0                  0.0
UdpLite6RcvbufErrors            0                  0.0
UdpLite6SndbufErrors            0                  0.0
UdpLite6InCsumErrors            0                  0.0
UdpLite6MemErrors               0                  0.0
TcpExtSyncookiesSent            0                  0.0
TcpExtSyncookiesRecv            0                  0.0
TcpExtSyncookiesFailed          0                  0.0
TcpExtEmbryonicRsts             6                  0.0
TcpExtPruneCalled               1                  0.0
TcpExtRcvPruned                 0                  0.0
TcpExtOfoPruned                 0                  0.0
TcpExtOutOfWindowIcmps          0                  0.0
TcpExtLockDroppedIcmps          0                  0.0
TcpExtArpFilter                 0                  0.0
TcpExtTW                        226                0.0
TcpExtTWRecycled                0                  0.0
TcpExtTWKilled                  0                  0.0
TcpExtPAWSActive                0                  0.0
TcpExtPAWSEstab                 0                  0.0
TcpExtBeyondWindow              0                  0.0
TcpExtTSEcrRejected             0                  0.0
TcpExtPAWSOldAck                0                  0.0
TcpExtPAWSTimewait              0                  0.0
TcpExtDelayedACKs               376                0.0
TcpExtDelayedACKLocked          0                  0.0
TcpExtDelayedACKLost            106                0.0
TcpExtListenOverflows           0                  0.0
TcpExtListenDrops               0                  0.0
TcpExtTCPHPHits                 1432               0.0
TcpExtTCPPureAcks               1471               0.0
TcpExtTCPHPAcks                 1619               0.0
TcpExtTCPRenoRecovery           0                  0.0
TcpExtTCPSackRecovery           0                  0.0
TcpExtTCPSACKReneging           0                  0.0
TcpExtTCPSACKReorder            0                  0.0
TcpExtTCPRenoReorder            0                  0.0
TcpExtTCPTSReorder              0                  0.0
TcpExtTCPFullUndo               0                  0.0
TcpExtTCPPartialUndo            0                  0.0
TcpExtTCPDSACKUndo              0                  0.0
TcpExtTCPLossUndo               0                  0.0
TcpExtTCPLostRetransmit         0                  0.0
TcpExtTCPRenoFailures           0                  0.0
TcpExtTCPSackFailures           0                  0.0
TcpExtTCPLossFailures           0                  0.0
TcpExtTCPFastRetrans            0                  0.0
TcpExtTCPSlowStartRetrans       0                  0.0
TcpExtTCPTimeouts               70                 0.0
TcpExtTCPLossProbes             1                  0.0
TcpExtTCPLossProbeRecovery      0                  0.0
TcpExtTCPRenoRecoveryFail       0                  0.0
TcpExtTCPSackRecoveryFail       0                  0.0
TcpExtTCPRcvCollapsed           26                 0.0
TcpExtTCPBacklogCoalesce        14                 0.0
TcpExtTCPDSACKOldSent           106                0.0
TcpExtTCPDSACKOfoSent           0                  0.0
TcpExtTCPDSACKRecv              0                  0.0
TcpExtTCPDSACKOfoRecv           0                  0.0
TcpExtTCPAbortOnData            4                  0.0
TcpExtTCPAbortOnClose           6                  0.0
TcpExtTCPAbortOnMemory          0                  0.0
TcpExtTCPAbortOnTimeout         0                  0.0
TcpExtTCPAbortOnLinger          0                  0.0
TcpExtTCPAbortFailed            0                  0.0
TcpExtTCPMemoryPressures        0                  0.0
TcpExtTCPMemoryPressuresChrono  0                  0.0
TcpExtTCPSACKDiscard            0                  0.0
TcpExtTCPDSACKIgnoredOld        0                  0.0
TcpExtTCPDSACKIgnoredNoUndo     0                  0.0
TcpExtTCPSpuriousRTOs           0                  0.0
TcpExtTCPMD5NotFound            0                  0.0
TcpExtTCPMD5Unexpected          0                  0.0
TcpExtTCPMD5Failure             0                  0.0
TcpExtTCPSackShifted            0                  0.0
TcpExtTCPSackMerged             0                  0.0
TcpExtTCPSackShiftFallback      0                  0.0
TcpExtTCPBacklogDrop            0                  0.0
TcpExtPFMemallocDrop            0                  0.0
TcpExtTCPMinTTLDrop             0                  0.0
TcpExtTCPDeferAcceptDrop        0                  0.0
TcpExtIPReversePathFilter       0                  0.0
TcpExtTCPTimeWaitOverflow       0                  0.0
TcpExtTCPReqQFullDoCookies      0                  0.0
TcpExtTCPReqQFullDrop           0                  0.0
TcpExtTCPRetransFail            0                  0.0
TcpExtTCPRcvCoalesce            1228               0.0
TcpExtTCPOFOQueue               0                  0.0
TcpExtTCPOFODrop                0                  0.0
TcpExtTCPOFOMerge               0                  0.0
TcpExtTCPChallengeACK           0                  0.0
TcpExtTCPSYNChallenge           0                  0.0
TcpExtTCPFastOpenActive         0                  0.0
TcpExtTCPFastOpenActiveFail     0                  0.0
TcpExtTCPFastOpenPassive        0                  0.0
TcpExtTCPFastOpenPassiveFail    0                  0.0
TcpExtTCPFastOpenListenOverflow 0                  0.0
TcpExtTCPFastOpenCookieReqd     0                  0.0
TcpExtTCPFastOpenBlackhole      0                  0.0
TcpExtTCPSpuriousRtxHostQueues  0                  0.0
TcpExtBusyPollRxPackets         0                  0.0
TcpExtTCPAutoCorking            20                 0.0
TcpExtTCPFromZeroWindowAdv      106                0.0
TcpExtTCPToZeroWindowAdv        106                0.0
TcpExtTCPWantZeroWindowAdv      6                  0.0
TcpExtTCPSynRetrans             60                 0.0
TcpExtTCPOrigDataSent           3762               0.0
TcpExtTCPHystartTrainDetect     0                  0.0
TcpExtTCPHystartTrainCwnd       0                  0.0
TcpExtTCPHystartDelayDetect     0                  0.0
TcpExtTCPHystartDelayCwnd       0                  0.0
TcpExtTCPACKSkippedSynRecv      0                  0.0
TcpExtTCPACKSkippedPAWS         0                  0.0
TcpExtTCPACKSkippedSeq          0                  0.0
TcpExtTCPACKSkippedFinWait2     0                  0.0
TcpExtTCPACKSkippedTimeWait     0                  0.0
TcpExtTCPACKSkippedChallenge    0                  0.0
TcpExtTCPWinProbe               0                  0.0
TcpExtTCPKeepAlive              15                 0.0
TcpExtTCPMTUPFail               0                  0.0
TcpExtTCPMTUPSuccess            0                  0.0
TcpExtTCPDelivered              4212               0.0
TcpExtTCPDeliveredCE            0                  0.0
TcpExtTCPAckCompressed          0                  0.0
TcpExtTCPZeroWindowDrop         0                  0.0
TcpExtTCPRcvQDrop               0                  0.0
TcpExtTCPWqueueTooBig           0                  0.0
TcpExtTCPFastOpenPassiveAltKey  0                  0.0
TcpExtTcpTimeoutRehash          0                  0.0
TcpExtTcpDuplicateDataRehash    0                  0.0
TcpExtTCPDSACKRecvSegs          0                  0.0
TcpExtTCPDSACKIgnoredDubious    0                  0.0
TcpExtTCPMigrateReqSuccess      0                  0.0
TcpExtTCPMigrateReqFailure      0                  0.0
TcpExtTCPPLBRehash              0                  0.0
TcpExtTCPAORequired             0                  0.0
TcpExtTCPAOBad                  0                  0.0
TcpExtTCPAOKeyNotFound          0                  0.0
TcpExtTCPAOGood                 0                  0.0
TcpExtTCPAODroppedIcmps         0                  0.0
IpExtInNoRoutes                 0                  0.0
IpExtInTruncatedPkts            0                  0.0
IpExtInMcastPkts                0                  0.0
IpExtOutMcastPkts               4                  0.0
IpExtInBcastPkts                0                  0.0
IpExtOutBcastPkts               0                  0.0
IpExtInOctets                   148112914381       0.0
IpExtOutOctets                  147722303140       0.0
IpExtInMcastOctets              0                  0.0
IpExtOutMcastOctets             160                0.0
IpExtInBcastOctets              0                  0.0
IpExtOutBcastOctets             0                  0.0
IpExtInCsumErrors               0                  0.0
IpExtInNoECTPkts                188820033          0.0
IpExtInECT1Pkts                 0                  0.0
IpExtInECT0Pkts                 0                  0.0
IpExtInCEPkts                   0                  0.0
IpExtReasmOverlaps              0                  0.0
MPTcpExtMPCapableSYNRX          0                  0.0
MPTcpExtMPCapableSYNTX          0                  0.0
MPTcpExtMPCapableSYNACKRX       0                  0.0
MPTcpExtMPCapableACKRX          0                  0.0
MPTcpExtMPCapableFallbackACK    0                  0.0
MPTcpExtMPCapableFallbackSYNACK 0                  0.0
MPTcpExtMPCapableSYNTXDrop      0                  0.0
MPTcpExtMPCapableSYNTXDisabled  0                  0.0
MPTcpExtMPCapableEndpAttempt    0                  0.0
MPTcpExtMPFallbackTokenInit     0                  0.0
MPTcpExtMPTCPRetrans            0                  0.0
MPTcpExtMPJoinNoTokenFound      0                  0.0
MPTcpExtMPJoinSynRx             0                  0.0
MPTcpExtMPJoinSynBackupRx       0                  0.0
MPTcpExtMPJoinSynAckRx          0                  0.0
MPTcpExtMPJoinSynAckBackupRx    0                  0.0
MPTcpExtMPJoinSynAckHMacFailure 0                  0.0
MPTcpExtMPJoinAckRx             0                  0.0
MPTcpExtMPJoinAckHMacFailure    0                  0.0
MPTcpExtMPJoinRejected          0                  0.0
MPTcpExtMPJoinSynTx             0                  0.0
MPTcpExtMPJoinSynTxCreatSkErr   0                  0.0
MPTcpExtMPJoinSynTxBindErr      0                  0.0
MPTcpExtMPJoinSynTxConnectErr   0                  0.0
MPTcpExtDSSNotMatching          0                  0.0
MPTcpExtDSSCorruptionFallback   0                  0.0
MPTcpExtDSSCorruptionReset      0                  0.0
MPTcpExtInfiniteMapTx           0                  0.0
MPTcpExtInfiniteMapRx           0                  0.0
MPTcpExtDSSNoMatchTCP           0                  0.0
MPTcpExtDataCsumErr             0                  0.0
MPTcpExtOFOQueueTail            0                  0.0
MPTcpExtOFOQueue                0                  0.0
MPTcpExtOFOMerge                0                  0.0
MPTcpExtNoDSSInWindow           0                  0.0
MPTcpExtDuplicateData           0                  0.0
MPTcpExtAddAddr                 0                  0.0
MPTcpExtAddAddrTx               0                  0.0
MPTcpExtAddAddrTxDrop           0                  0.0
MPTcpExtEchoAdd                 0                  0.0
MPTcpExtEchoAddTx               0                  0.0
MPTcpExtEchoAddTxDrop           0                  0.0
MPTcpExtPortAdd                 0                  0.0
MPTcpExtAddAddrDrop             0                  0.0
MPTcpExtMPJoinPortSynRx         0                  0.0
MPTcpExtMPJoinPortSynAckRx      0                  0.0
MPTcpExtMPJoinPortAckRx         0                  0.0
MPTcpExtMismatchPortSynRx       0                  0.0
MPTcpExtMismatchPortAckRx       0                  0.0
MPTcpExtRmAddr                  0                  0.0
MPTcpExtRmAddrDrop              0                  0.0
MPTcpExtRmAddrTx                0                  0.0
MPTcpExtRmAddrTxDrop            0                  0.0
MPTcpExtRmSubflow               0                  0.0
MPTcpExtMPPrioTx                0                  0.0
MPTcpExtMPPrioRx                0                  0.0
MPTcpExtMPFailTx                0                  0.0
MPTcpExtMPFailRx                0                  0.0
MPTcpExtMPFastcloseTx           0                  0.0
MPTcpExtMPFastcloseRx           0                  0.0
MPTcpExtMPRstTx                 0                  0.0
MPTcpExtMPRstRx                 0                  0.0
MPTcpExtRcvPruned               0                  0.0
MPTcpExtSubflowStale            0                  0.0
MPTcpExtSubflowRecover          0                  0.0
MPTcpExtSndWndShared            0                  0.0
MPTcpExtRcvWndShared            0                  0.0
MPTcpExtRcvWndConflictUpdate    0                  0.0
MPTcpExtRcvWndConflict          0                  0.0
MPTcpExtMPCurrEstab             0                  0.0
MPTcpExtBlackhole               0                  0.0
MPTcpExtMPCapableDataFallback   0                  0.0
MPTcpExtMD5SigFallback          0                  0.0
MPTcpExtDssFallback             0                  0.0
MPTcpExtSimultConnectFallback   0                  0.0
MPTcpExtFallbackFailed          0                  0.0
---TIMESTAMP 1776689962---
State Recv-Q Send-Q Local Address:Port Peer Address:PortProcess
#kernel
IpInReceives                    133763733          0.0
IpInHdrErrors                   0                  0.0
IpInAddrErrors                  5                  0.0
IpForwDatagrams                 133741739          0.0
IpInUnknownProtos               0                  0.0
IpInDiscards                    0                  0.0
IpInDelivers                    21989              0.0
IpOutRequests                   17121              0.0
IpOutDiscards                   0                  0.0
IpOutNoRoutes                   3                  0.0
IpReasmTimeout                  0                  0.0
IpReasmReqds                    0                  0.0
IpReasmOKs                      0                  0.0
IpReasmFails                    0                  0.0
IpFragOKs                       0                  0.0
IpFragFails                     0                  0.0
IpFragCreates                   0                  0.0
IpOutTransmits                  133758859          0.0
IcmpInMsgs                      3                  0.0
IcmpInErrors                    0                  0.0
IcmpInCsumErrors                0                  0.0
IcmpInDestUnreachs              3                  0.0
IcmpInTimeExcds                 0                  0.0
IcmpInParmProbs                 0                  0.0
IcmpInSrcQuenchs                0                  0.0
IcmpInRedirects                 0                  0.0
IcmpInEchos                     0                  0.0
IcmpInEchoReps                  0                  0.0
IcmpInTimestamps                0                  0.0
IcmpInTimestampReps             0                  0.0
IcmpInAddrMasks                 0                  0.0
IcmpInAddrMaskReps              0                  0.0
IcmpOutMsgs                     3                  0.0
IcmpOutErrors                   0                  0.0
IcmpOutRateLimitGlobal          0                  0.0
IcmpOutRateLimitHost            0                  0.0
IcmpOutDestUnreachs             3                  0.0
IcmpOutTimeExcds                0                  0.0
IcmpOutParmProbs                0                  0.0
IcmpOutSrcQuenchs               0                  0.0
IcmpOutRedirects                0                  0.0
IcmpOutEchos                    0                  0.0
IcmpOutEchoReps                 0                  0.0
IcmpOutTimestamps               0                  0.0
IcmpOutTimestampReps            0                  0.0
IcmpOutAddrMasks                0                  0.0
IcmpOutAddrMaskReps             0                  0.0
IcmpMsgInType3                  3                  0.0
IcmpMsgOutType3                 3                  0.0
TcpActiveOpens                  465                0.0
TcpPassiveOpens                 117                0.0
TcpAttemptFails                 10                 0.0
TcpEstabResets                  11                 0.0
TcpInSegs                       21404              0.0
TcpOutSegs                      16817              0.0
TcpRetransSegs                  61                 0.0
TcpInErrs                       0                  0.0
TcpOutRsts                      25                 0.0
TcpInCsumErrors                 0                  0.0
UdpInDatagrams                  1305               0.0
UdpNoPorts                      3                  0.0
UdpInErrors                     0                  0.0
UdpOutDatagrams                 1308               0.0
UdpRcvbufErrors                 0                  0.0
UdpSndbufErrors                 0                  0.0
UdpInCsumErrors                 0                  0.0
UdpIgnoredMulti                 0                  0.0
UdpMemErrors                    0                  0.0
UdpLiteInDatagrams              0                  0.0
UdpLiteNoPorts                  0                  0.0
UdpLiteInErrors                 0                  0.0
UdpLiteOutDatagrams             0                  0.0
UdpLiteRcvbufErrors             0                  0.0
UdpLiteSndbufErrors             0                  0.0
UdpLiteInCsumErrors             0                  0.0
UdpLiteIgnoredMulti             0                  0.0
UdpLiteMemErrors                0                  0.0
Ip6InReceives                   732                0.0
Ip6InHdrErrors                  0                  0.0
Ip6InTooBigErrors               0                  0.0
Ip6InNoRoutes                   0                  0.0
Ip6InAddrErrors                 0                  0.0
Ip6InUnknownProtos              0                  0.0
Ip6InTruncatedPkts              0                  0.0
Ip6InDiscards                   0                  0.0
Ip6InDelivers                   732                0.0
Ip6OutForwDatagrams             0                  0.0
Ip6OutRequests                  776                0.0
Ip6OutDiscards                  0                  0.0
Ip6OutNoRoutes                  108                0.0
Ip6ReasmTimeout                 0                  0.0
Ip6ReasmReqds                   0                  0.0
Ip6ReasmOKs                     0                  0.0
Ip6ReasmFails                   0                  0.0
Ip6FragOKs                      0                  0.0
Ip6FragFails                    0                  0.0
Ip6FragCreates                  0                  0.0
Ip6InMcastPkts                  0                  0.0
Ip6OutMcastPkts                 44                 0.0
Ip6InOctets                     5420815            0.0
Ip6OutOctets                    5423723            0.0
Ip6InMcastOctets                0                  0.0
Ip6OutMcastOctets               2908               0.0
Ip6InBcastOctets                0                  0.0
Ip6OutBcastOctets               0                  0.0
Ip6InNoECTPkts                  732                0.0
Ip6InECT1Pkts                   0                  0.0
Ip6InECT0Pkts                   0                  0.0
Ip6InCEPkts                     0                  0.0
Ip6OutTransmits                 776                0.0
Icmp6InMsgs                     3                  0.0
Icmp6InErrors                   0                  0.0
Icmp6OutMsgs                    47                 0.0
Icmp6OutErrors                  0                  0.0
Icmp6InCsumErrors               0                  0.0
Icmp6OutRateLimitHost           0                  0.0
Icmp6InDestUnreachs             3                  0.0
Icmp6InPktTooBigs               0                  0.0
Icmp6InTimeExcds                0                  0.0
Icmp6InParmProblems             0                  0.0
Icmp6InEchos                    0                  0.0
Icmp6InEchoReplies              0                  0.0
Icmp6InGroupMembQueries         0                  0.0
Icmp6InGroupMembResponses       0                  0.0
Icmp6InGroupMembReductions      0                  0.0
Icmp6InRouterSolicits           0                  0.0
Icmp6InRouterAdvertisements     0                  0.0
Icmp6InNeighborSolicits         0                  0.0
Icmp6InNeighborAdvertisements   0                  0.0
Icmp6InRedirects                0                  0.0
Icmp6InMLDv2Reports             0                  0.0
Icmp6OutDestUnreachs            3                  0.0
Icmp6OutPktTooBigs              0                  0.0
Icmp6OutTimeExcds               0                  0.0
Icmp6OutParmProblems            0                  0.0
Icmp6OutEchos                   0                  0.0
Icmp6OutEchoReplies             0                  0.0
Icmp6OutGroupMembQueries        0                  0.0
Icmp6OutGroupMembResponses      0                  0.0
Icmp6OutGroupMembReductions     0                  0.0
Icmp6OutRouterSolicits          25                 0.0
Icmp6OutRouterAdvertisements    0                  0.0
Icmp6OutNeighborSolicits        4                  0.0
Icmp6OutNeighborAdvertisements  0                  0.0
Icmp6OutRedirects               0                  0.0
Icmp6OutMLDv2Reports            15                 0.0
Icmp6InType1                    3                  0.0
Icmp6OutType1                   3                  0.0
Icmp6OutType133                 25                 0.0
Icmp6OutType135                 4                  0.0
Icmp6OutType143                 15                 0.0
Udp6InDatagrams                 0                  0.0
Udp6NoPorts                     3                  0.0
Udp6InErrors                    0                  0.0
Udp6OutDatagrams                3                  0.0
Udp6RcvbufErrors                0                  0.0
Udp6SndbufErrors                0                  0.0
Udp6InCsumErrors                0                  0.0
Udp6IgnoredMulti                0                  0.0
Udp6MemErrors                   0                  0.0
UdpLite6InDatagrams             0                  0.0
UdpLite6NoPorts                 0                  0.0
UdpLite6InErrors                0                  0.0
UdpLite6OutDatagrams            0                  0.0
UdpLite6RcvbufErrors            0                  0.0
UdpLite6SndbufErrors            0                  0.0
UdpLite6InCsumErrors            0                  0.0
UdpLite6MemErrors               0                  0.0
TcpExtSyncookiesSent            0                  0.0
TcpExtSyncookiesRecv            0                  0.0
TcpExtSyncookiesFailed          0                  0.0
TcpExtEmbryonicRsts             6                  0.0
TcpExtPruneCalled               1                  0.0
TcpExtRcvPruned                 0                  0.0
TcpExtOfoPruned                 0                  0.0
TcpExtOutOfWindowIcmps          0                  0.0
TcpExtLockDroppedIcmps          0                  0.0
TcpExtArpFilter                 0                  0.0
TcpExtTW                        228                0.0
TcpExtTWRecycled                0                  0.0
TcpExtTWKilled                  0                  0.0
TcpExtPAWSActive                0                  0.0
TcpExtPAWSEstab                 0                  0.0
TcpExtBeyondWindow              0                  0.0
TcpExtTSEcrRejected             0                  0.0
TcpExtPAWSOldAck                0                  0.0
TcpExtPAWSTimewait              0                  0.0
TcpExtDelayedACKs               376                0.0
TcpExtDelayedACKLocked          0                  0.0
TcpExtDelayedACKLost            106                0.0
TcpExtListenOverflows           0                  0.0
TcpExtListenDrops               0                  0.0
TcpExtTCPHPHits                 1434               0.0
TcpExtTCPPureAcks               1482               0.0
TcpExtTCPHPAcks                 1642               0.0
TcpExtTCPRenoRecovery           0                  0.0
TcpExtTCPSackRecovery           0                  0.0
TcpExtTCPSACKReneging           0                  0.0
TcpExtTCPSACKReorder            0                  0.0
TcpExtTCPRenoReorder            0                  0.0
TcpExtTCPTSReorder              0                  0.0
TcpExtTCPFullUndo               0                  0.0
TcpExtTCPPartialUndo            0                  0.0
TcpExtTCPDSACKUndo              0                  0.0
TcpExtTCPLossUndo               0                  0.0
TcpExtTCPLostRetransmit         0                  0.0
TcpExtTCPRenoFailures           0                  0.0
TcpExtTCPSackFailures           0                  0.0
TcpExtTCPLossFailures           0                  0.0
TcpExtTCPFastRetrans            0                  0.0
TcpExtTCPSlowStartRetrans       0                  0.0
TcpExtTCPTimeouts               70                 0.0
TcpExtTCPLossProbes             1                  0.0
TcpExtTCPLossProbeRecovery      0                  0.0
TcpExtTCPRenoRecoveryFail       0                  0.0
TcpExtTCPSackRecoveryFail       0                  0.0
TcpExtTCPRcvCollapsed           26                 0.0
TcpExtTCPBacklogCoalesce        14                 0.0
TcpExtTCPDSACKOldSent           106                0.0
TcpExtTCPDSACKOfoSent           0                  0.0
TcpExtTCPDSACKRecv              0                  0.0
TcpExtTCPDSACKOfoRecv           0                  0.0
TcpExtTCPAbortOnData            4                  0.0
TcpExtTCPAbortOnClose           6                  0.0
TcpExtTCPAbortOnMemory          0                  0.0
TcpExtTCPAbortOnTimeout         0                  0.0
TcpExtTCPAbortOnLinger          0                  0.0
TcpExtTCPAbortFailed            0                  0.0
TcpExtTCPMemoryPressures        0                  0.0
TcpExtTCPMemoryPressuresChrono  0                  0.0
TcpExtTCPSACKDiscard            0                  0.0
TcpExtTCPDSACKIgnoredOld        0                  0.0
TcpExtTCPDSACKIgnoredNoUndo     0                  0.0
TcpExtTCPSpuriousRTOs           0                  0.0
TcpExtTCPMD5NotFound            0                  0.0
TcpExtTCPMD5Unexpected          0                  0.0
TcpExtTCPMD5Failure             0                  0.0
TcpExtTCPSackShifted            0                  0.0
TcpExtTCPSackMerged             0                  0.0
TcpExtTCPSackShiftFallback      0                  0.0
TcpExtTCPBacklogDrop            0                  0.0
TcpExtPFMemallocDrop            0                  0.0
TcpExtTCPMinTTLDrop             0                  0.0
TcpExtTCPDeferAcceptDrop        0                  0.0
TcpExtIPReversePathFilter       0                  0.0
TcpExtTCPTimeWaitOverflow       0                  0.0
TcpExtTCPReqQFullDoCookies      0                  0.0
TcpExtTCPReqQFullDrop           0                  0.0
TcpExtTCPRetransFail            0                  0.0
TcpExtTCPRcvCoalesce            1229               0.0
TcpExtTCPOFOQueue               0                  0.0
TcpExtTCPOFODrop                0                  0.0
TcpExtTCPOFOMerge               0                  0.0
TcpExtTCPChallengeACK           0                  0.0
TcpExtTCPSYNChallenge           0                  0.0
TcpExtTCPFastOpenActive         0                  0.0
TcpExtTCPFastOpenActiveFail     0                  0.0
TcpExtTCPFastOpenPassive        0                  0.0
TcpExtTCPFastOpenPassiveFail    0                  0.0
TcpExtTCPFastOpenListenOverflow 0                  0.0
TcpExtTCPFastOpenCookieReqd     0                  0.0
TcpExtTCPFastOpenBlackhole      0                  0.0
TcpExtTCPSpuriousRtxHostQueues  0                  0.0
TcpExtBusyPollRxPackets         0                  0.0
TcpExtTCPAutoCorking            20                 0.0
TcpExtTCPFromZeroWindowAdv      106                0.0
TcpExtTCPToZeroWindowAdv        106                0.0
TcpExtTCPWantZeroWindowAdv      6                  0.0
TcpExtTCPSynRetrans             60                 0.0
TcpExtTCPOrigDataSent           3798               0.0
TcpExtTCPHystartTrainDetect     0                  0.0
TcpExtTCPHystartTrainCwnd       0                  0.0
TcpExtTCPHystartDelayDetect     0                  0.0
TcpExtTCPHystartDelayCwnd       0                  0.0
TcpExtTCPACKSkippedSynRecv      0                  0.0
TcpExtTCPACKSkippedPAWS         0                  0.0
TcpExtTCPACKSkippedSeq          0                  0.0
TcpExtTCPACKSkippedFinWait2     0                  0.0
TcpExtTCPACKSkippedTimeWait     0                  0.0
TcpExtTCPACKSkippedChallenge    0                  0.0
TcpExtTCPWinProbe               0                  0.0
TcpExtTCPKeepAlive              15                 0.0
TcpExtTCPMTUPFail               0                  0.0
TcpExtTCPMTUPSuccess            0                  0.0
TcpExtTCPDelivered              4250               0.0
TcpExtTCPDeliveredCE            0                  0.0
TcpExtTCPAckCompressed          0                  0.0
TcpExtTCPZeroWindowDrop         0                  0.0
TcpExtTCPRcvQDrop               0                  0.0
TcpExtTCPWqueueTooBig           0                  0.0
TcpExtTCPFastOpenPassiveAltKey  0                  0.0
TcpExtTcpTimeoutRehash          0                  0.0
TcpExtTcpDuplicateDataRehash    0                  0.0
TcpExtTCPDSACKRecvSegs          0                  0.0
TcpExtTCPDSACKIgnoredDubious    0                  0.0
TcpExtTCPMigrateReqSuccess      0                  0.0
TcpExtTCPMigrateReqFailure      0                  0.0
TcpExtTCPPLBRehash              0                  0.0
TcpExtTCPAORequired             0                  0.0
TcpExtTCPAOBad                  0                  0.0
TcpExtTCPAOKeyNotFound          0                  0.0
TcpExtTCPAOGood                 0                  0.0
TcpExtTCPAODroppedIcmps         0                  0.0
IpExtInNoRoutes                 0                  0.0
IpExtInTruncatedPkts            0                  0.0
IpExtInMcastPkts                0                  0.0
IpExtOutMcastPkts               4                  0.0
IpExtInBcastPkts                0                  0.0
IpExtOutBcastPkts               0                  0.0
IpExtInOctets                   148537233958       0.0
IpExtOutOctets                  148146141315       0.0
IpExtInMcastOctets              0                  0.0
IpExtOutMcastOctets             160                0.0
IpExtInBcastOctets              0                  0.0
IpExtOutBcastOctets             0                  0.0
IpExtInCsumErrors               0                  0.0
IpExtInNoECTPkts                189248409          0.0
IpExtInECT1Pkts                 0                  0.0
IpExtInECT0Pkts                 0                  0.0
IpExtInCEPkts                   0                  0.0
IpExtReasmOverlaps              0                  0.0
MPTcpExtMPCapableSYNRX          0                  0.0
MPTcpExtMPCapableSYNTX          0                  0.0
MPTcpExtMPCapableSYNACKRX       0                  0.0
MPTcpExtMPCapableACKRX          0                  0.0
MPTcpExtMPCapableFallbackACK    0                  0.0
MPTcpExtMPCapableFallbackSYNACK 0                  0.0
MPTcpExtMPCapableSYNTXDrop      0                  0.0
MPTcpExtMPCapableSYNTXDisabled  0                  0.0
MPTcpExtMPCapableEndpAttempt    0                  0.0
MPTcpExtMPFallbackTokenInit     0                  0.0
MPTcpExtMPTCPRetrans            0                  0.0
MPTcpExtMPJoinNoTokenFound      0                  0.0
MPTcpExtMPJoinSynRx             0                  0.0
MPTcpExtMPJoinSynBackupRx       0                  0.0
MPTcpExtMPJoinSynAckRx          0                  0.0
MPTcpExtMPJoinSynAckBackupRx    0                  0.0
MPTcpExtMPJoinSynAckHMacFailure 0                  0.0
MPTcpExtMPJoinAckRx             0                  0.0
MPTcpExtMPJoinAckHMacFailure    0                  0.0
MPTcpExtMPJoinRejected          0                  0.0
MPTcpExtMPJoinSynTx             0                  0.0
MPTcpExtMPJoinSynTxCreatSkErr   0                  0.0
MPTcpExtMPJoinSynTxBindErr      0                  0.0
MPTcpExtMPJoinSynTxConnectErr   0                  0.0
MPTcpExtDSSNotMatching          0                  0.0
MPTcpExtDSSCorruptionFallback   0                  0.0
MPTcpExtDSSCorruptionReset      0                  0.0
MPTcpExtInfiniteMapTx           0                  0.0
MPTcpExtInfiniteMapRx           0                  0.0
MPTcpExtDSSNoMatchTCP           0                  0.0
MPTcpExtDataCsumErr             0                  0.0
MPTcpExtOFOQueueTail            0                  0.0
MPTcpExtOFOQueue                0                  0.0
MPTcpExtOFOMerge                0                  0.0
MPTcpExtNoDSSInWindow           0                  0.0
MPTcpExtDuplicateData           0                  0.0
MPTcpExtAddAddr                 0                  0.0
MPTcpExtAddAddrTx               0                  0.0
MPTcpExtAddAddrTxDrop           0                  0.0
MPTcpExtEchoAdd                 0                  0.0
MPTcpExtEchoAddTx               0                  0.0
MPTcpExtEchoAddTxDrop           0                  0.0
MPTcpExtPortAdd                 0                  0.0
MPTcpExtAddAddrDrop             0                  0.0
MPTcpExtMPJoinPortSynRx         0                  0.0
MPTcpExtMPJoinPortSynAckRx      0                  0.0
MPTcpExtMPJoinPortAckRx         0                  0.0
MPTcpExtMismatchPortSynRx       0                  0.0
MPTcpExtMismatchPortAckRx       0                  0.0
MPTcpExtRmAddr                  0                  0.0
MPTcpExtRmAddrDrop              0                  0.0
MPTcpExtRmAddrTx                0                  0.0
MPTcpExtRmAddrTxDrop            0                  0.0
MPTcpExtRmSubflow               0                  0.0
MPTcpExtMPPrioTx                0                  0.0
MPTcpExtMPPrioRx                0                  0.0
MPTcpExtMPFailTx                0                  0.0
MPTcpExtMPFailRx                0                  0.0
MPTcpExtMPFastcloseTx           0                  0.0
MPTcpExtMPFastcloseRx           0                  0.0
MPTcpExtMPRstTx                 0                  0.0
MPTcpExtMPRstRx                 0                  0.0
MPTcpExtRcvPruned               0                  0.0
MPTcpExtSubflowStale            0                  0.0
MPTcpExtSubflowRecover          0                  0.0
MPTcpExtSndWndShared            0                  0.0
MPTcpExtRcvWndShared            0                  0.0
MPTcpExtRcvWndConflictUpdate    0                  0.0
MPTcpExtRcvWndConflict          0                  0.0
MPTcpExtMPCurrEstab             0                  0.0
MPTcpExtBlackhole               0                  0.0
MPTcpExtMPCapableDataFallback   0                  0.0
MPTcpExtMD5SigFallback          0                  0.0
MPTcpExtDssFallback             0                  0.0
MPTcpExtSimultConnectFallback   0                  0.0
MPTcpExtFallbackFailed          0                  0.0
---TIMESTAMP 1776689967---
State Recv-Q Send-Q Local Address:Port Peer Address:PortProcess
#kernel
IpInReceives                    134028901          0.0
IpInHdrErrors                   0                  0.0
IpInAddrErrors                  5                  0.0
IpForwDatagrams                 134006869          0.0
IpInUnknownProtos               0                  0.0
IpInDiscards                    0                  0.0
IpInDelivers                    22027              0.0
IpOutRequests                   17161              0.0
IpOutDiscards                   0                  0.0
IpOutNoRoutes                   3                  0.0
IpReasmTimeout                  0                  0.0
IpReasmReqds                    0                  0.0
IpReasmOKs                      0                  0.0
IpReasmFails                    0                  0.0
IpFragOKs                       0                  0.0
IpFragFails                     0                  0.0
IpFragCreates                   0                  0.0
IpOutTransmits                  134024030          0.0
IcmpInMsgs                      3                  0.0
IcmpInErrors                    0                  0.0
IcmpInCsumErrors                0                  0.0
IcmpInDestUnreachs              3                  0.0
IcmpInTimeExcds                 0                  0.0
IcmpInParmProbs                 0                  0.0
IcmpInSrcQuenchs                0                  0.0
IcmpInRedirects                 0                  0.0
IcmpInEchos                     0                  0.0
IcmpInEchoReps                  0                  0.0
IcmpInTimestamps                0                  0.0
IcmpInTimestampReps             0                  0.0
IcmpInAddrMasks                 0                  0.0
IcmpInAddrMaskReps              0                  0.0
IcmpOutMsgs                     3                  0.0
IcmpOutErrors                   0                  0.0
IcmpOutRateLimitGlobal          0                  0.0
IcmpOutRateLimitHost            0                  0.0
IcmpOutDestUnreachs             3                  0.0
IcmpOutTimeExcds                0                  0.0
IcmpOutParmProbs                0                  0.0
IcmpOutSrcQuenchs               0                  0.0
IcmpOutRedirects                0                  0.0
IcmpOutEchos                    0                  0.0
IcmpOutEchoReps                 0                  0.0
IcmpOutTimestamps               0                  0.0
IcmpOutTimestampReps            0                  0.0
IcmpOutAddrMasks                0                  0.0
IcmpOutAddrMaskReps             0                  0.0
IcmpMsgInType3                  3                  0.0
IcmpMsgOutType3                 3                  0.0
TcpActiveOpens                  467                0.0
TcpPassiveOpens                 118                0.0
TcpAttemptFails                 10                 0.0
TcpEstabResets                  11                 0.0
TcpInSegs                       21511              0.0
TcpOutSegs                      16926              0.0
TcpRetransSegs                  61                 0.0
TcpInErrs                       0                  0.0
TcpOutRsts                      25                 0.0
TcpInCsumErrors                 0                  0.0
UdpInDatagrams                  1305               0.0
UdpNoPorts                      3                  0.0
UdpInErrors                     0                  0.0
UdpOutDatagrams                 1308               0.0
UdpRcvbufErrors                 0                  0.0
UdpSndbufErrors                 0                  0.0
UdpInCsumErrors                 0                  0.0
UdpIgnoredMulti                 0                  0.0
UdpMemErrors                    0                  0.0
UdpLiteInDatagrams              0                  0.0
UdpLiteNoPorts                  0                  0.0
UdpLiteInErrors                 0                  0.0
UdpLiteOutDatagrams             0                  0.0
UdpLiteRcvbufErrors             0                  0.0
UdpLiteSndbufErrors             0                  0.0
UdpLiteInCsumErrors             0                  0.0
UdpLiteIgnoredMulti             0                  0.0
UdpLiteMemErrors                0                  0.0
Ip6InReceives                   801                0.0
Ip6InHdrErrors                  0                  0.0
Ip6InTooBigErrors               0                  0.0
Ip6InNoRoutes                   0                  0.0
Ip6InAddrErrors                 0                  0.0
Ip6InUnknownProtos              0                  0.0
Ip6InTruncatedPkts              0                  0.0
Ip6InDiscards                   0                  0.0
Ip6InDelivers                   801                0.0
Ip6OutForwDatagrams             0                  0.0
Ip6OutRequests                  845                0.0
Ip6OutDiscards                  0                  0.0
Ip6OutNoRoutes                  108                0.0
Ip6ReasmTimeout                 0                  0.0
Ip6ReasmReqds                   0                  0.0
Ip6ReasmOKs                     0                  0.0
Ip6ReasmFails                   0                  0.0
Ip6FragOKs                      0                  0.0
Ip6FragFails                    0                  0.0
Ip6FragCreates                  0                  0.0
Ip6InMcastPkts                  0                  0.0
Ip6OutMcastPkts                 44                 0.0
Ip6InOctets                     5907670            0.0
Ip6OutOctets                    5910578            0.0
Ip6InMcastOctets                0                  0.0
Ip6OutMcastOctets               2908               0.0
Ip6InBcastOctets                0                  0.0
Ip6OutBcastOctets               0                  0.0
Ip6InNoECTPkts                  801                0.0
Ip6InECT1Pkts                   0                  0.0
Ip6InECT0Pkts                   0                  0.0
Ip6InCEPkts                     0                  0.0
Ip6OutTransmits                 845                0.0
Icmp6InMsgs                     3                  0.0
Icmp6InErrors                   0                  0.0
Icmp6OutMsgs                    47                 0.0
Icmp6OutErrors                  0                  0.0
Icmp6InCsumErrors               0                  0.0
Icmp6OutRateLimitHost           0                  0.0
Icmp6InDestUnreachs             3                  0.0
Icmp6InPktTooBigs               0                  0.0
Icmp6InTimeExcds                0                  0.0
Icmp6InParmProblems             0                  0.0
Icmp6InEchos                    0                  0.0
Icmp6InEchoReplies              0                  0.0
Icmp6InGroupMembQueries         0                  0.0
Icmp6InGroupMembResponses       0                  0.0
Icmp6InGroupMembReductions      0                  0.0
Icmp6InRouterSolicits           0                  0.0
Icmp6InRouterAdvertisements     0                  0.0
Icmp6InNeighborSolicits         0                  0.0
Icmp6InNeighborAdvertisements   0                  0.0
Icmp6InRedirects                0                  0.0
Icmp6InMLDv2Reports             0                  0.0
Icmp6OutDestUnreachs            3                  0.0
Icmp6OutPktTooBigs              0                  0.0
Icmp6OutTimeExcds               0                  0.0
Icmp6OutParmProblems            0                  0.0
Icmp6OutEchos                   0                  0.0
Icmp6OutEchoReplies             0                  0.0
Icmp6OutGroupMembQueries        0                  0.0
Icmp6OutGroupMembResponses      0                  0.0
Icmp6OutGroupMembReductions     0                  0.0
Icmp6OutRouterSolicits          25                 0.0
Icmp6OutRouterAdvertisements    0                  0.0
Icmp6OutNeighborSolicits        4                  0.0
Icmp6OutNeighborAdvertisements  0                  0.0
Icmp6OutRedirects               0                  0.0
Icmp6OutMLDv2Reports            15                 0.0
Icmp6InType1                    3                  0.0
Icmp6OutType1                   3                  0.0
Icmp6OutType133                 25                 0.0
Icmp6OutType135                 4                  0.0
Icmp6OutType143                 15                 0.0
Udp6InDatagrams                 0                  0.0
Udp6NoPorts                     3                  0.0
Udp6InErrors                    0                  0.0
Udp6OutDatagrams                3                  0.0
Udp6RcvbufErrors                0                  0.0
Udp6SndbufErrors                0                  0.0
Udp6InCsumErrors                0                  0.0
Udp6IgnoredMulti                0                  0.0
Udp6MemErrors                   0                  0.0
UdpLite6InDatagrams             0                  0.0
UdpLite6NoPorts                 0                  0.0
UdpLite6InErrors                0                  0.0
UdpLite6OutDatagrams            0                  0.0
UdpLite6RcvbufErrors            0                  0.0
UdpLite6SndbufErrors            0                  0.0
UdpLite6InCsumErrors            0                  0.0
UdpLite6MemErrors               0                  0.0
TcpExtSyncookiesSent            0                  0.0
TcpExtSyncookiesRecv            0                  0.0
TcpExtSyncookiesFailed          0                  0.0
TcpExtEmbryonicRsts             6                  0.0
TcpExtPruneCalled               1                  0.0
TcpExtRcvPruned                 0                  0.0
TcpExtOfoPruned                 0                  0.0
TcpExtOutOfWindowIcmps          0                  0.0
TcpExtLockDroppedIcmps          0                  0.0
TcpExtArpFilter                 0                  0.0
TcpExtTW                        230                0.0
TcpExtTWRecycled                0                  0.0
TcpExtTWKilled                  0                  0.0
TcpExtPAWSActive                0                  0.0
TcpExtPAWSEstab                 0                  0.0
TcpExtBeyondWindow              0                  0.0
TcpExtTSEcrRejected             0                  0.0
TcpExtPAWSOldAck                0                  0.0
TcpExtPAWSTimewait              0                  0.0
TcpExtDelayedACKs               376                0.0
TcpExtDelayedACKLocked          0                  0.0
TcpExtDelayedACKLost            106                0.0
TcpExtListenOverflows           0                  0.0
TcpExtListenDrops               0                  0.0
TcpExtTCPHPHits                 1436               0.0
TcpExtTCPPureAcks               1493               0.0
TcpExtTCPHPAcks                 1665               0.0
TcpExtTCPRenoRecovery           0                  0.0
TcpExtTCPSackRecovery           0                  0.0
TcpExtTCPSACKReneging           0                  0.0
TcpExtTCPSACKReorder            0                  0.0
TcpExtTCPRenoReorder            0                  0.0
TcpExtTCPTSReorder              0                  0.0
TcpExtTCPFullUndo               0                  0.0
TcpExtTCPPartialUndo            0                  0.0
TcpExtTCPDSACKUndo              0                  0.0
TcpExtTCPLossUndo               0                  0.0
TcpExtTCPLostRetransmit         0                  0.0
TcpExtTCPRenoFailures           0                  0.0
TcpExtTCPSackFailures           0                  0.0
TcpExtTCPLossFailures           0                  0.0
TcpExtTCPFastRetrans            0                  0.0
TcpExtTCPSlowStartRetrans       0                  0.0
TcpExtTCPTimeouts               70                 0.0
TcpExtTCPLossProbes             1                  0.0
TcpExtTCPLossProbeRecovery      0                  0.0
TcpExtTCPRenoRecoveryFail       0                  0.0
TcpExtTCPSackRecoveryFail       0                  0.0
TcpExtTCPRcvCollapsed           26                 0.0
TcpExtTCPBacklogCoalesce        14                 0.0
TcpExtTCPDSACKOldSent           106                0.0
TcpExtTCPDSACKOfoSent           0                  0.0
TcpExtTCPDSACKRecv              0                  0.0
TcpExtTCPDSACKOfoRecv           0                  0.0
TcpExtTCPAbortOnData            4                  0.0
TcpExtTCPAbortOnClose           6                  0.0
TcpExtTCPAbortOnMemory          0                  0.0
TcpExtTCPAbortOnTimeout         0                  0.0
TcpExtTCPAbortOnLinger          0                  0.0
TcpExtTCPAbortFailed            0                  0.0
TcpExtTCPMemoryPressures        0                  0.0
TcpExtTCPMemoryPressuresChrono  0                  0.0
TcpExtTCPSACKDiscard            0                  0.0
TcpExtTCPDSACKIgnoredOld        0                  0.0
TcpExtTCPDSACKIgnoredNoUndo     0                  0.0
TcpExtTCPSpuriousRTOs           0                  0.0
TcpExtTCPMD5NotFound            0                  0.0
TcpExtTCPMD5Unexpected          0                  0.0
TcpExtTCPMD5Failure             0                  0.0
TcpExtTCPSackShifted            0                  0.0
TcpExtTCPSackMerged             0                  0.0
TcpExtTCPSackShiftFallback      0                  0.0
TcpExtTCPBacklogDrop            0                  0.0
TcpExtPFMemallocDrop            0                  0.0
TcpExtTCPMinTTLDrop             0                  0.0
TcpExtTCPDeferAcceptDrop        0                  0.0
TcpExtIPReversePathFilter       0                  0.0
TcpExtTCPTimeWaitOverflow       0                  0.0
TcpExtTCPReqQFullDoCookies      0                  0.0
TcpExtTCPReqQFullDrop           0                  0.0
TcpExtTCPRetransFail            0                  0.0
TcpExtTCPRcvCoalesce            1230               0.0
TcpExtTCPOFOQueue               0                  0.0
TcpExtTCPOFODrop                0                  0.0
TcpExtTCPOFOMerge               0                  0.0
TcpExtTCPChallengeACK           0                  0.0
TcpExtTCPSYNChallenge           0                  0.0
TcpExtTCPFastOpenActive         0                  0.0
TcpExtTCPFastOpenActiveFail     0                  0.0
TcpExtTCPFastOpenPassive        0                  0.0
TcpExtTCPFastOpenPassiveFail    0                  0.0
TcpExtTCPFastOpenListenOverflow 0                  0.0
TcpExtTCPFastOpenCookieReqd     0                  0.0
TcpExtTCPFastOpenBlackhole      0                  0.0
TcpExtTCPSpuriousRtxHostQueues  0                  0.0
TcpExtBusyPollRxPackets         0                  0.0
TcpExtTCPAutoCorking            20                 0.0
TcpExtTCPFromZeroWindowAdv      106                0.0
TcpExtTCPToZeroWindowAdv        106                0.0
TcpExtTCPWantZeroWindowAdv      6                  0.0
TcpExtTCPSynRetrans             60                 0.0
TcpExtTCPOrigDataSent           3834               0.0
TcpExtTCPHystartTrainDetect     0                  0.0
TcpExtTCPHystartTrainCwnd       0                  0.0
TcpExtTCPHystartDelayDetect     0                  0.0
TcpExtTCPHystartDelayCwnd       0                  0.0
TcpExtTCPACKSkippedSynRecv      0                  0.0
TcpExtTCPACKSkippedPAWS         0                  0.0
TcpExtTCPACKSkippedSeq          0                  0.0
TcpExtTCPACKSkippedFinWait2     0                  0.0
TcpExtTCPACKSkippedTimeWait     0                  0.0
TcpExtTCPACKSkippedChallenge    0                  0.0
TcpExtTCPWinProbe               0                  0.0
TcpExtTCPKeepAlive              15                 0.0
TcpExtTCPMTUPFail               0                  0.0
TcpExtTCPMTUPSuccess            0                  0.0
TcpExtTCPDelivered              4288               0.0
TcpExtTCPDeliveredCE            0                  0.0
TcpExtTCPAckCompressed          0                  0.0
TcpExtTCPZeroWindowDrop         0                  0.0
TcpExtTCPRcvQDrop               0                  0.0
TcpExtTCPWqueueTooBig           0                  0.0
TcpExtTCPFastOpenPassiveAltKey  0                  0.0
TcpExtTcpTimeoutRehash          0                  0.0
TcpExtTcpDuplicateDataRehash    0                  0.0
TcpExtTCPDSACKRecvSegs          0                  0.0
TcpExtTCPDSACKIgnoredDubious    0                  0.0
TcpExtTCPMigrateReqSuccess      0                  0.0
TcpExtTCPMigrateReqFailure      0                  0.0
TcpExtTCPPLBRehash              0                  0.0
TcpExtTCPAORequired             0                  0.0
TcpExtTCPAOBad                  0                  0.0
TcpExtTCPAOKeyNotFound          0                  0.0
TcpExtTCPAOGood                 0                  0.0
TcpExtTCPAODroppedIcmps         0                  0.0
IpExtInNoRoutes                 0                  0.0
IpExtInTruncatedPkts            0                  0.0
IpExtInMcastPkts                0                  0.0
IpExtOutMcastPkts               4                  0.0
IpExtInBcastPkts                0                  0.0
IpExtOutBcastPkts               0                  0.0
IpExtInOctets                   148953874463       0.0
IpExtOutOctets                  148562300221       0.0
IpExtInMcastOctets              0                  0.0
IpExtOutMcastOctets             160                0.0
IpExtInBcastOctets              0                  0.0
IpExtOutBcastOctets             0                  0.0
IpExtInCsumErrors               0                  0.0
IpExtInNoECTPkts                189669688          0.0
IpExtInECT1Pkts                 0                  0.0
IpExtInECT0Pkts                 0                  0.0
IpExtInCEPkts                   0                  0.0
IpExtReasmOverlaps              0                  0.0
MPTcpExtMPCapableSYNRX          0                  0.0
MPTcpExtMPCapableSYNTX          0                  0.0
MPTcpExtMPCapableSYNACKRX       0                  0.0
MPTcpExtMPCapableACKRX          0                  0.0
MPTcpExtMPCapableFallbackACK    0                  0.0
MPTcpExtMPCapableFallbackSYNACK 0                  0.0
MPTcpExtMPCapableSYNTXDrop      0                  0.0
MPTcpExtMPCapableSYNTXDisabled  0                  0.0
MPTcpExtMPCapableEndpAttempt    0                  0.0
MPTcpExtMPFallbackTokenInit     0                  0.0
MPTcpExtMPTCPRetrans            0                  0.0
MPTcpExtMPJoinNoTokenFound      0                  0.0
MPTcpExtMPJoinSynRx             0                  0.0
MPTcpExtMPJoinSynBackupRx       0                  0.0
MPTcpExtMPJoinSynAckRx          0                  0.0
MPTcpExtMPJoinSynAckBackupRx    0                  0.0
MPTcpExtMPJoinSynAckHMacFailure 0                  0.0
MPTcpExtMPJoinAckRx             0                  0.0
MPTcpExtMPJoinAckHMacFailure    0                  0.0
MPTcpExtMPJoinRejected          0                  0.0
MPTcpExtMPJoinSynTx             0                  0.0
MPTcpExtMPJoinSynTxCreatSkErr   0                  0.0
MPTcpExtMPJoinSynTxBindErr      0                  0.0
MPTcpExtMPJoinSynTxConnectErr   0                  0.0
MPTcpExtDSSNotMatching          0                  0.0
MPTcpExtDSSCorruptionFallback   0                  0.0
MPTcpExtDSSCorruptionReset      0                  0.0
MPTcpExtInfiniteMapTx           0                  0.0
MPTcpExtInfiniteMapRx           0                  0.0
MPTcpExtDSSNoMatchTCP           0                  0.0
MPTcpExtDataCsumErr             0                  0.0
MPTcpExtOFOQueueTail            0                  0.0
MPTcpExtOFOQueue                0                  0.0
MPTcpExtOFOMerge                0                  0.0
MPTcpExtNoDSSInWindow           0                  0.0
MPTcpExtDuplicateData           0                  0.0
MPTcpExtAddAddr                 0                  0.0
MPTcpExtAddAddrTx               0                  0.0
MPTcpExtAddAddrTxDrop           0                  0.0
MPTcpExtEchoAdd                 0                  0.0
MPTcpExtEchoAddTx               0                  0.0
MPTcpExtEchoAddTxDrop           0                  0.0
MPTcpExtPortAdd                 0                  0.0
MPTcpExtAddAddrDrop             0                  0.0
MPTcpExtMPJoinPortSynRx         0                  0.0
MPTcpExtMPJoinPortSynAckRx      0                  0.0
MPTcpExtMPJoinPortAckRx         0                  0.0
MPTcpExtMismatchPortSynRx       0                  0.0
MPTcpExtMismatchPortAckRx       0                  0.0
MPTcpExtRmAddr                  0                  0.0
MPTcpExtRmAddrDrop              0                  0.0
MPTcpExtRmAddrTx                0                  0.0
MPTcpExtRmAddrTxDrop            0                  0.0
MPTcpExtRmSubflow               0                  0.0
MPTcpExtMPPrioTx                0                  0.0
MPTcpExtMPPrioRx                0                  0.0
MPTcpExtMPFailTx                0                  0.0
MPTcpExtMPFailRx                0                  0.0
MPTcpExtMPFastcloseTx           0                  0.0
MPTcpExtMPFastcloseRx           0                  0.0
MPTcpExtMPRstTx                 0                  0.0
MPTcpExtMPRstRx                 0                  0.0
MPTcpExtRcvPruned               0                  0.0
MPTcpExtSubflowStale            0                  0.0
MPTcpExtSubflowRecover          0                  0.0
MPTcpExtSndWndShared            0                  0.0
MPTcpExtRcvWndShared            0                  0.0
MPTcpExtRcvWndConflictUpdate    0                  0.0
MPTcpExtRcvWndConflict          0                  0.0
MPTcpExtMPCurrEstab             0                  0.0
MPTcpExtBlackhole               0                  0.0
MPTcpExtMPCapableDataFallback   0                  0.0
MPTcpExtMD5SigFallback          0                  0.0
MPTcpExtDssFallback             0                  0.0
MPTcpExtSimultConnectFallback   0                  0.0
MPTcpExtFallbackFailed          0                  0.0
---TIMESTAMP 1776689972---
State Recv-Q Send-Q Local Address:Port Peer Address:PortProcess
#kernel
IpInReceives                    134297103          0.0
IpInHdrErrors                   0                  0.0
IpInAddrErrors                  5                  0.0
IpForwDatagrams                 134275033          0.0
IpInUnknownProtos               0                  0.0
IpInDiscards                    0                  0.0
IpInDelivers                    22065              0.0
IpOutRequests                   17201              0.0
IpOutDiscards                   0                  0.0
IpOutNoRoutes                   3                  0.0
IpReasmTimeout                  0                  0.0
IpReasmReqds                    0                  0.0
IpReasmOKs                      0                  0.0
IpReasmFails                    0                  0.0
IpFragOKs                       0                  0.0
IpFragFails                     0                  0.0
IpFragCreates                   0                  0.0
IpOutTransmits                  134292234          0.0
IcmpInMsgs                      3                  0.0
IcmpInErrors                    0                  0.0
IcmpInCsumErrors                0                  0.0
IcmpInDestUnreachs              3                  0.0
IcmpInTimeExcds                 0                  0.0
IcmpInParmProbs                 0                  0.0
IcmpInSrcQuenchs                0                  0.0
IcmpInRedirects                 0                  0.0
IcmpInEchos                     0                  0.0
IcmpInEchoReps                  0                  0.0
IcmpInTimestamps                0                  0.0
IcmpInTimestampReps             0                  0.0
IcmpInAddrMasks                 0                  0.0
IcmpInAddrMaskReps              0                  0.0
IcmpOutMsgs                     3                  0.0
IcmpOutErrors                   0                  0.0
IcmpOutRateLimitGlobal          0                  0.0
IcmpOutRateLimitHost            0                  0.0
IcmpOutDestUnreachs             3                  0.0
IcmpOutTimeExcds                0                  0.0
IcmpOutParmProbs                0                  0.0
IcmpOutSrcQuenchs               0                  0.0
IcmpOutRedirects                0                  0.0
IcmpOutEchos                    0                  0.0
IcmpOutEchoReps                 0                  0.0
IcmpOutTimestamps               0                  0.0
IcmpOutTimestampReps            0                  0.0
IcmpOutAddrMasks                0                  0.0
IcmpOutAddrMaskReps             0                  0.0
IcmpMsgInType3                  3                  0.0
IcmpMsgOutType3                 3                  0.0
TcpActiveOpens                  469                0.0
TcpPassiveOpens                 119                0.0
TcpAttemptFails                 10                 0.0
TcpEstabResets                  11                 0.0
TcpInSegs                       21619              0.0
TcpOutSegs                      17036              0.0
TcpRetransSegs                  61                 0.0
TcpInErrs                       0                  0.0
TcpOutRsts                      25                 0.0
TcpInCsumErrors                 0                  0.0
UdpInDatagrams                  1305               0.0
UdpNoPorts                      3                  0.0
UdpInErrors                     0                  0.0
UdpOutDatagrams                 1308               0.0
UdpRcvbufErrors                 0                  0.0
UdpSndbufErrors                 0                  0.0
UdpInCsumErrors                 0                  0.0
UdpIgnoredMulti                 0                  0.0
UdpMemErrors                    0                  0.0
UdpLiteInDatagrams              0                  0.0
UdpLiteNoPorts                  0                  0.0
UdpLiteInErrors                 0                  0.0
UdpLiteOutDatagrams             0                  0.0
UdpLiteRcvbufErrors             0                  0.0
UdpLiteSndbufErrors             0                  0.0
UdpLiteInCsumErrors             0                  0.0
UdpLiteIgnoredMulti             0                  0.0
UdpLiteMemErrors                0                  0.0
Ip6InReceives                   871                0.0
Ip6InHdrErrors                  0                  0.0
Ip6InTooBigErrors               0                  0.0
Ip6InNoRoutes                   0                  0.0
Ip6InAddrErrors                 0                  0.0
Ip6InUnknownProtos              0                  0.0
Ip6InTruncatedPkts              0                  0.0
Ip6InDiscards                   0                  0.0
Ip6InDelivers                   871                0.0
Ip6OutForwDatagrams             0                  0.0
Ip6OutRequests                  915                0.0
Ip6OutDiscards                  0                  0.0
Ip6OutNoRoutes                  108                0.0
Ip6ReasmTimeout                 0                  0.0
Ip6ReasmReqds                   0                  0.0
Ip6ReasmOKs                     0                  0.0
Ip6ReasmFails                   0                  0.0
Ip6FragOKs                      0                  0.0
Ip6FragFails                    0                  0.0
Ip6FragCreates                  0                  0.0
Ip6InMcastPkts                  0                  0.0
Ip6OutMcastPkts                 44                 0.0
Ip6InOctets                     6394602            0.0
Ip6OutOctets                    6397510            0.0
Ip6InMcastOctets                0                  0.0
Ip6OutMcastOctets               2908               0.0
Ip6InBcastOctets                0                  0.0
Ip6OutBcastOctets               0                  0.0
Ip6InNoECTPkts                  871                0.0
Ip6InECT1Pkts                   0                  0.0
Ip6InECT0Pkts                   0                  0.0
Ip6InCEPkts                     0                  0.0
Ip6OutTransmits                 915                0.0
Icmp6InMsgs                     3                  0.0
Icmp6InErrors                   0                  0.0
Icmp6OutMsgs                    47                 0.0
Icmp6OutErrors                  0                  0.0
Icmp6InCsumErrors               0                  0.0
Icmp6OutRateLimitHost           0                  0.0
Icmp6InDestUnreachs             3                  0.0
Icmp6InPktTooBigs               0                  0.0
Icmp6InTimeExcds                0                  0.0
Icmp6InParmProblems             0                  0.0
Icmp6InEchos                    0                  0.0
Icmp6InEchoReplies              0                  0.0
Icmp6InGroupMembQueries         0                  0.0
Icmp6InGroupMembResponses       0                  0.0
Icmp6InGroupMembReductions      0                  0.0
Icmp6InRouterSolicits           0                  0.0
Icmp6InRouterAdvertisements     0                  0.0
Icmp6InNeighborSolicits         0                  0.0
Icmp6InNeighborAdvertisements   0                  0.0
Icmp6InRedirects                0                  0.0
Icmp6InMLDv2Reports             0                  0.0
Icmp6OutDestUnreachs            3                  0.0
Icmp6OutPktTooBigs              0                  0.0
Icmp6OutTimeExcds               0                  0.0
Icmp6OutParmProblems            0                  0.0
Icmp6OutEchos                   0                  0.0
Icmp6OutEchoReplies             0                  0.0
Icmp6OutGroupMembQueries        0                  0.0
Icmp6OutGroupMembResponses      0                  0.0
Icmp6OutGroupMembReductions     0                  0.0
Icmp6OutRouterSolicits          25                 0.0
Icmp6OutRouterAdvertisements    0                  0.0
Icmp6OutNeighborSolicits        4                  0.0
Icmp6OutNeighborAdvertisements  0                  0.0
Icmp6OutRedirects               0                  0.0
Icmp6OutMLDv2Reports            15                 0.0
Icmp6InType1                    3                  0.0
Icmp6OutType1                   3                  0.0
Icmp6OutType133                 25                 0.0
Icmp6OutType135                 4                  0.0
Icmp6OutType143                 15                 0.0
Udp6InDatagrams                 0                  0.0
Udp6NoPorts                     3                  0.0
Udp6InErrors                    0                  0.0
Udp6OutDatagrams                3                  0.0
Udp6RcvbufErrors                0                  0.0
Udp6SndbufErrors                0                  0.0
Udp6InCsumErrors                0                  0.0
Udp6IgnoredMulti                0                  0.0
Udp6MemErrors                   0                  0.0
UdpLite6InDatagrams             0                  0.0
UdpLite6NoPorts                 0                  0.0
UdpLite6InErrors                0                  0.0
UdpLite6OutDatagrams            0                  0.0
UdpLite6RcvbufErrors            0                  0.0
UdpLite6SndbufErrors            0                  0.0
UdpLite6InCsumErrors            0                  0.0
UdpLite6MemErrors               0                  0.0
TcpExtSyncookiesSent            0                  0.0
TcpExtSyncookiesRecv            0                  0.0
TcpExtSyncookiesFailed          0                  0.0
TcpExtEmbryonicRsts             6                  0.0
TcpExtPruneCalled               1                  0.0
TcpExtRcvPruned                 0                  0.0
TcpExtOfoPruned                 0                  0.0
TcpExtOutOfWindowIcmps          0                  0.0
TcpExtLockDroppedIcmps          0                  0.0
TcpExtArpFilter                 0                  0.0
TcpExtTW                        232                0.0
TcpExtTWRecycled                0                  0.0
TcpExtTWKilled                  0                  0.0
TcpExtPAWSActive                0                  0.0
TcpExtPAWSEstab                 0                  0.0
TcpExtBeyondWindow              0                  0.0
TcpExtTSEcrRejected             0                  0.0
TcpExtPAWSOldAck                0                  0.0
TcpExtPAWSTimewait              0                  0.0
TcpExtDelayedACKs               376                0.0
TcpExtDelayedACKLocked          0                  0.0
TcpExtDelayedACKLost            106                0.0
TcpExtListenOverflows           0                  0.0
TcpExtListenDrops               0                  0.0
TcpExtTCPHPHits                 1438               0.0
TcpExtTCPPureAcks               1503               0.0
TcpExtTCPHPAcks                 1690               0.0
TcpExtTCPRenoRecovery           0                  0.0
TcpExtTCPSackRecovery           0                  0.0
TcpExtTCPSACKReneging           0                  0.0
TcpExtTCPSACKReorder            0                  0.0
TcpExtTCPRenoReorder            0                  0.0
TcpExtTCPTSReorder              0                  0.0
TcpExtTCPFullUndo               0                  0.0
TcpExtTCPPartialUndo            0                  0.0
TcpExtTCPDSACKUndo              0                  0.0
TcpExtTCPLossUndo               0                  0.0
TcpExtTCPLostRetransmit         0                  0.0
TcpExtTCPRenoFailures           0                  0.0
TcpExtTCPSackFailures           0                  0.0
TcpExtTCPLossFailures           0                  0.0
TcpExtTCPFastRetrans            0                  0.0
TcpExtTCPSlowStartRetrans       0                  0.0
TcpExtTCPTimeouts               70                 0.0
TcpExtTCPLossProbes             1                  0.0
TcpExtTCPLossProbeRecovery      0                  0.0
TcpExtTCPRenoRecoveryFail       0                  0.0
TcpExtTCPSackRecoveryFail       0                  0.0
TcpExtTCPRcvCollapsed           26                 0.0
TcpExtTCPBacklogCoalesce        14                 0.0
TcpExtTCPDSACKOldSent           106                0.0
TcpExtTCPDSACKOfoSent           0                  0.0
TcpExtTCPDSACKRecv              0                  0.0
TcpExtTCPDSACKOfoRecv           0                  0.0
TcpExtTCPAbortOnData            4                  0.0
TcpExtTCPAbortOnClose           6                  0.0
TcpExtTCPAbortOnMemory          0                  0.0
TcpExtTCPAbortOnTimeout         0                  0.0
TcpExtTCPAbortOnLinger          0                  0.0
TcpExtTCPAbortFailed            0                  0.0
TcpExtTCPMemoryPressures        0                  0.0
TcpExtTCPMemoryPressuresChrono  0                  0.0
TcpExtTCPSACKDiscard            0                  0.0
TcpExtTCPDSACKIgnoredOld        0                  0.0
TcpExtTCPDSACKIgnoredNoUndo     0                  0.0
TcpExtTCPSpuriousRTOs           0                  0.0
TcpExtTCPMD5NotFound            0                  0.0
TcpExtTCPMD5Unexpected          0                  0.0
TcpExtTCPMD5Failure             0                  0.0
TcpExtTCPSackShifted            0                  0.0
TcpExtTCPSackMerged             0                  0.0
TcpExtTCPSackShiftFallback      0                  0.0
TcpExtTCPBacklogDrop            0                  0.0
TcpExtPFMemallocDrop            0                  0.0
TcpExtTCPMinTTLDrop             0                  0.0
TcpExtTCPDeferAcceptDrop        0                  0.0
TcpExtIPReversePathFilter       0                  0.0
TcpExtTCPTimeWaitOverflow       0                  0.0
TcpExtTCPReqQFullDoCookies      0                  0.0
TcpExtTCPReqQFullDrop           0                  0.0
TcpExtTCPRetransFail            0                  0.0
TcpExtTCPRcvCoalesce            1231               0.0
TcpExtTCPOFOQueue               0                  0.0
TcpExtTCPOFODrop                0                  0.0
TcpExtTCPOFOMerge               0                  0.0
TcpExtTCPChallengeACK           0                  0.0
TcpExtTCPSYNChallenge           0                  0.0
TcpExtTCPFastOpenActive         0                  0.0
TcpExtTCPFastOpenActiveFail     0                  0.0
TcpExtTCPFastOpenPassive        0                  0.0
TcpExtTCPFastOpenPassiveFail    0                  0.0
TcpExtTCPFastOpenListenOverflow 0                  0.0
TcpExtTCPFastOpenCookieReqd     0                  0.0
TcpExtTCPFastOpenBlackhole      0                  0.0
TcpExtTCPSpuriousRtxHostQueues  0                  0.0
TcpExtBusyPollRxPackets         0                  0.0
TcpExtTCPAutoCorking            20                 0.0
TcpExtTCPFromZeroWindowAdv      106                0.0
TcpExtTCPToZeroWindowAdv        106                0.0
TcpExtTCPWantZeroWindowAdv      6                  0.0
TcpExtTCPSynRetrans             60                 0.0
TcpExtTCPOrigDataSent           3870               0.0
TcpExtTCPHystartTrainDetect     0                  0.0
TcpExtTCPHystartTrainCwnd       0                  0.0
TcpExtTCPHystartDelayDetect     0                  0.0
TcpExtTCPHystartDelayCwnd       0                  0.0
TcpExtTCPACKSkippedSynRecv      0                  0.0
TcpExtTCPACKSkippedPAWS         0                  0.0
TcpExtTCPACKSkippedSeq          0                  0.0
TcpExtTCPACKSkippedFinWait2     0                  0.0
TcpExtTCPACKSkippedTimeWait     0                  0.0
TcpExtTCPACKSkippedChallenge    0                  0.0
TcpExtTCPWinProbe               0                  0.0
TcpExtTCPKeepAlive              15                 0.0
TcpExtTCPMTUPFail               0                  0.0
TcpExtTCPMTUPSuccess            0                  0.0
TcpExtTCPDelivered              4326               0.0
TcpExtTCPDeliveredCE            0                  0.0
TcpExtTCPAckCompressed          0                  0.0
TcpExtTCPZeroWindowDrop         0                  0.0
TcpExtTCPRcvQDrop               0                  0.0
TcpExtTCPWqueueTooBig           0                  0.0
TcpExtTCPFastOpenPassiveAltKey  0                  0.0
TcpExtTcpTimeoutRehash          0                  0.0
TcpExtTcpDuplicateDataRehash    0                  0.0
TcpExtTCPDSACKRecvSegs          0                  0.0
TcpExtTCPDSACKIgnoredDubious    0                  0.0
TcpExtTCPMigrateReqSuccess      0                  0.0
TcpExtTCPMigrateReqFailure      0                  0.0
TcpExtTCPPLBRehash              0                  0.0
TcpExtTCPAORequired             0                  0.0
TcpExtTCPAOBad                  0                  0.0
TcpExtTCPAOKeyNotFound          0                  0.0
TcpExtTCPAOGood                 0                  0.0
TcpExtTCPAODroppedIcmps         0                  0.0
IpExtInNoRoutes                 0                  0.0
IpExtInTruncatedPkts            0                  0.0
IpExtInMcastPkts                0                  0.0
IpExtOutMcastPkts               4                  0.0
IpExtInBcastPkts                0                  0.0
IpExtOutBcastPkts               0                  0.0
IpExtInOctets                   149376620672       0.0
IpExtOutOctets                  148984564826       0.0
IpExtInMcastOctets              0                  0.0
IpExtOutMcastOctets             160                0.0
IpExtInBcastOctets              0                  0.0
IpExtOutBcastOctets             0                  0.0
IpExtInCsumErrors               0                  0.0
IpExtInNoECTPkts                190096153          0.0
IpExtInECT1Pkts                 0                  0.0
IpExtInECT0Pkts                 0                  0.0
IpExtInCEPkts                   0                  0.0
IpExtReasmOverlaps              0                  0.0
MPTcpExtMPCapableSYNRX          0                  0.0
MPTcpExtMPCapableSYNTX          0                  0.0
MPTcpExtMPCapableSYNACKRX       0                  0.0
MPTcpExtMPCapableACKRX          0                  0.0
MPTcpExtMPCapableFallbackACK    0                  0.0
MPTcpExtMPCapableFallbackSYNACK 0                  0.0
MPTcpExtMPCapableSYNTXDrop      0                  0.0
MPTcpExtMPCapableSYNTXDisabled  0                  0.0
MPTcpExtMPCapableEndpAttempt    0                  0.0
MPTcpExtMPFallbackTokenInit     0                  0.0
MPTcpExtMPTCPRetrans            0                  0.0
MPTcpExtMPJoinNoTokenFound      0                  0.0
MPTcpExtMPJoinSynRx             0                  0.0
MPTcpExtMPJoinSynBackupRx       0                  0.0
MPTcpExtMPJoinSynAckRx          0                  0.0
MPTcpExtMPJoinSynAckBackupRx    0                  0.0
MPTcpExtMPJoinSynAckHMacFailure 0                  0.0
MPTcpExtMPJoinAckRx             0                  0.0
MPTcpExtMPJoinAckHMacFailure    0                  0.0
MPTcpExtMPJoinRejected          0                  0.0
MPTcpExtMPJoinSynTx             0                  0.0
MPTcpExtMPJoinSynTxCreatSkErr   0                  0.0
MPTcpExtMPJoinSynTxBindErr      0                  0.0
MPTcpExtMPJoinSynTxConnectErr   0                  0.0
MPTcpExtDSSNotMatching          0                  0.0
MPTcpExtDSSCorruptionFallback   0                  0.0
MPTcpExtDSSCorruptionReset      0                  0.0
MPTcpExtInfiniteMapTx           0                  0.0
MPTcpExtInfiniteMapRx           0                  0.0
MPTcpExtDSSNoMatchTCP           0                  0.0
MPTcpExtDataCsumErr             0                  0.0
MPTcpExtOFOQueueTail            0                  0.0
MPTcpExtOFOQueue                0                  0.0
MPTcpExtOFOMerge                0                  0.0
MPTcpExtNoDSSInWindow           0                  0.0
MPTcpExtDuplicateData           0                  0.0
MPTcpExtAddAddr                 0                  0.0
MPTcpExtAddAddrTx               0                  0.0
MPTcpExtAddAddrTxDrop           0                  0.0
MPTcpExtEchoAdd                 0                  0.0
MPTcpExtEchoAddTx               0                  0.0
MPTcpExtEchoAddTxDrop           0                  0.0
MPTcpExtPortAdd                 0                  0.0
MPTcpExtAddAddrDrop             0                  0.0
MPTcpExtMPJoinPortSynRx         0                  0.0
MPTcpExtMPJoinPortSynAckRx      0                  0.0
MPTcpExtMPJoinPortAckRx         0                  0.0
MPTcpExtMismatchPortSynRx       0                  0.0
MPTcpExtMismatchPortAckRx       0                  0.0
MPTcpExtRmAddr                  0                  0.0
MPTcpExtRmAddrDrop              0                  0.0
MPTcpExtRmAddrTx                0                  0.0
MPTcpExtRmAddrTxDrop            0                  0.0
MPTcpExtRmSubflow               0                  0.0
MPTcpExtMPPrioTx                0                  0.0
MPTcpExtMPPrioRx                0                  0.0
MPTcpExtMPFailTx                0                  0.0
MPTcpExtMPFailRx                0                  0.0
MPTcpExtMPFastcloseTx           0                  0.0
MPTcpExtMPFastcloseRx           0                  0.0
MPTcpExtMPRstTx                 0                  0.0
MPTcpExtMPRstRx                 0                  0.0
MPTcpExtRcvPruned               0                  0.0
MPTcpExtSubflowStale            0                  0.0
MPTcpExtSubflowRecover          0                  0.0
MPTcpExtSndWndShared            0                  0.0
MPTcpExtRcvWndShared            0                  0.0
MPTcpExtRcvWndConflictUpdate    0                  0.0
MPTcpExtRcvWndConflict          0                  0.0
MPTcpExtMPCurrEstab             0                  0.0
MPTcpExtBlackhole               0                  0.0
MPTcpExtMPCapableDataFallback   0                  0.0
MPTcpExtMD5SigFallback          0                  0.0
MPTcpExtDssFallback             0                  0.0
MPTcpExtSimultConnectFallback   0                  0.0
MPTcpExtFallbackFailed          0                  0.0
---TIMESTAMP 1776689977---
State Recv-Q Send-Q Local Address:Port Peer Address:PortProcess
#kernel
IpInReceives                    134571615          0.0
IpInHdrErrors                   0                  0.0
IpInAddrErrors                  5                  0.0
IpForwDatagrams                 134549506          0.0
IpInUnknownProtos               0                  0.0
IpInDiscards                    0                  0.0
IpInDelivers                    22104              0.0
IpOutRequests                   17242              0.0
IpOutDiscards                   0                  0.0
IpOutNoRoutes                   3                  0.0
IpReasmTimeout                  0                  0.0
IpReasmReqds                    0                  0.0
IpReasmOKs                      0                  0.0
IpReasmFails                    0                  0.0
IpFragOKs                       0                  0.0
IpFragFails                     0                  0.0
IpFragCreates                   0                  0.0
IpOutTransmits                  134566748          0.0
IcmpInMsgs                      3                  0.0
IcmpInErrors                    0                  0.0
IcmpInCsumErrors                0                  0.0
IcmpInDestUnreachs              3                  0.0
IcmpInTimeExcds                 0                  0.0
IcmpInParmProbs                 0                  0.0
IcmpInSrcQuenchs                0                  0.0
IcmpInRedirects                 0                  0.0
IcmpInEchos                     0                  0.0
IcmpInEchoReps                  0                  0.0
IcmpInTimestamps                0                  0.0
IcmpInTimestampReps             0                  0.0
IcmpInAddrMasks                 0                  0.0
IcmpInAddrMaskReps              0                  0.0
IcmpOutMsgs                     3                  0.0
IcmpOutErrors                   0                  0.0
IcmpOutRateLimitGlobal          0                  0.0
IcmpOutRateLimitHost            0                  0.0
IcmpOutDestUnreachs             3                  0.0
IcmpOutTimeExcds                0                  0.0
IcmpOutParmProbs                0                  0.0
IcmpOutSrcQuenchs               0                  0.0
IcmpOutRedirects                0                  0.0
IcmpOutEchos                    0                  0.0
IcmpOutEchoReps                 0                  0.0
IcmpOutTimestamps               0                  0.0
IcmpOutTimestampReps            0                  0.0
IcmpOutAddrMasks                0                  0.0
IcmpOutAddrMaskReps             0                  0.0
IcmpMsgInType3                  3                  0.0
IcmpMsgOutType3                 3                  0.0
TcpActiveOpens                  471                0.0
TcpPassiveOpens                 120                0.0
TcpAttemptFails                 10                 0.0
TcpEstabResets                  11                 0.0
TcpInSegs                       21727              0.0
TcpOutSegs                      17146              0.0
TcpRetransSegs                  61                 0.0
TcpInErrs                       0                  0.0
TcpOutRsts                      25                 0.0
TcpInCsumErrors                 0                  0.0
UdpInDatagrams                  1306               0.0
UdpNoPorts                      3                  0.0
UdpInErrors                     0                  0.0
UdpOutDatagrams                 1309               0.0
UdpRcvbufErrors                 0                  0.0
UdpSndbufErrors                 0                  0.0
UdpInCsumErrors                 0                  0.0
UdpIgnoredMulti                 0                  0.0
UdpMemErrors                    0                  0.0
UdpLiteInDatagrams              0                  0.0
UdpLiteNoPorts                  0                  0.0
UdpLiteInErrors                 0                  0.0
UdpLiteOutDatagrams             0                  0.0
UdpLiteRcvbufErrors             0                  0.0
UdpLiteSndbufErrors             0                  0.0
UdpLiteInCsumErrors             0                  0.0
UdpLiteIgnoredMulti             0                  0.0
UdpLiteMemErrors                0                  0.0
Ip6InReceives                   941                0.0
Ip6InHdrErrors                  0                  0.0
Ip6InTooBigErrors               0                  0.0
Ip6InNoRoutes                   0                  0.0
Ip6InAddrErrors                 0                  0.0
Ip6InUnknownProtos              0                  0.0
Ip6InTruncatedPkts              0                  0.0
Ip6InDiscards                   0                  0.0
Ip6InDelivers                   941                0.0
Ip6OutForwDatagrams             0                  0.0
Ip6OutRequests                  985                0.0
Ip6OutDiscards                  0                  0.0
Ip6OutNoRoutes                  108                0.0
Ip6ReasmTimeout                 0                  0.0
Ip6ReasmReqds                   0                  0.0
Ip6ReasmOKs                     0                  0.0
Ip6ReasmFails                   0                  0.0
Ip6FragOKs                      0                  0.0
Ip6FragFails                    0                  0.0
Ip6FragCreates                  0                  0.0
Ip6InMcastPkts                  0                  0.0
Ip6OutMcastPkts                 44                 0.0
Ip6InOctets                     6881531            0.0
Ip6OutOctets                    6884439            0.0
Ip6InMcastOctets                0                  0.0
Ip6OutMcastOctets               2908               0.0
Ip6InBcastOctets                0                  0.0
Ip6OutBcastOctets               0                  0.0
Ip6InNoECTPkts                  941                0.0
Ip6InECT1Pkts                   0                  0.0
Ip6InECT0Pkts                   0                  0.0
Ip6InCEPkts                     0                  0.0
Ip6OutTransmits                 985                0.0
Icmp6InMsgs                     3                  0.0
Icmp6InErrors                   0                  0.0
Icmp6OutMsgs                    47                 0.0
Icmp6OutErrors                  0                  0.0
Icmp6InCsumErrors               0                  0.0
Icmp6OutRateLimitHost           0                  0.0
Icmp6InDestUnreachs             3                  0.0
Icmp6InPktTooBigs               0                  0.0
Icmp6InTimeExcds                0                  0.0
Icmp6InParmProblems             0                  0.0
Icmp6InEchos                    0                  0.0
Icmp6InEchoReplies              0                  0.0
Icmp6InGroupMembQueries         0                  0.0
Icmp6InGroupMembResponses       0                  0.0
Icmp6InGroupMembReductions      0                  0.0
Icmp6InRouterSolicits           0                  0.0
Icmp6InRouterAdvertisements     0                  0.0
Icmp6InNeighborSolicits         0                  0.0
Icmp6InNeighborAdvertisements   0                  0.0
Icmp6InRedirects                0                  0.0
Icmp6InMLDv2Reports             0                  0.0
Icmp6OutDestUnreachs            3                  0.0
Icmp6OutPktTooBigs              0                  0.0
Icmp6OutTimeExcds               0                  0.0
Icmp6OutParmProblems            0                  0.0
Icmp6OutEchos                   0                  0.0
Icmp6OutEchoReplies             0                  0.0
Icmp6OutGroupMembQueries        0                  0.0
Icmp6OutGroupMembResponses      0                  0.0
Icmp6OutGroupMembReductions     0                  0.0
Icmp6OutRouterSolicits          25                 0.0
Icmp6OutRouterAdvertisements    0                  0.0
Icmp6OutNeighborSolicits        4                  0.0
Icmp6OutNeighborAdvertisements  0                  0.0
Icmp6OutRedirects               0                  0.0
Icmp6OutMLDv2Reports            15                 0.0
Icmp6InType1                    3                  0.0
Icmp6OutType1                   3                  0.0
Icmp6OutType133                 25                 0.0
Icmp6OutType135                 4                  0.0
Icmp6OutType143                 15                 0.0
Udp6InDatagrams                 0                  0.0
Udp6NoPorts                     3                  0.0
Udp6InErrors                    0                  0.0
Udp6OutDatagrams                3                  0.0
Udp6RcvbufErrors                0                  0.0
Udp6SndbufErrors                0                  0.0
Udp6InCsumErrors                0                  0.0
Udp6IgnoredMulti                0                  0.0
Udp6MemErrors                   0                  0.0
UdpLite6InDatagrams             0                  0.0
UdpLite6NoPorts                 0                  0.0
UdpLite6InErrors                0                  0.0
UdpLite6OutDatagrams            0                  0.0
UdpLite6RcvbufErrors            0                  0.0
UdpLite6SndbufErrors            0                  0.0
UdpLite6InCsumErrors            0                  0.0
UdpLite6MemErrors               0                  0.0
TcpExtSyncookiesSent            0                  0.0
TcpExtSyncookiesRecv            0                  0.0
TcpExtSyncookiesFailed          0                  0.0
TcpExtEmbryonicRsts             6                  0.0
TcpExtPruneCalled               1                  0.0
TcpExtRcvPruned                 0                  0.0
TcpExtOfoPruned                 0                  0.0
TcpExtOutOfWindowIcmps          0                  0.0
TcpExtLockDroppedIcmps          0                  0.0
TcpExtArpFilter                 0                  0.0
TcpExtTW                        234                0.0
TcpExtTWRecycled                0                  0.0
TcpExtTWKilled                  0                  0.0
TcpExtPAWSActive                0                  0.0
TcpExtPAWSEstab                 0                  0.0
TcpExtBeyondWindow              0                  0.0
TcpExtTSEcrRejected             0                  0.0
TcpExtPAWSOldAck                0                  0.0
TcpExtPAWSTimewait              0                  0.0
TcpExtDelayedACKs               376                0.0
TcpExtDelayedACKLocked          0                  0.0
TcpExtDelayedACKLost            106                0.0
TcpExtListenOverflows           0                  0.0
TcpExtListenDrops               0                  0.0
TcpExtTCPHPHits                 1440               0.0
TcpExtTCPPureAcks               1513               0.0
TcpExtTCPHPAcks                 1715               0.0
TcpExtTCPRenoRecovery           0                  0.0
TcpExtTCPSackRecovery           0                  0.0
TcpExtTCPSACKReneging           0                  0.0
TcpExtTCPSACKReorder            0                  0.0
TcpExtTCPRenoReorder            0                  0.0
TcpExtTCPTSReorder              0                  0.0
TcpExtTCPFullUndo               0                  0.0
TcpExtTCPPartialUndo            0                  0.0
TcpExtTCPDSACKUndo              0                  0.0
TcpExtTCPLossUndo               0                  0.0
TcpExtTCPLostRetransmit         0                  0.0
TcpExtTCPRenoFailures           0                  0.0
TcpExtTCPSackFailures           0                  0.0
TcpExtTCPLossFailures           0                  0.0
TcpExtTCPFastRetrans            0                  0.0
TcpExtTCPSlowStartRetrans       0                  0.0
TcpExtTCPTimeouts               70                 0.0
TcpExtTCPLossProbes             1                  0.0
TcpExtTCPLossProbeRecovery      0                  0.0
TcpExtTCPRenoRecoveryFail       0                  0.0
TcpExtTCPSackRecoveryFail       0                  0.0
TcpExtTCPRcvCollapsed           26                 0.0
TcpExtTCPBacklogCoalesce        14                 0.0
TcpExtTCPDSACKOldSent           106                0.0
TcpExtTCPDSACKOfoSent           0                  0.0
TcpExtTCPDSACKRecv              0                  0.0
TcpExtTCPDSACKOfoRecv           0                  0.0
TcpExtTCPAbortOnData            4                  0.0
TcpExtTCPAbortOnClose           6                  0.0
TcpExtTCPAbortOnMemory          0                  0.0
TcpExtTCPAbortOnTimeout         0                  0.0
TcpExtTCPAbortOnLinger          0                  0.0
TcpExtTCPAbortFailed            0                  0.0
TcpExtTCPMemoryPressures        0                  0.0
TcpExtTCPMemoryPressuresChrono  0                  0.0
TcpExtTCPSACKDiscard            0                  0.0
TcpExtTCPDSACKIgnoredOld        0                  0.0
TcpExtTCPDSACKIgnoredNoUndo     0                  0.0
TcpExtTCPSpuriousRTOs           0                  0.0
TcpExtTCPMD5NotFound            0                  0.0
TcpExtTCPMD5Unexpected          0                  0.0
TcpExtTCPMD5Failure             0                  0.0
TcpExtTCPSackShifted            0                  0.0
TcpExtTCPSackMerged             0                  0.0
TcpExtTCPSackShiftFallback      0                  0.0
TcpExtTCPBacklogDrop            0                  0.0
TcpExtPFMemallocDrop            0                  0.0
TcpExtTCPMinTTLDrop             0                  0.0
TcpExtTCPDeferAcceptDrop        0                  0.0
TcpExtIPReversePathFilter       0                  0.0
TcpExtTCPTimeWaitOverflow       0                  0.0
TcpExtTCPReqQFullDoCookies      0                  0.0
TcpExtTCPReqQFullDrop           0                  0.0
TcpExtTCPRetransFail            0                  0.0
TcpExtTCPRcvCoalesce            1233               0.0
TcpExtTCPOFOQueue               0                  0.0
TcpExtTCPOFODrop                0                  0.0
TcpExtTCPOFOMerge               0                  0.0
TcpExtTCPChallengeACK           0                  0.0
TcpExtTCPSYNChallenge           0                  0.0
TcpExtTCPFastOpenActive         0                  0.0
TcpExtTCPFastOpenActiveFail     0                  0.0
TcpExtTCPFastOpenPassive        0                  0.0
TcpExtTCPFastOpenPassiveFail    0                  0.0
TcpExtTCPFastOpenListenOverflow 0                  0.0
TcpExtTCPFastOpenCookieReqd     0                  0.0
TcpExtTCPFastOpenBlackhole      0                  0.0
TcpExtTCPSpuriousRtxHostQueues  0                  0.0
TcpExtBusyPollRxPackets         0                  0.0
TcpExtTCPAutoCorking            20                 0.0
TcpExtTCPFromZeroWindowAdv      106                0.0
TcpExtTCPToZeroWindowAdv        106                0.0
TcpExtTCPWantZeroWindowAdv      6                  0.0
TcpExtTCPSynRetrans             60                 0.0
TcpExtTCPOrigDataSent           3906               0.0
TcpExtTCPHystartTrainDetect     0                  0.0
TcpExtTCPHystartTrainCwnd       0                  0.0
TcpExtTCPHystartDelayDetect     0                  0.0
TcpExtTCPHystartDelayCwnd       0                  0.0
TcpExtTCPACKSkippedSynRecv      0                  0.0
TcpExtTCPACKSkippedPAWS         0                  0.0
TcpExtTCPACKSkippedSeq          0                  0.0
TcpExtTCPACKSkippedFinWait2     0                  0.0
TcpExtTCPACKSkippedTimeWait     0                  0.0
TcpExtTCPACKSkippedChallenge    0                  0.0
TcpExtTCPWinProbe               0                  0.0
TcpExtTCPKeepAlive              15                 0.0
TcpExtTCPMTUPFail               0                  0.0
TcpExtTCPMTUPSuccess            0                  0.0
TcpExtTCPDelivered              4364               0.0
TcpExtTCPDeliveredCE            0                  0.0
TcpExtTCPAckCompressed          0                  0.0
TcpExtTCPZeroWindowDrop         0                  0.0
TcpExtTCPRcvQDrop               0                  0.0
TcpExtTCPWqueueTooBig           0                  0.0
TcpExtTCPFastOpenPassiveAltKey  0                  0.0
TcpExtTcpTimeoutRehash          0                  0.0
TcpExtTcpDuplicateDataRehash    0                  0.0
TcpExtTCPDSACKRecvSegs          0                  0.0
TcpExtTCPDSACKIgnoredDubious    0                  0.0
TcpExtTCPMigrateReqSuccess      0                  0.0
TcpExtTCPMigrateReqFailure      0                  0.0
TcpExtTCPPLBRehash              0                  0.0
TcpExtTCPAORequired             0                  0.0
TcpExtTCPAOBad                  0                  0.0
TcpExtTCPAOKeyNotFound          0                  0.0
TcpExtTCPAOGood                 0                  0.0
TcpExtTCPAODroppedIcmps         0                  0.0
IpExtInNoRoutes                 0                  0.0
IpExtInTruncatedPkts            0                  0.0
IpExtInMcastPkts                0                  0.0
IpExtOutMcastPkts               4                  0.0
IpExtInBcastPkts                0                  0.0
IpExtOutBcastPkts               0                  0.0
IpExtInOctets                   149810277814       0.0
IpExtOutOctets                  149417740367       0.0
IpExtInMcastOctets              0                  0.0
IpExtOutMcastOctets             160                0.0
IpExtInBcastOctets              0                  0.0
IpExtOutBcastOctets             0                  0.0
IpExtInCsumErrors               0                  0.0
IpExtInNoECTPkts                190533237          0.0
IpExtInECT1Pkts                 0                  0.0
IpExtInECT0Pkts                 0                  0.0
IpExtInCEPkts                   0                  0.0
IpExtReasmOverlaps              0                  0.0
MPTcpExtMPCapableSYNRX          0                  0.0
MPTcpExtMPCapableSYNTX          0                  0.0
MPTcpExtMPCapableSYNACKRX       0                  0.0
MPTcpExtMPCapableACKRX          0                  0.0
MPTcpExtMPCapableFallbackACK    0                  0.0
MPTcpExtMPCapableFallbackSYNACK 0                  0.0
MPTcpExtMPCapableSYNTXDrop      0                  0.0
MPTcpExtMPCapableSYNTXDisabled  0                  0.0
MPTcpExtMPCapableEndpAttempt    0                  0.0
MPTcpExtMPFallbackTokenInit     0                  0.0
MPTcpExtMPTCPRetrans            0                  0.0
MPTcpExtMPJoinNoTokenFound      0                  0.0
MPTcpExtMPJoinSynRx             0                  0.0
MPTcpExtMPJoinSynBackupRx       0                  0.0
MPTcpExtMPJoinSynAckRx          0                  0.0
MPTcpExtMPJoinSynAckBackupRx    0                  0.0
MPTcpExtMPJoinSynAckHMacFailure 0                  0.0
MPTcpExtMPJoinAckRx             0                  0.0
MPTcpExtMPJoinAckHMacFailure    0                  0.0
MPTcpExtMPJoinRejected          0                  0.0
MPTcpExtMPJoinSynTx             0                  0.0
MPTcpExtMPJoinSynTxCreatSkErr   0                  0.0
MPTcpExtMPJoinSynTxBindErr      0                  0.0
MPTcpExtMPJoinSynTxConnectErr   0                  0.0
MPTcpExtDSSNotMatching          0                  0.0
MPTcpExtDSSCorruptionFallback   0                  0.0
MPTcpExtDSSCorruptionReset      0                  0.0
MPTcpExtInfiniteMapTx           0                  0.0
MPTcpExtInfiniteMapRx           0                  0.0
MPTcpExtDSSNoMatchTCP           0                  0.0
MPTcpExtDataCsumErr             0                  0.0
MPTcpExtOFOQueueTail            0                  0.0
MPTcpExtOFOQueue                0                  0.0
MPTcpExtOFOMerge                0                  0.0
MPTcpExtNoDSSInWindow           0                  0.0
MPTcpExtDuplicateData           0                  0.0
MPTcpExtAddAddr                 0                  0.0
MPTcpExtAddAddrTx               0                  0.0
MPTcpExtAddAddrTxDrop           0                  0.0
MPTcpExtEchoAdd                 0                  0.0
MPTcpExtEchoAddTx               0                  0.0
MPTcpExtEchoAddTxDrop           0                  0.0
MPTcpExtPortAdd                 0                  0.0
MPTcpExtAddAddrDrop             0                  0.0
MPTcpExtMPJoinPortSynRx         0                  0.0
MPTcpExtMPJoinPortSynAckRx      0                  0.0
MPTcpExtMPJoinPortAckRx         0                  0.0
MPTcpExtMismatchPortSynRx       0                  0.0
MPTcpExtMismatchPortAckRx       0                  0.0
MPTcpExtRmAddr                  0                  0.0
MPTcpExtRmAddrDrop              0                  0.0
MPTcpExtRmAddrTx                0                  0.0
MPTcpExtRmAddrTxDrop            0                  0.0
MPTcpExtRmSubflow               0                  0.0
MPTcpExtMPPrioTx                0                  0.0
MPTcpExtMPPrioRx                0                  0.0
MPTcpExtMPFailTx                0                  0.0
MPTcpExtMPFailRx                0                  0.0
MPTcpExtMPFastcloseTx           0                  0.0
MPTcpExtMPFastcloseRx           0                  0.0
MPTcpExtMPRstTx                 0                  0.0
MPTcpExtMPRstRx                 0                  0.0
MPTcpExtRcvPruned               0                  0.0
MPTcpExtSubflowStale            0                  0.0
MPTcpExtSubflowRecover          0                  0.0
MPTcpExtSndWndShared            0                  0.0
MPTcpExtRcvWndShared            0                  0.0
MPTcpExtRcvWndConflictUpdate    0                  0.0
MPTcpExtRcvWndConflict          0                  0.0
MPTcpExtMPCurrEstab             0                  0.0
MPTcpExtBlackhole               0                  0.0
MPTcpExtMPCapableDataFallback   0                  0.0
MPTcpExtMD5SigFallback          0                  0.0
MPTcpExtDssFallback             0                  0.0
MPTcpExtSimultConnectFallback   0                  0.0
MPTcpExtFallbackFailed          0                  0.0
---TIMESTAMP 1776689982---
State Recv-Q Send-Q Local Address:Port Peer Address:PortProcess
#kernel
IpInReceives                    134834619          0.0
IpInHdrErrors                   0                  0.0
IpInAddrErrors                  5                  0.0
IpForwDatagrams                 134812472          0.0
IpInUnknownProtos               0                  0.0
IpInDiscards                    0                  0.0
IpInDelivers                    22142              0.0
IpOutRequests                   17282              0.0
IpOutDiscards                   0                  0.0
IpOutNoRoutes                   3                  0.0
IpReasmTimeout                  0                  0.0
IpReasmReqds                    0                  0.0
IpReasmOKs                      0                  0.0
IpReasmFails                    0                  0.0
IpFragOKs                       0                  0.0
IpFragFails                     0                  0.0
IpFragCreates                   0                  0.0
IpOutTransmits                  134829754          0.0
IcmpInMsgs                      3                  0.0
IcmpInErrors                    0                  0.0
IcmpInCsumErrors                0                  0.0
IcmpInDestUnreachs              3                  0.0
IcmpInTimeExcds                 0                  0.0
IcmpInParmProbs                 0                  0.0
IcmpInSrcQuenchs                0                  0.0
IcmpInRedirects                 0                  0.0
IcmpInEchos                     0                  0.0
IcmpInEchoReps                  0                  0.0
IcmpInTimestamps                0                  0.0
IcmpInTimestampReps             0                  0.0
IcmpInAddrMasks                 0                  0.0
IcmpInAddrMaskReps              0                  0.0
IcmpOutMsgs                     3                  0.0
IcmpOutErrors                   0                  0.0
IcmpOutRateLimitGlobal          0                  0.0
IcmpOutRateLimitHost            0                  0.0
IcmpOutDestUnreachs             3                  0.0
IcmpOutTimeExcds                0                  0.0
IcmpOutParmProbs                0                  0.0
IcmpOutSrcQuenchs               0                  0.0
IcmpOutRedirects                0                  0.0
IcmpOutEchos                    0                  0.0
IcmpOutEchoReps                 0                  0.0
IcmpOutTimestamps               0                  0.0
IcmpOutTimestampReps            0                  0.0
IcmpOutAddrMasks                0                  0.0
IcmpOutAddrMaskReps             0                  0.0
IcmpMsgInType3                  3                  0.0
IcmpMsgOutType3                 3                  0.0
TcpActiveOpens                  473                0.0
TcpPassiveOpens                 121                0.0
TcpAttemptFails                 10                 0.0
TcpEstabResets                  11                 0.0
TcpInSegs                       21831              0.0
TcpOutSegs                      17252              0.0
TcpRetransSegs                  61                 0.0
TcpInErrs                       0                  0.0
TcpOutRsts                      25                 0.0
TcpInCsumErrors                 0                  0.0
UdpInDatagrams                  1306               0.0
UdpNoPorts                      3                  0.0
UdpInErrors                     0                  0.0
UdpOutDatagrams                 1309               0.0
UdpRcvbufErrors                 0                  0.0
UdpSndbufErrors                 0                  0.0
UdpInCsumErrors                 0                  0.0
UdpIgnoredMulti                 0                  0.0
UdpMemErrors                    0                  0.0
UdpLiteInDatagrams              0                  0.0
UdpLiteNoPorts                  0                  0.0
UdpLiteInErrors                 0                  0.0
UdpLiteOutDatagrams             0                  0.0
UdpLiteRcvbufErrors             0                  0.0
UdpLiteSndbufErrors             0                  0.0
UdpLiteInCsumErrors             0                  0.0
UdpLiteIgnoredMulti             0                  0.0
UdpLiteMemErrors                0                  0.0
Ip6InReceives                   1007               0.0
Ip6InHdrErrors                  0                  0.0
Ip6InTooBigErrors               0                  0.0
Ip6InNoRoutes                   0                  0.0
Ip6InAddrErrors                 0                  0.0
Ip6InUnknownProtos              0                  0.0
Ip6InTruncatedPkts              0                  0.0
Ip6InDiscards                   0                  0.0
Ip6InDelivers                   1007               0.0
Ip6OutForwDatagrams             0                  0.0
Ip6OutRequests                  1051               0.0
Ip6OutDiscards                  0                  0.0
Ip6OutNoRoutes                  108                0.0
Ip6ReasmTimeout                 0                  0.0
Ip6ReasmReqds                   0                  0.0
Ip6ReasmOKs                     0                  0.0
Ip6ReasmFails                   0                  0.0
Ip6FragOKs                      0                  0.0
Ip6FragFails                    0                  0.0
Ip6FragCreates                  0                  0.0
Ip6InMcastPkts                  0                  0.0
Ip6OutMcastPkts                 44                 0.0
Ip6InOctets                     7368182            0.0
Ip6OutOctets                    7371090            0.0
Ip6InMcastOctets                0                  0.0
Ip6OutMcastOctets               2908               0.0
Ip6InBcastOctets                0                  0.0
Ip6OutBcastOctets               0                  0.0
Ip6InNoECTPkts                  1007               0.0
Ip6InECT1Pkts                   0                  0.0
Ip6InECT0Pkts                   0                  0.0
Ip6InCEPkts                     0                  0.0
Ip6OutTransmits                 1051               0.0
Icmp6InMsgs                     3                  0.0
Icmp6InErrors                   0                  0.0
Icmp6OutMsgs                    47                 0.0
Icmp6OutErrors                  0                  0.0
Icmp6InCsumErrors               0                  0.0
Icmp6OutRateLimitHost           0                  0.0
Icmp6InDestUnreachs             3                  0.0
Icmp6InPktTooBigs               0                  0.0
Icmp6InTimeExcds                0                  0.0
Icmp6InParmProblems             0                  0.0
Icmp6InEchos                    0                  0.0
Icmp6InEchoReplies              0                  0.0
Icmp6InGroupMembQueries         0                  0.0
Icmp6InGroupMembResponses       0                  0.0
Icmp6InGroupMembReductions      0                  0.0
Icmp6InRouterSolicits           0                  0.0
Icmp6InRouterAdvertisements     0                  0.0
Icmp6InNeighborSolicits         0                  0.0
Icmp6InNeighborAdvertisements   0                  0.0
Icmp6InRedirects                0                  0.0
Icmp6InMLDv2Reports             0                  0.0
Icmp6OutDestUnreachs            3                  0.0
Icmp6OutPktTooBigs              0                  0.0
Icmp6OutTimeExcds               0                  0.0
Icmp6OutParmProblems            0                  0.0
Icmp6OutEchos                   0                  0.0
Icmp6OutEchoReplies             0                  0.0
Icmp6OutGroupMembQueries        0                  0.0
Icmp6OutGroupMembResponses      0                  0.0
Icmp6OutGroupMembReductions     0                  0.0
Icmp6OutRouterSolicits          25                 0.0
Icmp6OutRouterAdvertisements    0                  0.0
Icmp6OutNeighborSolicits        4                  0.0
Icmp6OutNeighborAdvertisements  0                  0.0
Icmp6OutRedirects               0                  0.0
Icmp6OutMLDv2Reports            15                 0.0
Icmp6InType1                    3                  0.0
Icmp6OutType1                   3                  0.0
Icmp6OutType133                 25                 0.0
Icmp6OutType135                 4                  0.0
Icmp6OutType143                 15                 0.0
Udp6InDatagrams                 0                  0.0
Udp6NoPorts                     3                  0.0
Udp6InErrors                    0                  0.0
Udp6OutDatagrams                3                  0.0
Udp6RcvbufErrors                0                  0.0
Udp6SndbufErrors                0                  0.0
Udp6InCsumErrors                0                  0.0
Udp6IgnoredMulti                0                  0.0
Udp6MemErrors                   0                  0.0
UdpLite6InDatagrams             0                  0.0
UdpLite6NoPorts                 0                  0.0
UdpLite6InErrors                0                  0.0
UdpLite6OutDatagrams            0                  0.0
UdpLite6RcvbufErrors            0                  0.0
UdpLite6SndbufErrors            0                  0.0
UdpLite6InCsumErrors            0                  0.0
UdpLite6MemErrors               0                  0.0
TcpExtSyncookiesSent            0                  0.0
TcpExtSyncookiesRecv            0                  0.0
TcpExtSyncookiesFailed          0                  0.0
TcpExtEmbryonicRsts             6                  0.0
TcpExtPruneCalled               1                  0.0
TcpExtRcvPruned                 0                  0.0
TcpExtOfoPruned                 0                  0.0
TcpExtOutOfWindowIcmps          0                  0.0
TcpExtLockDroppedIcmps          0                  0.0
TcpExtArpFilter                 0                  0.0
TcpExtTW                        236                0.0
TcpExtTWRecycled                0                  0.0
TcpExtTWKilled                  0                  0.0
TcpExtPAWSActive                0                  0.0
TcpExtPAWSEstab                 0                  0.0
TcpExtBeyondWindow              0                  0.0
TcpExtTSEcrRejected             0                  0.0
TcpExtPAWSOldAck                0                  0.0
TcpExtPAWSTimewait              0                  0.0
TcpExtDelayedACKs               376                0.0
TcpExtDelayedACKLocked          0                  0.0
TcpExtDelayedACKLost            106                0.0
TcpExtListenOverflows           0                  0.0
TcpExtListenDrops               0                  0.0
TcpExtTCPHPHits                 1442               0.0
TcpExtTCPPureAcks               1524               0.0
TcpExtTCPHPAcks                 1737               0.0
TcpExtTCPRenoRecovery           0                  0.0
TcpExtTCPSackRecovery           0                  0.0
TcpExtTCPSACKReneging           0                  0.0
TcpExtTCPSACKReorder            0                  0.0
TcpExtTCPRenoReorder            0                  0.0
TcpExtTCPTSReorder              0                  0.0
TcpExtTCPFullUndo               0                  0.0
TcpExtTCPPartialUndo            0                  0.0
TcpExtTCPDSACKUndo              0                  0.0
TcpExtTCPLossUndo               0                  0.0
TcpExtTCPLostRetransmit         0                  0.0
TcpExtTCPRenoFailures           0                  0.0
TcpExtTCPSackFailures           0                  0.0
TcpExtTCPLossFailures           0                  0.0
TcpExtTCPFastRetrans            0                  0.0
TcpExtTCPSlowStartRetrans       0                  0.0
TcpExtTCPTimeouts               71                 0.0
TcpExtTCPLossProbes             1                  0.0
TcpExtTCPLossProbeRecovery      0                  0.0
TcpExtTCPRenoRecoveryFail       0                  0.0
TcpExtTCPSackRecoveryFail       0                  0.0
TcpExtTCPRcvCollapsed           26                 0.0
TcpExtTCPBacklogCoalesce        14                 0.0
TcpExtTCPDSACKOldSent           106                0.0
TcpExtTCPDSACKOfoSent           0                  0.0
TcpExtTCPDSACKRecv              0                  0.0
TcpExtTCPDSACKOfoRecv           0                  0.0
TcpExtTCPAbortOnData            4                  0.0
TcpExtTCPAbortOnClose           6                  0.0
TcpExtTCPAbortOnMemory          0                  0.0
TcpExtTCPAbortOnTimeout         0                  0.0
TcpExtTCPAbortOnLinger          0                  0.0
TcpExtTCPAbortFailed            0                  0.0
TcpExtTCPMemoryPressures        0                  0.0
TcpExtTCPMemoryPressuresChrono  0                  0.0
TcpExtTCPSACKDiscard            0                  0.0
TcpExtTCPDSACKIgnoredOld        0                  0.0
TcpExtTCPDSACKIgnoredNoUndo     0                  0.0
TcpExtTCPSpuriousRTOs           0                  0.0
TcpExtTCPMD5NotFound            0                  0.0
TcpExtTCPMD5Unexpected          0                  0.0
TcpExtTCPMD5Failure             0                  0.0
TcpExtTCPSackShifted            0                  0.0
TcpExtTCPSackMerged             0                  0.0
TcpExtTCPSackShiftFallback      0                  0.0
TcpExtTCPBacklogDrop            0                  0.0
TcpExtPFMemallocDrop            0                  0.0
TcpExtTCPMinTTLDrop             0                  0.0
TcpExtTCPDeferAcceptDrop        0                  0.0
TcpExtIPReversePathFilter       0                  0.0
TcpExtTCPTimeWaitOverflow       0                  0.0
TcpExtTCPReqQFullDoCookies      0                  0.0
TcpExtTCPReqQFullDrop           0                  0.0
TcpExtTCPRetransFail            0                  0.0
TcpExtTCPRcvCoalesce            1236               0.0
TcpExtTCPOFOQueue               0                  0.0
TcpExtTCPOFODrop                0                  0.0
TcpExtTCPOFOMerge               0                  0.0
TcpExtTCPChallengeACK           0                  0.0
TcpExtTCPSYNChallenge           0                  0.0
TcpExtTCPFastOpenActive         0                  0.0
TcpExtTCPFastOpenActiveFail     0                  0.0
TcpExtTCPFastOpenPassive        0                  0.0
TcpExtTCPFastOpenPassiveFail    0                  0.0
TcpExtTCPFastOpenListenOverflow 0                  0.0
TcpExtTCPFastOpenCookieReqd     0                  0.0
TcpExtTCPFastOpenBlackhole      0                  0.0
TcpExtTCPSpuriousRtxHostQueues  0                  0.0
TcpExtBusyPollRxPackets         0                  0.0
TcpExtTCPAutoCorking            20                 0.0
TcpExtTCPFromZeroWindowAdv      106                0.0
TcpExtTCPToZeroWindowAdv        106                0.0
TcpExtTCPWantZeroWindowAdv      6                  0.0
TcpExtTCPSynRetrans             60                 0.0
TcpExtTCPOrigDataSent           3940               0.0
TcpExtTCPHystartTrainDetect     0                  0.0
TcpExtTCPHystartTrainCwnd       0                  0.0
TcpExtTCPHystartDelayDetect     0                  0.0
TcpExtTCPHystartDelayCwnd       0                  0.0
TcpExtTCPACKSkippedSynRecv      0                  0.0
TcpExtTCPACKSkippedPAWS         0                  0.0
TcpExtTCPACKSkippedSeq          0                  0.0
TcpExtTCPACKSkippedFinWait2     0                  0.0
TcpExtTCPACKSkippedTimeWait     0                  0.0
TcpExtTCPACKSkippedChallenge    0                  0.0
TcpExtTCPWinProbe               0                  0.0
TcpExtTCPKeepAlive              15                 0.0
TcpExtTCPMTUPFail               0                  0.0
TcpExtTCPMTUPSuccess            0                  0.0
TcpExtTCPDelivered              4400               0.0
TcpExtTCPDeliveredCE            0                  0.0
TcpExtTCPAckCompressed          0                  0.0
TcpExtTCPZeroWindowDrop         0                  0.0
TcpExtTCPRcvQDrop               0                  0.0
TcpExtTCPWqueueTooBig           0                  0.0
TcpExtTCPFastOpenPassiveAltKey  0                  0.0
TcpExtTcpTimeoutRehash          0                  0.0
TcpExtTcpDuplicateDataRehash    0                  0.0
TcpExtTCPDSACKRecvSegs          0                  0.0
TcpExtTCPDSACKIgnoredDubious    0                  0.0
TcpExtTCPMigrateReqSuccess      0                  0.0
TcpExtTCPMigrateReqFailure      0                  0.0
TcpExtTCPPLBRehash              0                  0.0
TcpExtTCPAORequired             0                  0.0
TcpExtTCPAOBad                  0                  0.0
TcpExtTCPAOKeyNotFound          0                  0.0
TcpExtTCPAOGood                 0                  0.0
TcpExtTCPAODroppedIcmps         0                  0.0
IpExtInNoRoutes                 0                  0.0
IpExtInTruncatedPkts            0                  0.0
IpExtInMcastPkts                0                  0.0
IpExtOutMcastPkts               4                  0.0
IpExtInBcastPkts                0                  0.0
IpExtOutBcastPkts               0                  0.0
IpExtInOctets                   150224410524       0.0
IpExtOutOctets                  149831391466       0.0
IpExtInMcastOctets              0                  0.0
IpExtOutMcastOctets             160                0.0
IpExtInBcastOctets              0                  0.0
IpExtOutBcastOctets             0                  0.0
IpExtInCsumErrors               0                  0.0
IpExtInNoECTPkts                190951360          0.0
IpExtInECT1Pkts                 0                  0.0
IpExtInECT0Pkts                 0                  0.0
IpExtInCEPkts                   0                  0.0
IpExtReasmOverlaps              0                  0.0
MPTcpExtMPCapableSYNRX          0                  0.0
MPTcpExtMPCapableSYNTX          0                  0.0
MPTcpExtMPCapableSYNACKRX       0                  0.0
MPTcpExtMPCapableACKRX          0                  0.0
MPTcpExtMPCapableFallbackACK    0                  0.0
MPTcpExtMPCapableFallbackSYNACK 0                  0.0
MPTcpExtMPCapableSYNTXDrop      0                  0.0
MPTcpExtMPCapableSYNTXDisabled  0                  0.0
MPTcpExtMPCapableEndpAttempt    0                  0.0
MPTcpExtMPFallbackTokenInit     0                  0.0
MPTcpExtMPTCPRetrans            0                  0.0
MPTcpExtMPJoinNoTokenFound      0                  0.0
MPTcpExtMPJoinSynRx             0                  0.0
MPTcpExtMPJoinSynBackupRx       0                  0.0
MPTcpExtMPJoinSynAckRx          0                  0.0
MPTcpExtMPJoinSynAckBackupRx    0                  0.0
MPTcpExtMPJoinSynAckHMacFailure 0                  0.0
MPTcpExtMPJoinAckRx             0                  0.0
MPTcpExtMPJoinAckHMacFailure    0                  0.0
MPTcpExtMPJoinRejected          0                  0.0
MPTcpExtMPJoinSynTx             0                  0.0
MPTcpExtMPJoinSynTxCreatSkErr   0                  0.0
MPTcpExtMPJoinSynTxBindErr      0                  0.0
MPTcpExtMPJoinSynTxConnectErr   0                  0.0
MPTcpExtDSSNotMatching          0                  0.0
MPTcpExtDSSCorruptionFallback   0                  0.0
MPTcpExtDSSCorruptionReset      0                  0.0
MPTcpExtInfiniteMapTx           0                  0.0
MPTcpExtInfiniteMapRx           0                  0.0
MPTcpExtDSSNoMatchTCP           0                  0.0
MPTcpExtDataCsumErr             0                  0.0
MPTcpExtOFOQueueTail            0                  0.0
MPTcpExtOFOQueue                0                  0.0
MPTcpExtOFOMerge                0                  0.0
MPTcpExtNoDSSInWindow           0                  0.0
MPTcpExtDuplicateData           0                  0.0
MPTcpExtAddAddr                 0                  0.0
MPTcpExtAddAddrTx               0                  0.0
MPTcpExtAddAddrTxDrop           0                  0.0
MPTcpExtEchoAdd                 0                  0.0
MPTcpExtEchoAddTx               0                  0.0
MPTcpExtEchoAddTxDrop           0                  0.0
MPTcpExtPortAdd                 0                  0.0
MPTcpExtAddAddrDrop             0                  0.0
MPTcpExtMPJoinPortSynRx         0                  0.0
MPTcpExtMPJoinPortSynAckRx      0                  0.0
MPTcpExtMPJoinPortAckRx         0                  0.0
MPTcpExtMismatchPortSynRx       0                  0.0
MPTcpExtMismatchPortAckRx       0                  0.0
MPTcpExtRmAddr                  0                  0.0
MPTcpExtRmAddrDrop              0                  0.0
MPTcpExtRmAddrTx                0                  0.0
MPTcpExtRmAddrTxDrop            0                  0.0
MPTcpExtRmSubflow               0                  0.0
MPTcpExtMPPrioTx                0                  0.0
MPTcpExtMPPrioRx                0                  0.0
MPTcpExtMPFailTx                0                  0.0
MPTcpExtMPFailRx                0                  0.0
MPTcpExtMPFastcloseTx           0                  0.0
MPTcpExtMPFastcloseRx           0                  0.0
MPTcpExtMPRstTx                 0                  0.0
MPTcpExtMPRstRx                 0                  0.0
MPTcpExtRcvPruned               0                  0.0
MPTcpExtSubflowStale            0                  0.0
MPTcpExtSubflowRecover          0                  0.0
MPTcpExtSndWndShared            0                  0.0
MPTcpExtRcvWndShared            0                  0.0
MPTcpExtRcvWndConflictUpdate    0                  0.0
MPTcpExtRcvWndConflict          0                  0.0
MPTcpExtMPCurrEstab             0                  0.0
MPTcpExtBlackhole               0                  0.0
MPTcpExtMPCapableDataFallback   0                  0.0
MPTcpExtMD5SigFallback          0                  0.0
MPTcpExtDssFallback             0                  0.0
MPTcpExtSimultConnectFallback   0                  0.0
MPTcpExtFallbackFailed          0                  0.0
---TIMESTAMP 1776689987---
State Recv-Q Send-Q Local Address:Port Peer Address:PortProcess
#kernel
IpInReceives                    135093331          0.0
IpInHdrErrors                   0                  0.0
IpInAddrErrors                  5                  0.0
IpForwDatagrams                 135071146          0.0
IpInUnknownProtos               0                  0.0
IpInDiscards                    0                  0.0
IpInDelivers                    22180              0.0
IpOutRequests                   17322              0.0
IpOutDiscards                   0                  0.0
IpOutNoRoutes                   3                  0.0
IpReasmTimeout                  0                  0.0
IpReasmReqds                    0                  0.0
IpReasmOKs                      0                  0.0
IpReasmFails                    0                  0.0
IpFragOKs                       0                  0.0
IpFragFails                     0                  0.0
IpFragCreates                   0                  0.0
IpOutTransmits                  135088468          0.0
IcmpInMsgs                      3                  0.0
IcmpInErrors                    0                  0.0
IcmpInCsumErrors                0                  0.0
IcmpInDestUnreachs              3                  0.0
IcmpInTimeExcds                 0                  0.0
IcmpInParmProbs                 0                  0.0
IcmpInSrcQuenchs                0                  0.0
IcmpInRedirects                 0                  0.0
IcmpInEchos                     0                  0.0
IcmpInEchoReps                  0                  0.0
IcmpInTimestamps                0                  0.0
IcmpInTimestampReps             0                  0.0
IcmpInAddrMasks                 0                  0.0
IcmpInAddrMaskReps              0                  0.0
IcmpOutMsgs                     3                  0.0
IcmpOutErrors                   0                  0.0
IcmpOutRateLimitGlobal          0                  0.0
IcmpOutRateLimitHost            0                  0.0
IcmpOutDestUnreachs             3                  0.0
IcmpOutTimeExcds                0                  0.0
IcmpOutParmProbs                0                  0.0
IcmpOutSrcQuenchs               0                  0.0
IcmpOutRedirects                0                  0.0
IcmpOutEchos                    0                  0.0
IcmpOutEchoReps                 0                  0.0
IcmpOutTimestamps               0                  0.0
IcmpOutTimestampReps            0                  0.0
IcmpOutAddrMasks                0                  0.0
IcmpOutAddrMaskReps             0                  0.0
IcmpMsgInType3                  3                  0.0
IcmpMsgOutType3                 3                  0.0
TcpActiveOpens                  475                0.0
TcpPassiveOpens                 122                0.0
TcpAttemptFails                 10                 0.0
TcpEstabResets                  11                 0.0
TcpInSegs                       21938              0.0
TcpOutSegs                      17361              0.0
TcpRetransSegs                  61                 0.0
TcpInErrs                       0                  0.0
TcpOutRsts                      25                 0.0
TcpInCsumErrors                 0                  0.0
UdpInDatagrams                  1306               0.0
UdpNoPorts                      3                  0.0
UdpInErrors                     0                  0.0
UdpOutDatagrams                 1309               0.0
UdpRcvbufErrors                 0                  0.0
UdpSndbufErrors                 0                  0.0
UdpInCsumErrors                 0                  0.0
UdpIgnoredMulti                 0                  0.0
UdpMemErrors                    0                  0.0
UdpLiteInDatagrams              0                  0.0
UdpLiteNoPorts                  0                  0.0
UdpLiteInErrors                 0                  0.0
UdpLiteOutDatagrams             0                  0.0
UdpLiteRcvbufErrors             0                  0.0
UdpLiteSndbufErrors             0                  0.0
UdpLiteInCsumErrors             0                  0.0
UdpLiteIgnoredMulti             0                  0.0
UdpLiteMemErrors                0                  0.0
Ip6InReceives                   1076               0.0
Ip6InHdrErrors                  0                  0.0
Ip6InTooBigErrors               0                  0.0
Ip6InNoRoutes                   0                  0.0
Ip6InAddrErrors                 0                  0.0
Ip6InUnknownProtos              0                  0.0
Ip6InTruncatedPkts              0                  0.0
Ip6InDiscards                   0                  0.0
Ip6InDelivers                   1076               0.0
Ip6OutForwDatagrams             0                  0.0
Ip6OutRequests                  1120               0.0
Ip6OutDiscards                  0                  0.0
Ip6OutNoRoutes                  108                0.0
Ip6ReasmTimeout                 0                  0.0
Ip6ReasmReqds                   0                  0.0
Ip6ReasmOKs                     0                  0.0
Ip6ReasmFails                   0                  0.0
Ip6FragOKs                      0                  0.0
Ip6FragFails                    0                  0.0
Ip6FragCreates                  0                  0.0
Ip6InMcastPkts                  0                  0.0
Ip6OutMcastPkts                 44                 0.0
Ip6InOctets                     7855049            0.0
Ip6OutOctets                    7857957            0.0
Ip6InMcastOctets                0                  0.0
Ip6OutMcastOctets               2908               0.0
Ip6InBcastOctets                0                  0.0
Ip6OutBcastOctets               0                  0.0
Ip6InNoECTPkts                  1076               0.0
Ip6InECT1Pkts                   0                  0.0
Ip6InECT0Pkts                   0                  0.0
Ip6InCEPkts                     0                  0.0
Ip6OutTransmits                 1120               0.0
Icmp6InMsgs                     3                  0.0
Icmp6InErrors                   0                  0.0
Icmp6OutMsgs                    47                 0.0
Icmp6OutErrors                  0                  0.0
Icmp6InCsumErrors               0                  0.0
Icmp6OutRateLimitHost           0                  0.0
Icmp6InDestUnreachs             3                  0.0
Icmp6InPktTooBigs               0                  0.0
Icmp6InTimeExcds                0                  0.0
Icmp6InParmProblems             0                  0.0
Icmp6InEchos                    0                  0.0
Icmp6InEchoReplies              0                  0.0
Icmp6InGroupMembQueries         0                  0.0
Icmp6InGroupMembResponses       0                  0.0
Icmp6InGroupMembReductions      0                  0.0
Icmp6InRouterSolicits           0                  0.0
Icmp6InRouterAdvertisements     0                  0.0
Icmp6InNeighborSolicits         0                  0.0
Icmp6InNeighborAdvertisements   0                  0.0
Icmp6InRedirects                0                  0.0
Icmp6InMLDv2Reports             0                  0.0
Icmp6OutDestUnreachs            3                  0.0
Icmp6OutPktTooBigs              0                  0.0
Icmp6OutTimeExcds               0                  0.0
Icmp6OutParmProblems            0                  0.0
Icmp6OutEchos                   0                  0.0
Icmp6OutEchoReplies             0                  0.0
Icmp6OutGroupMembQueries        0                  0.0
Icmp6OutGroupMembResponses      0                  0.0
Icmp6OutGroupMembReductions     0                  0.0
Icmp6OutRouterSolicits          25                 0.0
Icmp6OutRouterAdvertisements    0                  0.0
Icmp6OutNeighborSolicits        4                  0.0
Icmp6OutNeighborAdvertisements  0                  0.0
Icmp6OutRedirects               0                  0.0
Icmp6OutMLDv2Reports            15                 0.0
Icmp6InType1                    3                  0.0
Icmp6OutType1                   3                  0.0
Icmp6OutType133                 25                 0.0
Icmp6OutType135                 4                  0.0
Icmp6OutType143                 15                 0.0
Udp6InDatagrams                 0                  0.0
Udp6NoPorts                     3                  0.0
Udp6InErrors                    0                  0.0
Udp6OutDatagrams                3                  0.0
Udp6RcvbufErrors                0                  0.0
Udp6SndbufErrors                0                  0.0
Udp6InCsumErrors                0                  0.0
Udp6IgnoredMulti                0                  0.0
Udp6MemErrors                   0                  0.0
UdpLite6InDatagrams             0                  0.0
UdpLite6NoPorts                 0                  0.0
UdpLite6InErrors                0                  0.0
UdpLite6OutDatagrams            0                  0.0
UdpLite6RcvbufErrors            0                  0.0
UdpLite6SndbufErrors            0                  0.0
UdpLite6InCsumErrors            0                  0.0
UdpLite6MemErrors               0                  0.0
TcpExtSyncookiesSent            0                  0.0
TcpExtSyncookiesRecv            0                  0.0
TcpExtSyncookiesFailed          0                  0.0
TcpExtEmbryonicRsts             6                  0.0
TcpExtPruneCalled               1                  0.0
TcpExtRcvPruned                 0                  0.0
TcpExtOfoPruned                 0                  0.0
TcpExtOutOfWindowIcmps          0                  0.0
TcpExtLockDroppedIcmps          0                  0.0
TcpExtArpFilter                 0                  0.0
TcpExtTW                        238                0.0
TcpExtTWRecycled                0                  0.0
TcpExtTWKilled                  0                  0.0
TcpExtPAWSActive                0                  0.0
TcpExtPAWSEstab                 0                  0.0
TcpExtBeyondWindow              0                  0.0
TcpExtTSEcrRejected             0                  0.0
TcpExtPAWSOldAck                0                  0.0
TcpExtPAWSTimewait              0                  0.0
TcpExtDelayedACKs               376                0.0
TcpExtDelayedACKLocked          0                  0.0
TcpExtDelayedACKLost            106                0.0
TcpExtListenOverflows           0                  0.0
TcpExtListenDrops               0                  0.0
TcpExtTCPHPHits                 1444               0.0
TcpExtTCPPureAcks               1537               0.0
TcpExtTCPHPAcks                 1758               0.0
TcpExtTCPRenoRecovery           0                  0.0
TcpExtTCPSackRecovery           0                  0.0
TcpExtTCPSACKReneging           0                  0.0
TcpExtTCPSACKReorder            0                  0.0
TcpExtTCPRenoReorder            0                  0.0
TcpExtTCPTSReorder              0                  0.0
TcpExtTCPFullUndo               0                  0.0
TcpExtTCPPartialUndo            0                  0.0
TcpExtTCPDSACKUndo              0                  0.0
TcpExtTCPLossUndo               0                  0.0
TcpExtTCPLostRetransmit         0                  0.0
TcpExtTCPRenoFailures           0                  0.0
TcpExtTCPSackFailures           0                  0.0
TcpExtTCPLossFailures           0                  0.0
TcpExtTCPFastRetrans            0                  0.0
TcpExtTCPSlowStartRetrans       0                  0.0
TcpExtTCPTimeouts               72                 0.0
TcpExtTCPLossProbes             1                  0.0
TcpExtTCPLossProbeRecovery      0                  0.0
TcpExtTCPRenoRecoveryFail       0                  0.0
TcpExtTCPSackRecoveryFail       0                  0.0
TcpExtTCPRcvCollapsed           26                 0.0
TcpExtTCPBacklogCoalesce        14                 0.0
TcpExtTCPDSACKOldSent           106                0.0
TcpExtTCPDSACKOfoSent           0                  0.0
TcpExtTCPDSACKRecv              0                  0.0
TcpExtTCPDSACKOfoRecv           0                  0.0
TcpExtTCPAbortOnData            4                  0.0
TcpExtTCPAbortOnClose           6                  0.0
TcpExtTCPAbortOnMemory          0                  0.0
TcpExtTCPAbortOnTimeout         0                  0.0
TcpExtTCPAbortOnLinger          0                  0.0
TcpExtTCPAbortFailed            0                  0.0
TcpExtTCPMemoryPressures        0                  0.0
TcpExtTCPMemoryPressuresChrono  0                  0.0
TcpExtTCPSACKDiscard            0                  0.0
TcpExtTCPDSACKIgnoredOld        0                  0.0
TcpExtTCPDSACKIgnoredNoUndo     0                  0.0
TcpExtTCPSpuriousRTOs           0                  0.0
TcpExtTCPMD5NotFound            0                  0.0
TcpExtTCPMD5Unexpected          0                  0.0
TcpExtTCPMD5Failure             0                  0.0
TcpExtTCPSackShifted            0                  0.0
TcpExtTCPSackMerged             0                  0.0
TcpExtTCPSackShiftFallback      0                  0.0
TcpExtTCPBacklogDrop            0                  0.0
TcpExtPFMemallocDrop            0                  0.0
TcpExtTCPMinTTLDrop             0                  0.0
TcpExtTCPDeferAcceptDrop        0                  0.0
TcpExtIPReversePathFilter       0                  0.0
TcpExtTCPTimeWaitOverflow       0                  0.0
TcpExtTCPReqQFullDoCookies      0                  0.0
TcpExtTCPReqQFullDrop           0                  0.0
TcpExtTCPRetransFail            0                  0.0
TcpExtTCPRcvCoalesce            1237               0.0
TcpExtTCPOFOQueue               0                  0.0
TcpExtTCPOFODrop                0                  0.0
TcpExtTCPOFOMerge               0                  0.0
TcpExtTCPChallengeACK           0                  0.0
TcpExtTCPSYNChallenge           0                  0.0
TcpExtTCPFastOpenActive         0                  0.0
TcpExtTCPFastOpenActiveFail     0                  0.0
TcpExtTCPFastOpenPassive        0                  0.0
TcpExtTCPFastOpenPassiveFail    0                  0.0
TcpExtTCPFastOpenListenOverflow 0                  0.0
TcpExtTCPFastOpenCookieReqd     0                  0.0
TcpExtTCPFastOpenBlackhole      0                  0.0
TcpExtTCPSpuriousRtxHostQueues  0                  0.0
TcpExtBusyPollRxPackets         0                  0.0
TcpExtTCPAutoCorking            20                 0.0
TcpExtTCPFromZeroWindowAdv      106                0.0
TcpExtTCPToZeroWindowAdv        106                0.0
TcpExtTCPWantZeroWindowAdv      6                  0.0
TcpExtTCPSynRetrans             60                 0.0
TcpExtTCPOrigDataSent           3976               0.0
TcpExtTCPHystartTrainDetect     0                  0.0
TcpExtTCPHystartTrainCwnd       0                  0.0
TcpExtTCPHystartDelayDetect     0                  0.0
TcpExtTCPHystartDelayCwnd       0                  0.0
TcpExtTCPACKSkippedSynRecv      0                  0.0
TcpExtTCPACKSkippedPAWS         0                  0.0
TcpExtTCPACKSkippedSeq          0                  0.0
TcpExtTCPACKSkippedFinWait2     0                  0.0
TcpExtTCPACKSkippedTimeWait     0                  0.0
TcpExtTCPACKSkippedChallenge    0                  0.0
TcpExtTCPWinProbe               0                  0.0
TcpExtTCPKeepAlive              15                 0.0
TcpExtTCPMTUPFail               0                  0.0
TcpExtTCPMTUPSuccess            0                  0.0
TcpExtTCPDelivered              4438               0.0
TcpExtTCPDeliveredCE            0                  0.0
TcpExtTCPAckCompressed          0                  0.0
TcpExtTCPZeroWindowDrop         0                  0.0
TcpExtTCPRcvQDrop               0                  0.0
TcpExtTCPWqueueTooBig           0                  0.0
TcpExtTCPFastOpenPassiveAltKey  0                  0.0
TcpExtTcpTimeoutRehash          0                  0.0
TcpExtTcpDuplicateDataRehash    0                  0.0
TcpExtTCPDSACKRecvSegs          0                  0.0
TcpExtTCPDSACKIgnoredDubious    0                  0.0
TcpExtTCPMigrateReqSuccess      0                  0.0
TcpExtTCPMigrateReqFailure      0                  0.0
TcpExtTCPPLBRehash              0                  0.0
TcpExtTCPAORequired             0                  0.0
TcpExtTCPAOBad                  0                  0.0
TcpExtTCPAOKeyNotFound          0                  0.0
TcpExtTCPAOGood                 0                  0.0
TcpExtTCPAODroppedIcmps         0                  0.0
IpExtInNoRoutes                 0                  0.0
IpExtInTruncatedPkts            0                  0.0
IpExtInMcastPkts                0                  0.0
IpExtOutMcastPkts               4                  0.0
IpExtInBcastPkts                0                  0.0
IpExtOutBcastPkts               0                  0.0
IpExtInOctets                   150628501678       0.0
IpExtOutOctets                  150235001009       0.0
IpExtInMcastOctets              0                  0.0
IpExtOutMcastOctets             160                0.0
IpExtInBcastOctets              0                  0.0
IpExtOutBcastOctets             0                  0.0
IpExtInCsumErrors               0                  0.0
IpExtInNoECTPkts                191361339          0.0
IpExtInECT1Pkts                 0                  0.0
IpExtInECT0Pkts                 0                  0.0
IpExtInCEPkts                   0                  0.0
IpExtReasmOverlaps              0                  0.0
MPTcpExtMPCapableSYNRX          0                  0.0
MPTcpExtMPCapableSYNTX          0                  0.0
MPTcpExtMPCapableSYNACKRX       0                  0.0
MPTcpExtMPCapableACKRX          0                  0.0
MPTcpExtMPCapableFallbackACK    0                  0.0
MPTcpExtMPCapableFallbackSYNACK 0                  0.0
MPTcpExtMPCapableSYNTXDrop      0                  0.0
MPTcpExtMPCapableSYNTXDisabled  0                  0.0
MPTcpExtMPCapableEndpAttempt    0                  0.0
MPTcpExtMPFallbackTokenInit     0                  0.0
MPTcpExtMPTCPRetrans            0                  0.0
MPTcpExtMPJoinNoTokenFound      0                  0.0
MPTcpExtMPJoinSynRx             0                  0.0
MPTcpExtMPJoinSynBackupRx       0                  0.0
MPTcpExtMPJoinSynAckRx          0                  0.0
MPTcpExtMPJoinSynAckBackupRx    0                  0.0
MPTcpExtMPJoinSynAckHMacFailure 0                  0.0
MPTcpExtMPJoinAckRx             0                  0.0
MPTcpExtMPJoinAckHMacFailure    0                  0.0
MPTcpExtMPJoinRejected          0                  0.0
MPTcpExtMPJoinSynTx             0                  0.0
MPTcpExtMPJoinSynTxCreatSkErr   0                  0.0
MPTcpExtMPJoinSynTxBindErr      0                  0.0
MPTcpExtMPJoinSynTxConnectErr   0                  0.0
MPTcpExtDSSNotMatching          0                  0.0
MPTcpExtDSSCorruptionFallback   0                  0.0
MPTcpExtDSSCorruptionReset      0                  0.0
MPTcpExtInfiniteMapTx           0                  0.0
MPTcpExtInfiniteMapRx           0                  0.0
MPTcpExtDSSNoMatchTCP           0                  0.0
MPTcpExtDataCsumErr             0                  0.0
MPTcpExtOFOQueueTail            0                  0.0
MPTcpExtOFOQueue                0                  0.0
MPTcpExtOFOMerge                0                  0.0
MPTcpExtNoDSSInWindow           0                  0.0
MPTcpExtDuplicateData           0                  0.0
MPTcpExtAddAddr                 0                  0.0
MPTcpExtAddAddrTx               0                  0.0
MPTcpExtAddAddrTxDrop           0                  0.0
MPTcpExtEchoAdd                 0                  0.0
MPTcpExtEchoAddTx               0                  0.0
MPTcpExtEchoAddTxDrop           0                  0.0
MPTcpExtPortAdd                 0                  0.0
MPTcpExtAddAddrDrop             0                  0.0
MPTcpExtMPJoinPortSynRx         0                  0.0
MPTcpExtMPJoinPortSynAckRx      0                  0.0
MPTcpExtMPJoinPortAckRx         0                  0.0
MPTcpExtMismatchPortSynRx       0                  0.0
MPTcpExtMismatchPortAckRx       0                  0.0
MPTcpExtRmAddr                  0                  0.0
MPTcpExtRmAddrDrop              0                  0.0
MPTcpExtRmAddrTx                0                  0.0
MPTcpExtRmAddrTxDrop            0                  0.0
MPTcpExtRmSubflow               0                  0.0
MPTcpExtMPPrioTx                0                  0.0
MPTcpExtMPPrioRx                0                  0.0
MPTcpExtMPFailTx                0                  0.0
MPTcpExtMPFailRx                0                  0.0
MPTcpExtMPFastcloseTx           0                  0.0
MPTcpExtMPFastcloseRx           0                  0.0
MPTcpExtMPRstTx                 0                  0.0
MPTcpExtMPRstRx                 0                  0.0
MPTcpExtRcvPruned               0                  0.0
MPTcpExtSubflowStale            0                  0.0
MPTcpExtSubflowRecover          0                  0.0
MPTcpExtSndWndShared            0                  0.0
MPTcpExtRcvWndShared            0                  0.0
MPTcpExtRcvWndConflictUpdate    0                  0.0
MPTcpExtRcvWndConflict          0                  0.0
MPTcpExtMPCurrEstab             0                  0.0
MPTcpExtBlackhole               0                  0.0
MPTcpExtMPCapableDataFallback   0                  0.0
MPTcpExtMD5SigFallback          0                  0.0
MPTcpExtDssFallback             0                  0.0
MPTcpExtSimultConnectFallback   0                  0.0
MPTcpExtFallbackFailed          0                  0.0
---TIMESTAMP 1776689992---
State Recv-Q Send-Q Local Address:Port Peer Address:PortProcess
#kernel
IpInReceives                    135352023          0.0
IpInHdrErrors                   0                  0.0
IpInAddrErrors                  5                  0.0
IpForwDatagrams                 135329799          0.0
IpInUnknownProtos               0                  0.0
IpInDiscards                    0                  0.0
IpInDelivers                    22219              0.0
IpOutRequests                   17363              0.0
IpOutDiscards                   0                  0.0
IpOutNoRoutes                   3                  0.0
IpReasmTimeout                  0                  0.0
IpReasmReqds                    0                  0.0
IpReasmOKs                      0                  0.0
IpReasmFails                    0                  0.0
IpFragOKs                       0                  0.0
IpFragFails                     0                  0.0
IpFragCreates                   0                  0.0
IpOutTransmits                  135347162          0.0
IcmpInMsgs                      3                  0.0
IcmpInErrors                    0                  0.0
IcmpInCsumErrors                0                  0.0
IcmpInDestUnreachs              3                  0.0
IcmpInTimeExcds                 0                  0.0
IcmpInParmProbs                 0                  0.0
IcmpInSrcQuenchs                0                  0.0
IcmpInRedirects                 0                  0.0
IcmpInEchos                     0                  0.0
IcmpInEchoReps                  0                  0.0
IcmpInTimestamps                0                  0.0
IcmpInTimestampReps             0                  0.0
IcmpInAddrMasks                 0                  0.0
IcmpInAddrMaskReps              0                  0.0
IcmpOutMsgs                     3                  0.0
IcmpOutErrors                   0                  0.0
IcmpOutRateLimitGlobal          0                  0.0
IcmpOutRateLimitHost            0                  0.0
IcmpOutDestUnreachs             3                  0.0
IcmpOutTimeExcds                0                  0.0
IcmpOutParmProbs                0                  0.0
IcmpOutSrcQuenchs               0                  0.0
IcmpOutRedirects                0                  0.0
IcmpOutEchos                    0                  0.0
IcmpOutEchoReps                 0                  0.0
IcmpOutTimestamps               0                  0.0
IcmpOutTimestampReps            0                  0.0
IcmpOutAddrMasks                0                  0.0
IcmpOutAddrMaskReps             0                  0.0
IcmpMsgInType3                  3                  0.0
IcmpMsgOutType3                 3                  0.0
TcpActiveOpens                  477                0.0
TcpPassiveOpens                 123                0.0
TcpAttemptFails                 10                 0.0
TcpEstabResets                  11                 0.0
TcpInSegs                       22045              0.0
TcpOutSegs                      17470              0.0
TcpRetransSegs                  61                 0.0
TcpInErrs                       0                  0.0
TcpOutRsts                      25                 0.0
TcpInCsumErrors                 0                  0.0
UdpInDatagrams                  1307               0.0
UdpNoPorts                      3                  0.0
UdpInErrors                     0                  0.0
UdpOutDatagrams                 1310               0.0
UdpRcvbufErrors                 0                  0.0
UdpSndbufErrors                 0                  0.0
UdpInCsumErrors                 0                  0.0
UdpIgnoredMulti                 0                  0.0
UdpMemErrors                    0                  0.0
UdpLiteInDatagrams              0                  0.0
UdpLiteNoPorts                  0                  0.0
UdpLiteInErrors                 0                  0.0
UdpLiteOutDatagrams             0                  0.0
UdpLiteRcvbufErrors             0                  0.0
UdpLiteSndbufErrors             0                  0.0
UdpLiteInCsumErrors             0                  0.0
UdpLiteIgnoredMulti             0                  0.0
UdpLiteMemErrors                0                  0.0
Ip6InReceives                   1145               0.0
Ip6InHdrErrors                  0                  0.0
Ip6InTooBigErrors               0                  0.0
Ip6InNoRoutes                   0                  0.0
Ip6InAddrErrors                 0                  0.0
Ip6InUnknownProtos              0                  0.0
Ip6InTruncatedPkts              0                  0.0
Ip6InDiscards                   0                  0.0
Ip6InDelivers                   1145               0.0
Ip6OutForwDatagrams             0                  0.0
Ip6OutRequests                  1189               0.0
Ip6OutDiscards                  0                  0.0
Ip6OutNoRoutes                  108                0.0
Ip6ReasmTimeout                 0                  0.0
Ip6ReasmReqds                   0                  0.0
Ip6ReasmOKs                     0                  0.0
Ip6ReasmFails                   0                  0.0
Ip6FragOKs                      0                  0.0
Ip6FragFails                    0                  0.0
Ip6FragCreates                  0                  0.0
Ip6InMcastPkts                  0                  0.0
Ip6OutMcastPkts                 44                 0.0
Ip6InOctets                     8341915            0.0
Ip6OutOctets                    8344823            0.0
Ip6InMcastOctets                0                  0.0
Ip6OutMcastOctets               2908               0.0
Ip6InBcastOctets                0                  0.0
Ip6OutBcastOctets               0                  0.0
Ip6InNoECTPkts                  1145               0.0
Ip6InECT1Pkts                   0                  0.0
Ip6InECT0Pkts                   0                  0.0
Ip6InCEPkts                     0                  0.0
Ip6OutTransmits                 1189               0.0
Icmp6InMsgs                     3                  0.0
Icmp6InErrors                   0                  0.0
Icmp6OutMsgs                    47                 0.0
Icmp6OutErrors                  0                  0.0
Icmp6InCsumErrors               0                  0.0
Icmp6OutRateLimitHost           0                  0.0
Icmp6InDestUnreachs             3                  0.0
Icmp6InPktTooBigs               0                  0.0
Icmp6InTimeExcds                0                  0.0
Icmp6InParmProblems             0                  0.0
Icmp6InEchos                    0                  0.0
Icmp6InEchoReplies              0                  0.0
Icmp6InGroupMembQueries         0                  0.0
Icmp6InGroupMembResponses       0                  0.0
Icmp6InGroupMembReductions      0                  0.0
Icmp6InRouterSolicits           0                  0.0
Icmp6InRouterAdvertisements     0                  0.0
Icmp6InNeighborSolicits         0                  0.0
Icmp6InNeighborAdvertisements   0                  0.0
Icmp6InRedirects                0                  0.0
Icmp6InMLDv2Reports             0                  0.0
Icmp6OutDestUnreachs            3                  0.0
Icmp6OutPktTooBigs              0                  0.0
Icmp6OutTimeExcds               0                  0.0
Icmp6OutParmProblems            0                  0.0
Icmp6OutEchos                   0                  0.0
Icmp6OutEchoReplies             0                  0.0
Icmp6OutGroupMembQueries        0                  0.0
Icmp6OutGroupMembResponses      0                  0.0
Icmp6OutGroupMembReductions     0                  0.0
Icmp6OutRouterSolicits          25                 0.0
Icmp6OutRouterAdvertisements    0                  0.0
Icmp6OutNeighborSolicits        4                  0.0
Icmp6OutNeighborAdvertisements  0                  0.0
Icmp6OutRedirects               0                  0.0
Icmp6OutMLDv2Reports            15                 0.0
Icmp6InType1                    3                  0.0
Icmp6OutType1                   3                  0.0
Icmp6OutType133                 25                 0.0
Icmp6OutType135                 4                  0.0
Icmp6OutType143                 15                 0.0
Udp6InDatagrams                 0                  0.0
Udp6NoPorts                     3                  0.0
Udp6InErrors                    0                  0.0
Udp6OutDatagrams                3                  0.0
Udp6RcvbufErrors                0                  0.0
Udp6SndbufErrors                0                  0.0
Udp6InCsumErrors                0                  0.0
Udp6IgnoredMulti                0                  0.0
Udp6MemErrors                   0                  0.0
UdpLite6InDatagrams             0                  0.0
UdpLite6NoPorts                 0                  0.0
UdpLite6InErrors                0                  0.0
UdpLite6OutDatagrams            0                  0.0
UdpLite6RcvbufErrors            0                  0.0
UdpLite6SndbufErrors            0                  0.0
UdpLite6InCsumErrors            0                  0.0
UdpLite6MemErrors               0                  0.0
TcpExtSyncookiesSent            0                  0.0
TcpExtSyncookiesRecv            0                  0.0
TcpExtSyncookiesFailed          0                  0.0
TcpExtEmbryonicRsts             6                  0.0
TcpExtPruneCalled               1                  0.0
TcpExtRcvPruned                 0                  0.0
TcpExtOfoPruned                 0                  0.0
TcpExtOutOfWindowIcmps          0                  0.0
TcpExtLockDroppedIcmps          0                  0.0
TcpExtArpFilter                 0                  0.0
TcpExtTW                        240                0.0
TcpExtTWRecycled                0                  0.0
TcpExtTWKilled                  0                  0.0
TcpExtPAWSActive                0                  0.0
TcpExtPAWSEstab                 0                  0.0
TcpExtBeyondWindow              0                  0.0
TcpExtTSEcrRejected             0                  0.0
TcpExtPAWSOldAck                0                  0.0
TcpExtPAWSTimewait              0                  0.0
TcpExtDelayedACKs               376                0.0
TcpExtDelayedACKLocked          0                  0.0
TcpExtDelayedACKLost            106                0.0
TcpExtListenOverflows           0                  0.0
TcpExtListenDrops               0                  0.0
TcpExtTCPHPHits                 1446               0.0
TcpExtTCPPureAcks               1550               0.0
TcpExtTCPHPAcks                 1779               0.0
TcpExtTCPRenoRecovery           0                  0.0
TcpExtTCPSackRecovery           0                  0.0
TcpExtTCPSACKReneging           0                  0.0
TcpExtTCPSACKReorder            0                  0.0
TcpExtTCPRenoReorder            0                  0.0
TcpExtTCPTSReorder              0                  0.0
TcpExtTCPFullUndo               0                  0.0
TcpExtTCPPartialUndo            0                  0.0
TcpExtTCPDSACKUndo              0                  0.0
TcpExtTCPLossUndo               0                  0.0
TcpExtTCPLostRetransmit         0                  0.0
TcpExtTCPRenoFailures           0                  0.0
TcpExtTCPSackFailures           0                  0.0
TcpExtTCPLossFailures           0                  0.0
TcpExtTCPFastRetrans            0                  0.0
TcpExtTCPSlowStartRetrans       0                  0.0
TcpExtTCPTimeouts               72                 0.0
TcpExtTCPLossProbes             1                  0.0
TcpExtTCPLossProbeRecovery      0                  0.0
TcpExtTCPRenoRecoveryFail       0                  0.0
TcpExtTCPSackRecoveryFail       0                  0.0
TcpExtTCPRcvCollapsed           26                 0.0
TcpExtTCPBacklogCoalesce        14                 0.0
TcpExtTCPDSACKOldSent           106                0.0
TcpExtTCPDSACKOfoSent           0                  0.0
TcpExtTCPDSACKRecv              0                  0.0
TcpExtTCPDSACKOfoRecv           0                  0.0
TcpExtTCPAbortOnData            4                  0.0
TcpExtTCPAbortOnClose           6                  0.0
TcpExtTCPAbortOnMemory          0                  0.0
TcpExtTCPAbortOnTimeout         0                  0.0
TcpExtTCPAbortOnLinger          0                  0.0
TcpExtTCPAbortFailed            0                  0.0
TcpExtTCPMemoryPressures        0                  0.0
TcpExtTCPMemoryPressuresChrono  0                  0.0
TcpExtTCPSACKDiscard            0                  0.0
TcpExtTCPDSACKIgnoredOld        0                  0.0
TcpExtTCPDSACKIgnoredNoUndo     0                  0.0
TcpExtTCPSpuriousRTOs           0                  0.0
TcpExtTCPMD5NotFound            0                  0.0
TcpExtTCPMD5Unexpected          0                  0.0
TcpExtTCPMD5Failure             0                  0.0
TcpExtTCPSackShifted            0                  0.0
TcpExtTCPSackMerged             0                  0.0
TcpExtTCPSackShiftFallback      0                  0.0
TcpExtTCPBacklogDrop            0                  0.0
TcpExtPFMemallocDrop            0                  0.0
TcpExtTCPMinTTLDrop             0                  0.0
TcpExtTCPDeferAcceptDrop        0                  0.0
TcpExtIPReversePathFilter       0                  0.0
TcpExtTCPTimeWaitOverflow       0                  0.0
TcpExtTCPReqQFullDoCookies      0                  0.0
TcpExtTCPReqQFullDrop           0                  0.0
TcpExtTCPRetransFail            0                  0.0
TcpExtTCPRcvCoalesce            1238               0.0
TcpExtTCPOFOQueue               0                  0.0
TcpExtTCPOFODrop                0                  0.0
TcpExtTCPOFOMerge               0                  0.0
TcpExtTCPChallengeACK           0                  0.0
TcpExtTCPSYNChallenge           0                  0.0
TcpExtTCPFastOpenActive         0                  0.0
TcpExtTCPFastOpenActiveFail     0                  0.0
TcpExtTCPFastOpenPassive        0                  0.0
TcpExtTCPFastOpenPassiveFail    0                  0.0
TcpExtTCPFastOpenListenOverflow 0                  0.0
TcpExtTCPFastOpenCookieReqd     0                  0.0
TcpExtTCPFastOpenBlackhole      0                  0.0
TcpExtTCPSpuriousRtxHostQueues  0                  0.0
TcpExtBusyPollRxPackets         0                  0.0
TcpExtTCPAutoCorking            20                 0.0
TcpExtTCPFromZeroWindowAdv      106                0.0
TcpExtTCPToZeroWindowAdv        106                0.0
TcpExtTCPWantZeroWindowAdv      6                  0.0
TcpExtTCPSynRetrans             60                 0.0
TcpExtTCPOrigDataSent           4012               0.0
TcpExtTCPHystartTrainDetect     0                  0.0
TcpExtTCPHystartTrainCwnd       0                  0.0
TcpExtTCPHystartDelayDetect     0                  0.0
TcpExtTCPHystartDelayCwnd       0                  0.0
TcpExtTCPACKSkippedSynRecv      0                  0.0
TcpExtTCPACKSkippedPAWS         0                  0.0
TcpExtTCPACKSkippedSeq          0                  0.0
TcpExtTCPACKSkippedFinWait2     0                  0.0
TcpExtTCPACKSkippedTimeWait     0                  0.0
TcpExtTCPACKSkippedChallenge    0                  0.0
TcpExtTCPWinProbe               0                  0.0
TcpExtTCPKeepAlive              15                 0.0
TcpExtTCPMTUPFail               0                  0.0
TcpExtTCPMTUPSuccess            0                  0.0
TcpExtTCPDelivered              4476               0.0
TcpExtTCPDeliveredCE            0                  0.0
TcpExtTCPAckCompressed          0                  0.0
TcpExtTCPZeroWindowDrop         0                  0.0
TcpExtTCPRcvQDrop               0                  0.0
TcpExtTCPWqueueTooBig           0                  0.0
TcpExtTCPFastOpenPassiveAltKey  0                  0.0
TcpExtTcpTimeoutRehash          0                  0.0
TcpExtTcpDuplicateDataRehash    0                  0.0
TcpExtTCPDSACKRecvSegs          0                  0.0
TcpExtTCPDSACKIgnoredDubious    0                  0.0
TcpExtTCPMigrateReqSuccess      0                  0.0
TcpExtTCPMigrateReqFailure      0                  0.0
TcpExtTCPPLBRehash              0                  0.0
TcpExtTCPAORequired             0                  0.0
TcpExtTCPAOBad                  0                  0.0
TcpExtTCPAOKeyNotFound          0                  0.0
TcpExtTCPAOGood                 0                  0.0
TcpExtTCPAODroppedIcmps         0                  0.0
IpExtInNoRoutes                 0                  0.0
IpExtInTruncatedPkts            0                  0.0
IpExtInMcastPkts                0                  0.0
IpExtOutMcastPkts               4                  0.0
IpExtInBcastPkts                0                  0.0
IpExtOutBcastPkts               0                  0.0
IpExtInOctets                   151033574225       0.0
IpExtOutOctets                  150639591946       0.0
IpExtInMcastOctets              0                  0.0
IpExtOutMcastOctets             160                0.0
IpExtInBcastOctets              0                  0.0
IpExtOutBcastOctets             0                  0.0
IpExtInCsumErrors               0                  0.0
IpExtInNoECTPkts                191771813          0.0
IpExtInECT1Pkts                 0                  0.0
IpExtInECT0Pkts                 0                  0.0
IpExtInCEPkts                   0                  0.0
IpExtReasmOverlaps              0                  0.0
MPTcpExtMPCapableSYNRX          0                  0.0
MPTcpExtMPCapableSYNTX          0                  0.0
MPTcpExtMPCapableSYNACKRX       0                  0.0
MPTcpExtMPCapableACKRX          0                  0.0
MPTcpExtMPCapableFallbackACK    0                  0.0
MPTcpExtMPCapableFallbackSYNACK 0                  0.0
MPTcpExtMPCapableSYNTXDrop      0                  0.0
MPTcpExtMPCapableSYNTXDisabled  0                  0.0
MPTcpExtMPCapableEndpAttempt    0                  0.0
MPTcpExtMPFallbackTokenInit     0                  0.0
MPTcpExtMPTCPRetrans            0                  0.0
MPTcpExtMPJoinNoTokenFound      0                  0.0
MPTcpExtMPJoinSynRx             0                  0.0
MPTcpExtMPJoinSynBackupRx       0                  0.0
MPTcpExtMPJoinSynAckRx          0                  0.0
MPTcpExtMPJoinSynAckBackupRx    0                  0.0
MPTcpExtMPJoinSynAckHMacFailure 0                  0.0
MPTcpExtMPJoinAckRx             0                  0.0
MPTcpExtMPJoinAckHMacFailure    0                  0.0
MPTcpExtMPJoinRejected          0                  0.0
MPTcpExtMPJoinSynTx             0                  0.0
MPTcpExtMPJoinSynTxCreatSkErr   0                  0.0
MPTcpExtMPJoinSynTxBindErr      0                  0.0
MPTcpExtMPJoinSynTxConnectErr   0                  0.0
MPTcpExtDSSNotMatching          0                  0.0
MPTcpExtDSSCorruptionFallback   0                  0.0
MPTcpExtDSSCorruptionReset      0                  0.0
MPTcpExtInfiniteMapTx           0                  0.0
MPTcpExtInfiniteMapRx           0                  0.0
MPTcpExtDSSNoMatchTCP           0                  0.0
MPTcpExtDataCsumErr             0                  0.0
MPTcpExtOFOQueueTail            0                  0.0
MPTcpExtOFOQueue                0                  0.0
MPTcpExtOFOMerge                0                  0.0
MPTcpExtNoDSSInWindow           0                  0.0
MPTcpExtDuplicateData           0                  0.0
MPTcpExtAddAddr                 0                  0.0
MPTcpExtAddAddrTx               0                  0.0
MPTcpExtAddAddrTxDrop           0                  0.0
MPTcpExtEchoAdd                 0                  0.0
MPTcpExtEchoAddTx               0                  0.0
MPTcpExtEchoAddTxDrop           0                  0.0
MPTcpExtPortAdd                 0                  0.0
MPTcpExtAddAddrDrop             0                  0.0
MPTcpExtMPJoinPortSynRx         0                  0.0
MPTcpExtMPJoinPortSynAckRx      0                  0.0
MPTcpExtMPJoinPortAckRx         0                  0.0
MPTcpExtMismatchPortSynRx       0                  0.0
MPTcpExtMismatchPortAckRx       0                  0.0
MPTcpExtRmAddr                  0                  0.0
MPTcpExtRmAddrDrop              0                  0.0
MPTcpExtRmAddrTx                0                  0.0
MPTcpExtRmAddrTxDrop            0                  0.0
MPTcpExtRmSubflow               0                  0.0
MPTcpExtMPPrioTx                0                  0.0
MPTcpExtMPPrioRx                0                  0.0
MPTcpExtMPFailTx                0                  0.0
MPTcpExtMPFailRx                0                  0.0
MPTcpExtMPFastcloseTx           0                  0.0
MPTcpExtMPFastcloseRx           0                  0.0
MPTcpExtMPRstTx                 0                  0.0
MPTcpExtMPRstRx                 0                  0.0
MPTcpExtRcvPruned               0                  0.0
MPTcpExtSubflowStale            0                  0.0
MPTcpExtSubflowRecover          0                  0.0
MPTcpExtSndWndShared            0                  0.0
MPTcpExtRcvWndShared            0                  0.0
MPTcpExtRcvWndConflictUpdate    0                  0.0
MPTcpExtRcvWndConflict          0                  0.0
MPTcpExtMPCurrEstab             0                  0.0
MPTcpExtBlackhole               0                  0.0
MPTcpExtMPCapableDataFallback   0                  0.0
MPTcpExtMD5SigFallback          0                  0.0
MPTcpExtDssFallback             0                  0.0
MPTcpExtSimultConnectFallback   0                  0.0
MPTcpExtFallbackFailed          0                  0.0
---TIMESTAMP 1776689997---
State Recv-Q Send-Q Local Address:Port Peer Address:PortProcess
#kernel
IpInReceives                    135616026          0.0
IpInHdrErrors                   0                  0.0
IpInAddrErrors                  5                  0.0
IpForwDatagrams                 135593764          0.0
IpInUnknownProtos               0                  0.0
IpInDiscards                    0                  0.0
IpInDelivers                    22257              0.0
IpOutRequests                   17403              0.0
IpOutDiscards                   0                  0.0
IpOutNoRoutes                   3                  0.0
IpReasmTimeout                  0                  0.0
IpReasmReqds                    0                  0.0
IpReasmOKs                      0                  0.0
IpReasmFails                    0                  0.0
IpFragOKs                       0                  0.0
IpFragFails                     0                  0.0
IpFragCreates                   0                  0.0
IpOutTransmits                  135611167          0.0
IcmpInMsgs                      3                  0.0
IcmpInErrors                    0                  0.0
IcmpInCsumErrors                0                  0.0
IcmpInDestUnreachs              3                  0.0
IcmpInTimeExcds                 0                  0.0
IcmpInParmProbs                 0                  0.0
IcmpInSrcQuenchs                0                  0.0
IcmpInRedirects                 0                  0.0
IcmpInEchos                     0                  0.0
IcmpInEchoReps                  0                  0.0
IcmpInTimestamps                0                  0.0
IcmpInTimestampReps             0                  0.0
IcmpInAddrMasks                 0                  0.0
IcmpInAddrMaskReps              0                  0.0
IcmpOutMsgs                     3                  0.0
IcmpOutErrors                   0                  0.0
IcmpOutRateLimitGlobal          0                  0.0
IcmpOutRateLimitHost            0                  0.0
IcmpOutDestUnreachs             3                  0.0
IcmpOutTimeExcds                0                  0.0
IcmpOutParmProbs                0                  0.0
IcmpOutSrcQuenchs               0                  0.0
IcmpOutRedirects                0                  0.0
IcmpOutEchos                    0                  0.0
IcmpOutEchoReps                 0                  0.0
IcmpOutTimestamps               0                  0.0
IcmpOutTimestampReps            0                  0.0
IcmpOutAddrMasks                0                  0.0
IcmpOutAddrMaskReps             0                  0.0
IcmpMsgInType3                  3                  0.0
IcmpMsgOutType3                 3                  0.0
TcpActiveOpens                  479                0.0
TcpPassiveOpens                 124                0.0
TcpAttemptFails                 10                 0.0
TcpEstabResets                  11                 0.0
TcpInSegs                       22148              0.0
TcpOutSegs                      17575              0.0
TcpRetransSegs                  61                 0.0
TcpInErrs                       0                  0.0
TcpOutRsts                      25                 0.0
TcpInCsumErrors                 0                  0.0
UdpInDatagrams                  1307               0.0
UdpNoPorts                      3                  0.0
UdpInErrors                     0                  0.0
UdpOutDatagrams                 1310               0.0
UdpRcvbufErrors                 0                  0.0
UdpSndbufErrors                 0                  0.0
UdpInCsumErrors                 0                  0.0
UdpIgnoredMulti                 0                  0.0
UdpMemErrors                    0                  0.0
UdpLiteInDatagrams              0                  0.0
UdpLiteNoPorts                  0                  0.0
UdpLiteInErrors                 0                  0.0
UdpLiteOutDatagrams             0                  0.0
UdpLiteRcvbufErrors             0                  0.0
UdpLiteSndbufErrors             0                  0.0
UdpLiteInCsumErrors             0                  0.0
UdpLiteIgnoredMulti             0                  0.0
UdpLiteMemErrors                0                  0.0
Ip6InReceives                   1210               0.0
Ip6InHdrErrors                  0                  0.0
Ip6InTooBigErrors               0                  0.0
Ip6InNoRoutes                   0                  0.0
Ip6InAddrErrors                 0                  0.0
Ip6InUnknownProtos              0                  0.0
Ip6InTruncatedPkts              0                  0.0
Ip6InDiscards                   0                  0.0
Ip6InDelivers                   1210               0.0
Ip6OutForwDatagrams             0                  0.0
Ip6OutRequests                  1254               0.0
Ip6OutDiscards                  0                  0.0
Ip6OutNoRoutes                  108                0.0
Ip6ReasmTimeout                 0                  0.0
Ip6ReasmReqds                   0                  0.0
Ip6ReasmOKs                     0                  0.0
Ip6ReasmFails                   0                  0.0
Ip6FragOKs                      0                  0.0
Ip6FragFails                    0                  0.0
Ip6FragCreates                  0                  0.0
Ip6InMcastPkts                  0                  0.0
Ip6OutMcastPkts                 44                 0.0
Ip6InOctets                     8828512            0.0
Ip6OutOctets                    8831420            0.0
Ip6InMcastOctets                0                  0.0
Ip6OutMcastOctets               2908               0.0
Ip6InBcastOctets                0                  0.0
Ip6OutBcastOctets               0                  0.0
Ip6InNoECTPkts                  1210               0.0
Ip6InECT1Pkts                   0                  0.0
Ip6InECT0Pkts                   0                  0.0
Ip6InCEPkts                     0                  0.0
Ip6OutTransmits                 1254               0.0
Icmp6InMsgs                     3                  0.0
Icmp6InErrors                   0                  0.0
Icmp6OutMsgs                    47                 0.0
Icmp6OutErrors                  0                  0.0
Icmp6InCsumErrors               0                  0.0
Icmp6OutRateLimitHost           0                  0.0
Icmp6InDestUnreachs             3                  0.0
Icmp6InPktTooBigs               0                  0.0
Icmp6InTimeExcds                0                  0.0
Icmp6InParmProblems             0                  0.0
Icmp6InEchos                    0                  0.0
Icmp6InEchoReplies              0                  0.0
Icmp6InGroupMembQueries         0                  0.0
Icmp6InGroupMembResponses       0                  0.0
Icmp6InGroupMembReductions      0                  0.0
Icmp6InRouterSolicits           0                  0.0
Icmp6InRouterAdvertisements     0                  0.0
Icmp6InNeighborSolicits         0                  0.0
Icmp6InNeighborAdvertisements   0                  0.0
Icmp6InRedirects                0                  0.0
Icmp6InMLDv2Reports             0                  0.0
Icmp6OutDestUnreachs            3                  0.0
Icmp6OutPktTooBigs              0                  0.0
Icmp6OutTimeExcds               0                  0.0
Icmp6OutParmProblems            0                  0.0
Icmp6OutEchos                   0                  0.0
Icmp6OutEchoReplies             0                  0.0
Icmp6OutGroupMembQueries        0                  0.0
Icmp6OutGroupMembResponses      0                  0.0
Icmp6OutGroupMembReductions     0                  0.0
Icmp6OutRouterSolicits          25                 0.0
Icmp6OutRouterAdvertisements    0                  0.0
Icmp6OutNeighborSolicits        4                  0.0
Icmp6OutNeighborAdvertisements  0                  0.0
Icmp6OutRedirects               0                  0.0
Icmp6OutMLDv2Reports            15                 0.0
Icmp6InType1                    3                  0.0
Icmp6OutType1                   3                  0.0
Icmp6OutType133                 25                 0.0
Icmp6OutType135                 4                  0.0
Icmp6OutType143                 15                 0.0
Udp6InDatagrams                 0                  0.0
Udp6NoPorts                     3                  0.0
Udp6InErrors                    0                  0.0
Udp6OutDatagrams                3                  0.0
Udp6RcvbufErrors                0                  0.0
Udp6SndbufErrors                0                  0.0
Udp6InCsumErrors                0                  0.0
Udp6IgnoredMulti                0                  0.0
Udp6MemErrors                   0                  0.0
UdpLite6InDatagrams             0                  0.0
UdpLite6NoPorts                 0                  0.0
UdpLite6InErrors                0                  0.0
UdpLite6OutDatagrams            0                  0.0
UdpLite6RcvbufErrors            0                  0.0
UdpLite6SndbufErrors            0                  0.0
UdpLite6InCsumErrors            0                  0.0
UdpLite6MemErrors               0                  0.0
TcpExtSyncookiesSent            0                  0.0
TcpExtSyncookiesRecv            0                  0.0
TcpExtSyncookiesFailed          0                  0.0
TcpExtEmbryonicRsts             6                  0.0
TcpExtPruneCalled               1                  0.0
TcpExtRcvPruned                 0                  0.0
TcpExtOfoPruned                 0                  0.0
TcpExtOutOfWindowIcmps          0                  0.0
TcpExtLockDroppedIcmps          0                  0.0
TcpExtArpFilter                 0                  0.0
TcpExtTW                        242                0.0
TcpExtTWRecycled                0                  0.0
TcpExtTWKilled                  0                  0.0
TcpExtPAWSActive                0                  0.0
TcpExtPAWSEstab                 0                  0.0
TcpExtBeyondWindow              0                  0.0
TcpExtTSEcrRejected             0                  0.0
TcpExtPAWSOldAck                0                  0.0
TcpExtPAWSTimewait              0                  0.0
TcpExtDelayedACKs               376                0.0
TcpExtDelayedACKLocked          0                  0.0
TcpExtDelayedACKLost            106                0.0
TcpExtListenOverflows           0                  0.0
TcpExtListenDrops               0                  0.0
TcpExtTCPHPHits                 1448               0.0
TcpExtTCPPureAcks               1563               0.0
TcpExtTCPHPAcks                 1798               0.0
TcpExtTCPRenoRecovery           0                  0.0
TcpExtTCPSackRecovery           0                  0.0
TcpExtTCPSACKReneging           0                  0.0
TcpExtTCPSACKReorder            0                  0.0
TcpExtTCPRenoReorder            0                  0.0
TcpExtTCPTSReorder              0                  0.0
TcpExtTCPFullUndo               0                  0.0
TcpExtTCPPartialUndo            0                  0.0
TcpExtTCPDSACKUndo              0                  0.0
TcpExtTCPLossUndo               0                  0.0
TcpExtTCPLostRetransmit         0                  0.0
TcpExtTCPRenoFailures           0                  0.0
TcpExtTCPSackFailures           0                  0.0
TcpExtTCPLossFailures           0                  0.0
TcpExtTCPFastRetrans            0                  0.0
TcpExtTCPSlowStartRetrans       0                  0.0
TcpExtTCPTimeouts               72                 0.0
TcpExtTCPLossProbes             1                  0.0
TcpExtTCPLossProbeRecovery      0                  0.0
TcpExtTCPRenoRecoveryFail       0                  0.0
TcpExtTCPSackRecoveryFail       0                  0.0
TcpExtTCPRcvCollapsed           26                 0.0
TcpExtTCPBacklogCoalesce        14                 0.0
TcpExtTCPDSACKOldSent           106                0.0
TcpExtTCPDSACKOfoSent           0                  0.0
TcpExtTCPDSACKRecv              0                  0.0
TcpExtTCPDSACKOfoRecv           0                  0.0
TcpExtTCPAbortOnData            4                  0.0
TcpExtTCPAbortOnClose           6                  0.0
TcpExtTCPAbortOnMemory          0                  0.0
TcpExtTCPAbortOnTimeout         0                  0.0
TcpExtTCPAbortOnLinger          0                  0.0
TcpExtTCPAbortFailed            0                  0.0
TcpExtTCPMemoryPressures        0                  0.0
TcpExtTCPMemoryPressuresChrono  0                  0.0
TcpExtTCPSACKDiscard            0                  0.0
TcpExtTCPDSACKIgnoredOld        0                  0.0
TcpExtTCPDSACKIgnoredNoUndo     0                  0.0
TcpExtTCPSpuriousRTOs           0                  0.0
TcpExtTCPMD5NotFound            0                  0.0
TcpExtTCPMD5Unexpected          0                  0.0
TcpExtTCPMD5Failure             0                  0.0
TcpExtTCPSackShifted            0                  0.0
TcpExtTCPSackMerged             0                  0.0
TcpExtTCPSackShiftFallback      0                  0.0
TcpExtTCPBacklogDrop            0                  0.0
TcpExtPFMemallocDrop            0                  0.0
TcpExtTCPMinTTLDrop             0                  0.0
TcpExtTCPDeferAcceptDrop        0                  0.0
TcpExtIPReversePathFilter       0                  0.0
TcpExtTCPTimeWaitOverflow       0                  0.0
TcpExtTCPReqQFullDoCookies      0                  0.0
TcpExtTCPReqQFullDrop           0                  0.0
TcpExtTCPRetransFail            0                  0.0
TcpExtTCPRcvCoalesce            1241               0.0
TcpExtTCPOFOQueue               0                  0.0
TcpExtTCPOFODrop                0                  0.0
TcpExtTCPOFOMerge               0                  0.0
TcpExtTCPChallengeACK           0                  0.0
TcpExtTCPSYNChallenge           0                  0.0
TcpExtTCPFastOpenActive         0                  0.0
TcpExtTCPFastOpenActiveFail     0                  0.0
TcpExtTCPFastOpenPassive        0                  0.0
TcpExtTCPFastOpenPassiveFail    0                  0.0
TcpExtTCPFastOpenListenOverflow 0                  0.0
TcpExtTCPFastOpenCookieReqd     0                  0.0
TcpExtTCPFastOpenBlackhole      0                  0.0
TcpExtTCPSpuriousRtxHostQueues  0                  0.0
TcpExtBusyPollRxPackets         0                  0.0
TcpExtTCPAutoCorking            20                 0.0
TcpExtTCPFromZeroWindowAdv      106                0.0
TcpExtTCPToZeroWindowAdv        106                0.0
TcpExtTCPWantZeroWindowAdv      6                  0.0
TcpExtTCPSynRetrans             60                 0.0
TcpExtTCPOrigDataSent           4046               0.0
TcpExtTCPHystartTrainDetect     0                  0.0
TcpExtTCPHystartTrainCwnd       0                  0.0
TcpExtTCPHystartDelayDetect     0                  0.0
TcpExtTCPHystartDelayCwnd       0                  0.0
TcpExtTCPACKSkippedSynRecv      0                  0.0
TcpExtTCPACKSkippedPAWS         0                  0.0
TcpExtTCPACKSkippedSeq          0                  0.0
TcpExtTCPACKSkippedFinWait2     0                  0.0
TcpExtTCPACKSkippedTimeWait     0                  0.0
TcpExtTCPACKSkippedChallenge    0                  0.0
TcpExtTCPWinProbe               0                  0.0
TcpExtTCPKeepAlive              15                 0.0
TcpExtTCPMTUPFail               0                  0.0
TcpExtTCPMTUPSuccess            0                  0.0
TcpExtTCPDelivered              4512               0.0
TcpExtTCPDeliveredCE            0                  0.0
TcpExtTCPAckCompressed          0                  0.0
TcpExtTCPZeroWindowDrop         0                  0.0
TcpExtTCPRcvQDrop               0                  0.0
TcpExtTCPWqueueTooBig           0                  0.0
TcpExtTCPFastOpenPassiveAltKey  0                  0.0
TcpExtTcpTimeoutRehash          0                  0.0
TcpExtTcpDuplicateDataRehash    0                  0.0
TcpExtTCPDSACKRecvSegs          0                  0.0
TcpExtTCPDSACKIgnoredDubious    0                  0.0
TcpExtTCPMigrateReqSuccess      0                  0.0
TcpExtTCPMigrateReqFailure      0                  0.0
TcpExtTCPPLBRehash              0                  0.0
TcpExtTCPAORequired             0                  0.0
TcpExtTCPAOBad                  0                  0.0
TcpExtTCPAOKeyNotFound          0                  0.0
TcpExtTCPAOGood                 0                  0.0
TcpExtTCPAODroppedIcmps         0                  0.0
IpExtInNoRoutes                 0                  0.0
IpExtInTruncatedPkts            0                  0.0
IpExtInMcastPkts                0                  0.0
IpExtOutMcastPkts               4                  0.0
IpExtInBcastPkts                0                  0.0
IpExtOutBcastPkts               0                  0.0
IpExtInOctets                   151445402667       0.0
IpExtOutOctets                  151050932291       0.0
IpExtInMcastOctets              0                  0.0
IpExtOutMcastOctets             160                0.0
IpExtInBcastOctets              0                  0.0
IpExtOutBcastOctets             0                  0.0
IpExtInCsumErrors               0                  0.0
IpExtInNoECTPkts                192189862          0.0
IpExtInECT1Pkts                 0                  0.0
IpExtInECT0Pkts                 0                  0.0
IpExtInCEPkts                   0                  0.0
IpExtReasmOverlaps              0                  0.0
MPTcpExtMPCapableSYNRX          0                  0.0
MPTcpExtMPCapableSYNTX          0                  0.0
MPTcpExtMPCapableSYNACKRX       0                  0.0
MPTcpExtMPCapableACKRX          0                  0.0
MPTcpExtMPCapableFallbackACK    0                  0.0
MPTcpExtMPCapableFallbackSYNACK 0                  0.0
MPTcpExtMPCapableSYNTXDrop      0                  0.0
MPTcpExtMPCapableSYNTXDisabled  0                  0.0
MPTcpExtMPCapableEndpAttempt    0                  0.0
MPTcpExtMPFallbackTokenInit     0                  0.0
MPTcpExtMPTCPRetrans            0                  0.0
MPTcpExtMPJoinNoTokenFound      0                  0.0
MPTcpExtMPJoinSynRx             0                  0.0
MPTcpExtMPJoinSynBackupRx       0                  0.0
MPTcpExtMPJoinSynAckRx          0                  0.0
MPTcpExtMPJoinSynAckBackupRx    0                  0.0
MPTcpExtMPJoinSynAckHMacFailure 0                  0.0
MPTcpExtMPJoinAckRx             0                  0.0
MPTcpExtMPJoinAckHMacFailure    0                  0.0
MPTcpExtMPJoinRejected          0                  0.0
MPTcpExtMPJoinSynTx             0                  0.0
MPTcpExtMPJoinSynTxCreatSkErr   0                  0.0
MPTcpExtMPJoinSynTxBindErr      0                  0.0
MPTcpExtMPJoinSynTxConnectErr   0                  0.0
MPTcpExtDSSNotMatching          0                  0.0
MPTcpExtDSSCorruptionFallback   0                  0.0
MPTcpExtDSSCorruptionReset      0                  0.0
MPTcpExtInfiniteMapTx           0                  0.0
MPTcpExtInfiniteMapRx           0                  0.0
MPTcpExtDSSNoMatchTCP           0                  0.0
MPTcpExtDataCsumErr             0                  0.0
MPTcpExtOFOQueueTail            0                  0.0
MPTcpExtOFOQueue                0                  0.0
MPTcpExtOFOMerge                0                  0.0
MPTcpExtNoDSSInWindow           0                  0.0
MPTcpExtDuplicateData           0                  0.0
MPTcpExtAddAddr                 0                  0.0
MPTcpExtAddAddrTx               0                  0.0
MPTcpExtAddAddrTxDrop           0                  0.0
MPTcpExtEchoAdd                 0                  0.0
MPTcpExtEchoAddTx               0                  0.0
MPTcpExtEchoAddTxDrop           0                  0.0
MPTcpExtPortAdd                 0                  0.0
MPTcpExtAddAddrDrop             0                  0.0
MPTcpExtMPJoinPortSynRx         0                  0.0
MPTcpExtMPJoinPortSynAckRx      0                  0.0
MPTcpExtMPJoinPortAckRx         0                  0.0
MPTcpExtMismatchPortSynRx       0                  0.0
MPTcpExtMismatchPortAckRx       0                  0.0
MPTcpExtRmAddr                  0                  0.0
MPTcpExtRmAddrDrop              0                  0.0
MPTcpExtRmAddrTx                0                  0.0
MPTcpExtRmAddrTxDrop            0                  0.0
MPTcpExtRmSubflow               0                  0.0
MPTcpExtMPPrioTx                0                  0.0
MPTcpExtMPPrioRx                0                  0.0
MPTcpExtMPFailTx                0                  0.0
MPTcpExtMPFailRx                0                  0.0
MPTcpExtMPFastcloseTx           0                  0.0
MPTcpExtMPFastcloseRx           0                  0.0
MPTcpExtMPRstTx                 0                  0.0
MPTcpExtMPRstRx                 0                  0.0
MPTcpExtRcvPruned               0                  0.0
MPTcpExtSubflowStale            0                  0.0
MPTcpExtSubflowRecover          0                  0.0
MPTcpExtSndWndShared            0                  0.0
MPTcpExtRcvWndShared            0                  0.0
MPTcpExtRcvWndConflictUpdate    0                  0.0
MPTcpExtRcvWndConflict          0                  0.0
MPTcpExtMPCurrEstab             0                  0.0
MPTcpExtBlackhole               0                  0.0
MPTcpExtMPCapableDataFallback   0                  0.0
MPTcpExtMD5SigFallback          0                  0.0
MPTcpExtDssFallback             0                  0.0
MPTcpExtSimultConnectFallback   0                  0.0
MPTcpExtFallbackFailed          0                  0.0
---TIMESTAMP 1776690002---
State Recv-Q Send-Q Local Address:Port Peer Address:PortProcess
#kernel
IpInReceives                    135627088          0.0
IpInHdrErrors                   0                  0.0
IpInAddrErrors                  5                  0.0
IpForwDatagrams                 135604788          0.0
IpInUnknownProtos               0                  0.0
IpInDiscards                    0                  0.0
IpInDelivers                    22295              0.0
IpOutRequests                   17443              0.0
IpOutDiscards                   0                  0.0
IpOutNoRoutes                   3                  0.0
IpReasmTimeout                  0                  0.0
IpReasmReqds                    0                  0.0
IpReasmOKs                      0                  0.0
IpReasmFails                    0                  0.0
IpFragOKs                       0                  0.0
IpFragFails                     0                  0.0
IpFragCreates                   0                  0.0
IpOutTransmits                  135622231          0.0
IcmpInMsgs                      3                  0.0
IcmpInErrors                    0                  0.0
IcmpInCsumErrors                0                  0.0
IcmpInDestUnreachs              3                  0.0
IcmpInTimeExcds                 0                  0.0
IcmpInParmProbs                 0                  0.0
IcmpInSrcQuenchs                0                  0.0
IcmpInRedirects                 0                  0.0
IcmpInEchos                     0                  0.0
IcmpInEchoReps                  0                  0.0
IcmpInTimestamps                0                  0.0
IcmpInTimestampReps             0                  0.0
IcmpInAddrMasks                 0                  0.0
IcmpInAddrMaskReps              0                  0.0
IcmpOutMsgs                     3                  0.0
IcmpOutErrors                   0                  0.0
IcmpOutRateLimitGlobal          0                  0.0
IcmpOutRateLimitHost            0                  0.0
IcmpOutDestUnreachs             3                  0.0
IcmpOutTimeExcds                0                  0.0
IcmpOutParmProbs                0                  0.0
IcmpOutSrcQuenchs               0                  0.0
IcmpOutRedirects                0                  0.0
IcmpOutEchos                    0                  0.0
IcmpOutEchoReps                 0                  0.0
IcmpOutTimestamps               0                  0.0
IcmpOutTimestampReps            0                  0.0
IcmpOutAddrMasks                0                  0.0
IcmpOutAddrMaskReps             0                  0.0
IcmpMsgInType3                  3                  0.0
IcmpMsgOutType3                 3                  0.0
TcpActiveOpens                  481                0.0
TcpPassiveOpens                 125                0.0
TcpAttemptFails                 10                 0.0
TcpEstabResets                  11                 0.0
TcpInSegs                       22255              0.0
TcpOutSegs                      17684              0.0
TcpRetransSegs                  61                 0.0
TcpInErrs                       0                  0.0
TcpOutRsts                      25                 0.0
TcpInCsumErrors                 0                  0.0
UdpInDatagrams                  1307               0.0
UdpNoPorts                      3                  0.0
UdpInErrors                     0                  0.0
UdpOutDatagrams                 1310               0.0
UdpRcvbufErrors                 0                  0.0
UdpSndbufErrors                 0                  0.0
UdpInCsumErrors                 0                  0.0
UdpIgnoredMulti                 0                  0.0
UdpMemErrors                    0                  0.0
UdpLiteInDatagrams              0                  0.0
UdpLiteNoPorts                  0                  0.0
UdpLiteInErrors                 0                  0.0
UdpLiteOutDatagrams             0                  0.0
UdpLiteRcvbufErrors             0                  0.0
UdpLiteSndbufErrors             0                  0.0
UdpLiteInCsumErrors             0                  0.0
UdpLiteIgnoredMulti             0                  0.0
UdpLiteMemErrors                0                  0.0
Ip6InReceives                   1279               0.0
Ip6InHdrErrors                  0                  0.0
Ip6InTooBigErrors               0                  0.0
Ip6InNoRoutes                   0                  0.0
Ip6InAddrErrors                 0                  0.0
Ip6InUnknownProtos              0                  0.0
Ip6InTruncatedPkts              0                  0.0
Ip6InDiscards                   0                  0.0
Ip6InDelivers                   1279               0.0
Ip6OutForwDatagrams             0                  0.0
Ip6OutRequests                  1323               0.0
Ip6OutDiscards                  0                  0.0
Ip6OutNoRoutes                  108                0.0
Ip6ReasmTimeout                 0                  0.0
Ip6ReasmReqds                   0                  0.0
Ip6ReasmOKs                     0                  0.0
Ip6ReasmFails                   0                  0.0
Ip6FragOKs                      0                  0.0
Ip6FragFails                    0                  0.0
Ip6FragCreates                  0                  0.0
Ip6InMcastPkts                  0                  0.0
Ip6OutMcastPkts                 44                 0.0
Ip6InOctets                     9315328            0.0
Ip6OutOctets                    9318236            0.0
Ip6InMcastOctets                0                  0.0
Ip6OutMcastOctets               2908               0.0
Ip6InBcastOctets                0                  0.0
Ip6OutBcastOctets               0                  0.0
Ip6InNoECTPkts                  1279               0.0
Ip6InECT1Pkts                   0                  0.0
Ip6InECT0Pkts                   0                  0.0
Ip6InCEPkts                     0                  0.0
Ip6OutTransmits                 1323               0.0
Icmp6InMsgs                     3                  0.0
Icmp6InErrors                   0                  0.0
Icmp6OutMsgs                    47                 0.0
Icmp6OutErrors                  0                  0.0
Icmp6InCsumErrors               0                  0.0
Icmp6OutRateLimitHost           0                  0.0
Icmp6InDestUnreachs             3                  0.0
Icmp6InPktTooBigs               0                  0.0
Icmp6InTimeExcds                0                  0.0
Icmp6InParmProblems             0                  0.0
Icmp6InEchos                    0                  0.0
Icmp6InEchoReplies              0                  0.0
Icmp6InGroupMembQueries         0                  0.0
Icmp6InGroupMembResponses       0                  0.0
Icmp6InGroupMembReductions      0                  0.0
Icmp6InRouterSolicits           0                  0.0
Icmp6InRouterAdvertisements     0                  0.0
Icmp6InNeighborSolicits         0                  0.0
Icmp6InNeighborAdvertisements   0                  0.0
Icmp6InRedirects                0                  0.0
Icmp6InMLDv2Reports             0                  0.0
Icmp6OutDestUnreachs            3                  0.0
Icmp6OutPktTooBigs              0                  0.0
Icmp6OutTimeExcds               0                  0.0
Icmp6OutParmProblems            0                  0.0
Icmp6OutEchos                   0                  0.0
Icmp6OutEchoReplies             0                  0.0
Icmp6OutGroupMembQueries        0                  0.0
Icmp6OutGroupMembResponses      0                  0.0
Icmp6OutGroupMembReductions     0                  0.0
Icmp6OutRouterSolicits          25                 0.0
Icmp6OutRouterAdvertisements    0                  0.0
Icmp6OutNeighborSolicits        4                  0.0
Icmp6OutNeighborAdvertisements  0                  0.0
Icmp6OutRedirects               0                  0.0
Icmp6OutMLDv2Reports            15                 0.0
Icmp6InType1                    3                  0.0
Icmp6OutType1                   3                  0.0
Icmp6OutType133                 25                 0.0
Icmp6OutType135                 4                  0.0
Icmp6OutType143                 15                 0.0
Udp6InDatagrams                 0                  0.0
Udp6NoPorts                     3                  0.0
Udp6InErrors                    0                  0.0
Udp6OutDatagrams                3                  0.0
Udp6RcvbufErrors                0                  0.0
Udp6SndbufErrors                0                  0.0
Udp6InCsumErrors                0                  0.0
Udp6IgnoredMulti                0                  0.0
Udp6MemErrors                   0                  0.0
UdpLite6InDatagrams             0                  0.0
UdpLite6NoPorts                 0                  0.0
UdpLite6InErrors                0                  0.0
UdpLite6OutDatagrams            0                  0.0
UdpLite6RcvbufErrors            0                  0.0
UdpLite6SndbufErrors            0                  0.0
UdpLite6InCsumErrors            0                  0.0
UdpLite6MemErrors               0                  0.0
TcpExtSyncookiesSent            0                  0.0
TcpExtSyncookiesRecv            0                  0.0
TcpExtSyncookiesFailed          0                  0.0
TcpExtEmbryonicRsts             6                  0.0
TcpExtPruneCalled               1                  0.0
TcpExtRcvPruned                 0                  0.0
TcpExtOfoPruned                 0                  0.0
TcpExtOutOfWindowIcmps          0                  0.0
TcpExtLockDroppedIcmps          0                  0.0
TcpExtArpFilter                 0                  0.0
TcpExtTW                        244                0.0
TcpExtTWRecycled                0                  0.0
TcpExtTWKilled                  0                  0.0
TcpExtPAWSActive                0                  0.0
TcpExtPAWSEstab                 0                  0.0
TcpExtBeyondWindow              0                  0.0
TcpExtTSEcrRejected             0                  0.0
TcpExtPAWSOldAck                0                  0.0
TcpExtPAWSTimewait              0                  0.0
TcpExtDelayedACKs               376                0.0
TcpExtDelayedACKLocked          0                  0.0
TcpExtDelayedACKLost            106                0.0
TcpExtListenOverflows           0                  0.0
TcpExtListenDrops               0                  0.0
TcpExtTCPHPHits                 1450               0.0
TcpExtTCPPureAcks               1574               0.0
TcpExtTCPHPAcks                 1821               0.0
TcpExtTCPRenoRecovery           0                  0.0
TcpExtTCPSackRecovery           0                  0.0
TcpExtTCPSACKReneging           0                  0.0
TcpExtTCPSACKReorder            0                  0.0
TcpExtTCPRenoReorder            0                  0.0
TcpExtTCPTSReorder              0                  0.0
TcpExtTCPFullUndo               0                  0.0
TcpExtTCPPartialUndo            0                  0.0
TcpExtTCPDSACKUndo              0                  0.0
TcpExtTCPLossUndo               0                  0.0
TcpExtTCPLostRetransmit         0                  0.0
TcpExtTCPRenoFailures           0                  0.0
TcpExtTCPSackFailures           0                  0.0
TcpExtTCPLossFailures           0                  0.0
TcpExtTCPFastRetrans            0                  0.0
TcpExtTCPSlowStartRetrans       0                  0.0
TcpExtTCPTimeouts               72                 0.0
TcpExtTCPLossProbes             1                  0.0
TcpExtTCPLossProbeRecovery      0                  0.0
TcpExtTCPRenoRecoveryFail       0                  0.0
TcpExtTCPSackRecoveryFail       0                  0.0
TcpExtTCPRcvCollapsed           26                 0.0
TcpExtTCPBacklogCoalesce        14                 0.0
TcpExtTCPDSACKOldSent           106                0.0
TcpExtTCPDSACKOfoSent           0                  0.0
TcpExtTCPDSACKRecv              0                  0.0
TcpExtTCPDSACKOfoRecv           0                  0.0
TcpExtTCPAbortOnData            4                  0.0
TcpExtTCPAbortOnClose           6                  0.0
TcpExtTCPAbortOnMemory          0                  0.0
TcpExtTCPAbortOnTimeout         0                  0.0
TcpExtTCPAbortOnLinger          0                  0.0
TcpExtTCPAbortFailed            0                  0.0
TcpExtTCPMemoryPressures        0                  0.0
TcpExtTCPMemoryPressuresChrono  0                  0.0
TcpExtTCPSACKDiscard            0                  0.0
TcpExtTCPDSACKIgnoredOld        0                  0.0
TcpExtTCPDSACKIgnoredNoUndo     0                  0.0
TcpExtTCPSpuriousRTOs           0                  0.0
TcpExtTCPMD5NotFound            0                  0.0
TcpExtTCPMD5Unexpected          0                  0.0
TcpExtTCPMD5Failure             0                  0.0
TcpExtTCPSackShifted            0                  0.0
TcpExtTCPSackMerged             0                  0.0
TcpExtTCPSackShiftFallback      0                  0.0
TcpExtTCPBacklogDrop            0                  0.0
TcpExtPFMemallocDrop            0                  0.0
TcpExtTCPMinTTLDrop             0                  0.0
TcpExtTCPDeferAcceptDrop        0                  0.0
TcpExtIPReversePathFilter       0                  0.0
TcpExtTCPTimeWaitOverflow       0                  0.0
TcpExtTCPReqQFullDoCookies      0                  0.0
TcpExtTCPReqQFullDrop           0                  0.0
TcpExtTCPRetransFail            0                  0.0
TcpExtTCPRcvCoalesce            1242               0.0
TcpExtTCPOFOQueue               0                  0.0
TcpExtTCPOFODrop                0                  0.0
TcpExtTCPOFOMerge               0                  0.0
TcpExtTCPChallengeACK           0                  0.0
TcpExtTCPSYNChallenge           0                  0.0
TcpExtTCPFastOpenActive         0                  0.0
TcpExtTCPFastOpenActiveFail     0                  0.0
TcpExtTCPFastOpenPassive        0                  0.0
TcpExtTCPFastOpenPassiveFail    0                  0.0
TcpExtTCPFastOpenListenOverflow 0                  0.0
TcpExtTCPFastOpenCookieReqd     0                  0.0
TcpExtTCPFastOpenBlackhole      0                  0.0
TcpExtTCPSpuriousRtxHostQueues  0                  0.0
TcpExtBusyPollRxPackets         0                  0.0
TcpExtTCPAutoCorking            20                 0.0
TcpExtTCPFromZeroWindowAdv      106                0.0
TcpExtTCPToZeroWindowAdv        106                0.0
TcpExtTCPWantZeroWindowAdv      6                  0.0
TcpExtTCPSynRetrans             60                 0.0
TcpExtTCPOrigDataSent           4082               0.0
TcpExtTCPHystartTrainDetect     0                  0.0
TcpExtTCPHystartTrainCwnd       0                  0.0
TcpExtTCPHystartDelayDetect     0                  0.0
TcpExtTCPHystartDelayCwnd       0                  0.0
TcpExtTCPACKSkippedSynRecv      0                  0.0
TcpExtTCPACKSkippedPAWS         0                  0.0
TcpExtTCPACKSkippedSeq          0                  0.0
TcpExtTCPACKSkippedFinWait2     0                  0.0
TcpExtTCPACKSkippedTimeWait     0                  0.0
TcpExtTCPACKSkippedChallenge    0                  0.0
TcpExtTCPWinProbe               0                  0.0
TcpExtTCPKeepAlive              15                 0.0
TcpExtTCPMTUPFail               0                  0.0
TcpExtTCPMTUPSuccess            0                  0.0
TcpExtTCPDelivered              4550               0.0
TcpExtTCPDeliveredCE            0                  0.0
TcpExtTCPAckCompressed          0                  0.0
TcpExtTCPZeroWindowDrop         0                  0.0
TcpExtTCPRcvQDrop               0                  0.0
TcpExtTCPWqueueTooBig           0                  0.0
TcpExtTCPFastOpenPassiveAltKey  0                  0.0
TcpExtTcpTimeoutRehash          0                  0.0
TcpExtTcpDuplicateDataRehash    0                  0.0
TcpExtTCPDSACKRecvSegs          0                  0.0
TcpExtTCPDSACKIgnoredDubious    0                  0.0
TcpExtTCPMigrateReqSuccess      0                  0.0
TcpExtTCPMigrateReqFailure      0                  0.0
TcpExtTCPPLBRehash              0                  0.0
TcpExtTCPAORequired             0                  0.0
TcpExtTCPAOBad                  0                  0.0
TcpExtTCPAOKeyNotFound          0                  0.0
TcpExtTCPAOGood                 0                  0.0
TcpExtTCPAODroppedIcmps         0                  0.0
IpExtInNoRoutes                 0                  0.0
IpExtInTruncatedPkts            0                  0.0
IpExtInMcastPkts                0                  0.0
IpExtOutMcastPkts               4                  0.0
IpExtInBcastPkts                0                  0.0
IpExtOutBcastPkts               0                  0.0
IpExtInOctets                   151462415469       0.0
IpExtOutOctets                  151067470001       0.0
IpExtInMcastOctets              0                  0.0
IpExtOutMcastOctets             160                0.0
IpExtInBcastOctets              0                  0.0
IpExtOutBcastOctets             0                  0.0
IpExtInCsumErrors               0                  0.0
IpExtInNoECTPkts                192207640          0.0
IpExtInECT1Pkts                 0                  0.0
IpExtInECT0Pkts                 0                  0.0
IpExtInCEPkts                   0                  0.0
IpExtReasmOverlaps              0                  0.0
MPTcpExtMPCapableSYNRX          0                  0.0
MPTcpExtMPCapableSYNTX          0                  0.0
MPTcpExtMPCapableSYNACKRX       0                  0.0
MPTcpExtMPCapableACKRX          0                  0.0
MPTcpExtMPCapableFallbackACK    0                  0.0
MPTcpExtMPCapableFallbackSYNACK 0                  0.0
MPTcpExtMPCapableSYNTXDrop      0                  0.0
MPTcpExtMPCapableSYNTXDisabled  0                  0.0
MPTcpExtMPCapableEndpAttempt    0                  0.0
MPTcpExtMPFallbackTokenInit     0                  0.0
MPTcpExtMPTCPRetrans            0                  0.0
MPTcpExtMPJoinNoTokenFound      0                  0.0
MPTcpExtMPJoinSynRx             0                  0.0
MPTcpExtMPJoinSynBackupRx       0                  0.0
MPTcpExtMPJoinSynAckRx          0                  0.0
MPTcpExtMPJoinSynAckBackupRx    0                  0.0
MPTcpExtMPJoinSynAckHMacFailure 0                  0.0
MPTcpExtMPJoinAckRx             0                  0.0
MPTcpExtMPJoinAckHMacFailure    0                  0.0
MPTcpExtMPJoinRejected          0                  0.0
MPTcpExtMPJoinSynTx             0                  0.0
MPTcpExtMPJoinSynTxCreatSkErr   0                  0.0
MPTcpExtMPJoinSynTxBindErr      0                  0.0
MPTcpExtMPJoinSynTxConnectErr   0                  0.0
MPTcpExtDSSNotMatching          0                  0.0
MPTcpExtDSSCorruptionFallback   0                  0.0
MPTcpExtDSSCorruptionReset      0                  0.0
MPTcpExtInfiniteMapTx           0                  0.0
MPTcpExtInfiniteMapRx           0                  0.0
MPTcpExtDSSNoMatchTCP           0                  0.0
MPTcpExtDataCsumErr             0                  0.0
MPTcpExtOFOQueueTail            0                  0.0
MPTcpExtOFOQueue                0                  0.0
MPTcpExtOFOMerge                0                  0.0
MPTcpExtNoDSSInWindow           0                  0.0
MPTcpExtDuplicateData           0                  0.0
MPTcpExtAddAddr                 0                  0.0
MPTcpExtAddAddrTx               0                  0.0
MPTcpExtAddAddrTxDrop           0                  0.0
MPTcpExtEchoAdd                 0                  0.0
MPTcpExtEchoAddTx               0                  0.0
MPTcpExtEchoAddTxDrop           0                  0.0
MPTcpExtPortAdd                 0                  0.0
MPTcpExtAddAddrDrop             0                  0.0
MPTcpExtMPJoinPortSynRx         0                  0.0
MPTcpExtMPJoinPortSynAckRx      0                  0.0
MPTcpExtMPJoinPortAckRx         0                  0.0
MPTcpExtMismatchPortSynRx       0                  0.0
MPTcpExtMismatchPortAckRx       0                  0.0
MPTcpExtRmAddr                  0                  0.0
MPTcpExtRmAddrDrop              0                  0.0
MPTcpExtRmAddrTx                0                  0.0
MPTcpExtRmAddrTxDrop            0                  0.0
MPTcpExtRmSubflow               0                  0.0
MPTcpExtMPPrioTx                0                  0.0
MPTcpExtMPPrioRx                0                  0.0
MPTcpExtMPFailTx                0                  0.0
MPTcpExtMPFailRx                0                  0.0
MPTcpExtMPFastcloseTx           0                  0.0
MPTcpExtMPFastcloseRx           0                  0.0
MPTcpExtMPRstTx                 0                  0.0
MPTcpExtMPRstRx                 0                  0.0
MPTcpExtRcvPruned               0                  0.0
MPTcpExtSubflowStale            0                  0.0
MPTcpExtSubflowRecover          0                  0.0
MPTcpExtSndWndShared            0                  0.0
MPTcpExtRcvWndShared            0                  0.0
MPTcpExtRcvWndConflictUpdate    0                  0.0
MPTcpExtRcvWndConflict          0                  0.0
MPTcpExtMPCurrEstab             0                  0.0
MPTcpExtBlackhole               0                  0.0
MPTcpExtMPCapableDataFallback   0                  0.0
MPTcpExtMD5SigFallback          0                  0.0
MPTcpExtDssFallback             0                  0.0
MPTcpExtSimultConnectFallback   0                  0.0
MPTcpExtFallbackFailed          0                  0.0
