info: Loading workload script /workload/hot_partition.rn...
info: Connecting to ["http://172.31.11.102:8000", "http://172.31.14.61:8000", "http://172.31.15.77:8000"]... 
info: Connected to '' cluster running ScyllaDB 2026.1.0~dev-0.20251003.20aeed160740 with build-id d177add4e6a23f71d527ca6e182d27a1f9ad74b4
info: Preparing...
info: Warming up...
info: Running benchmark...
CONFIG ═════════════════════════════════════════════════════════════════════════════════════════════════════════════════════
            Date            Fri, 29 May 2026                                                          
            Time            04:08:16 +0000                                                            
         Cluster                                                                                      
      Datacenter                                                                                      
            Rack                                                                                      
      DB version            ScyllaDB 2026.1.0~dev-0.20251003.20aeed160740 with build-id d177add4e6a23f71d527ca6e182d27a1f9ad74b4                                            
        Workload            hot_partition.rn                                                          
     Function(s)            get:0.3, update:0.7                                                       
Request compression            Off                                                                       
Header whitelist            default                                                                   
 Active interval            default                                                                   
   Idle interval            default                                                                   
Routing fallback            default                                                                   
Key route affinity            default                                                                   
Key route affinity tables            none                                                                      
            Tags                                                                                      
────────────────────────────────────────────────────────────────────────────────────────────────────────────────────────────
-P alternator.consistentReads            false                                                                     
-P cold_partitions            900000                                                                    
   -P fieldcount            10                                                                        
  -P fieldlength            512                                                                       
-P hot_items_per_partition            3125                                                                      
-P hot_partitions            32                                                                        
-P hot_traffic_ratio            0.99                                                                      
-P requestdistribution            "uniform"                                                                 
    -P row_count            1000000                                                                   
        -P table            "latte_hot_partition"                                                     
────────────────────────────────────────────────────────────────────────────────────────────────────────────────────────────
         Threads                   16                                                                 
     Concurrency     [req]         16                                                                 
        Max rate    [op/s]                                                                            
          Warmup       [s]         30                                                                 
              └─      [op]                                                                            
        Run time       [s]      120.0                                                                 
              └─      [op]                                                                            
        Sampling       [s]        1.0                                                                 
              └─      [op]                                                                            
 Request timeout       [s]          5                                                                 
         Retries                                                                                      
  ┌──────┴number                   10                                                                 
  ├─min interval      [ms]        100                                                                 
  └─max interval      [ms]       5000                                                                 

LOG ════════════════════════════════════════════════════════════════════════════════════════════════════════════════════════
    Time    Cycles    Errors    Thrpt.     ────────────────────────────────── Latency [ms/op] ──────────────────────────────
     [s]      [op]      [op]    [op/s]             Min        50        75        90        95        99      99.9       Max
2026-05-29 04:08:46.756: [ERROR][Attempt 0/10][Retry in 85 ms] SdkError: Internal server error: exceptions::mutation_write_timeout_exception (Failed to accept proposal(16efd512-5b14-11f1-7ca3-18fa6c760278) for alternator_latte_hot_partition.latte_hot_partition: write timeout due to uncertainty. Replica errors: )
2026-05-29 04:08:46.845: [ERROR][Attempt 0/10][Retry in 80 ms] SdkError: Internal server error: exceptions::mutation_write_timeout_exception (Failed to accept proposal(16fd5dd6-5b14-11f1-56d0-1b547facb6f8) for alternator_latte_hot_partition.latte_hot_partition: write timeout due to uncertainty. Replica errors: )
2026-05-29 04:08:46.847: [ERROR][Attempt 0/10][Retry in 126 ms] SdkError: Internal server error: exceptions::mutation_write_timeout_exception (Failed to accept proposal(16fe1f14-5b14-11f1-bc71-725f3e2e42bf) for alternator_latte_hot_partition.latte_hot_partition: write timeout due to uncertainty. Replica errors: )
2026-05-29 04:08:47.153: [ERROR][Attempt 0/10][Retry in 70 ms] SdkError: Internal server error: exceptions::mutation_write_timeout_exception (Failed to accept proposal(172d228c-5b14-11f1-8a14-e67da15d3d77) for alternator_latte_hot_partition.latte_hot_partition: write timeout due to uncertainty. Replica errors: )
2026-05-29 04:08:46.954: [ERROR][Attempt 0/10][Retry in 79 ms] SdkError: Internal server error: exceptions::mutation_write_timeout_exception (Failed to accept proposal(170eb6c6-5b14-11f1-ae03-a345ecc252c9) for alternator_latte_hot_partition.latte_hot_partition: write timeout due to uncertainty. Replica errors: )
...number of dropped error messages per sampling period: 106
   1.001      4293         0      4289           0.390    13.017    82.575   163.447   217.973   332.399   527.434   603.980
2026-05-29 04:08:47.790: [ERROR][Attempt 0/10][Retry in 95 ms] SdkError: Internal server error: exceptions::mutation_write_timeout_exception (Failed to accept proposal(178e474c-5b14-11f1-fc96-1c69fe83511b) for alternator_latte_hot_partition.latte_hot_partition: write timeout due to uncertainty. Replica errors: )
2026-05-29 04:08:48.350: [ERROR][Attempt 0/10][Retry in 62 ms] SdkError: Internal server error: exceptions::mutation_write_timeout_exception (Failed to accept proposal(17e38b3a-5b14-11f1-83ae-24c520341aad) for alternator_latte_hot_partition.latte_hot_partition: write timeout due to uncertainty. Replica errors: )
2026-05-29 04:08:47.834: [ERROR][Attempt 0/10][Retry in 133 ms] SdkError: Internal server error: exceptions::mutation_write_timeout_exception (Failed to accept proposal(1794725c-5b14-11f1-9e89-a161ff3f30f9) for alternator_latte_hot_partition.latte_hot_partition: write timeout due to uncertainty. Replica errors: )
2026-05-29 04:08:47.981: [ERROR][Attempt 0/10][Retry in 114 ms] SdkError: Internal server error: exceptions::mutation_write_timeout_exception (Failed to accept proposal(17ab040e-5b14-11f1-1c83-f439d3a719d1) for alternator_latte_hot_partition.latte_hot_partition: write timeout due to uncertainty. Replica errors: )
2026-05-29 04:08:48.122: [ERROR][Attempt 0/10][Retry in 113 ms] SdkError: Internal server error: exceptions::mutation_write_timeout_exception (Failed to accept proposal(17c08504-5b14-11f1-04f9-d36add5ca274) for alternator_latte_hot_partition.latte_hot_partition: write timeout due to uncertainty. Replica errors: )
...number of dropped error messages per sampling period: 114
   2.001      3916         0      3916           0.381    13.500    91.030   188.482   259.129   435.159   682.623   875.561
2026-05-29 04:08:48.941: [ERROR][Attempt 0/10][Retry in 126 ms] SdkError: Internal server error: exceptions::mutation_write_timeout_exception (Failed to accept proposal(183da778-5b14-11f1-e9aa-9fdef36fc3c2) for alternator_latte_hot_partition.latte_hot_partition: write timeout due to uncertainty. Replica errors: )
2026-05-29 04:08:48.859: [ERROR][Attempt 0/10][Retry in 88 ms] SdkError: Internal server error: exceptions::mutation_write_timeout_exception (Failed to accept proposal(1830c3a0-5b14-11f1-7809-2d5ab373117b) for alternator_latte_hot_partition.latte_hot_partition: write timeout due to uncertainty. Replica errors: )
2026-05-29 04:08:48.877: [ERROR][Attempt 0/10][Retry in 79 ms] SdkError: Internal server error: exceptions::mutation_write_timeout_exception (Failed to accept proposal(1833bd08-5b14-11f1-2492-f546c488e700) for alternator_latte_hot_partition.latte_hot_partition: write timeout due to uncertainty. Replica errors: )
2026-05-29 04:08:49.106: [ERROR][Attempt 0/10][Retry in 68 ms] SdkError: Internal server error: exceptions::mutation_write_timeout_exception (Failed to accept proposal(1856e044-5b14-11f1-3294-f1e40f1d562b) for alternator_latte_hot_partition.latte_hot_partition: write timeout due to uncertainty. Replica errors: )
2026-05-29 04:08:49.272: [ERROR][Attempt 0/10][Retry in 51 ms] SdkError: Internal server error: exceptions::mutation_write_timeout_exception (Failed to accept proposal(18707748-5b14-11f1-2d82-49cb19cff0e2) for alternator_latte_hot_partition.latte_hot_partition: write timeout due to uncertainty. Replica errors: )
...number of dropped error messages per sampling period: 99
   3.001      4438         0      4439           0.372    10.781    91.947   181.666   249.823   419.168   669.516  1036.517
2026-05-29 04:08:50.341: [ERROR][Attempt 0/10][Retry in 146 ms] SdkError: Internal server error: exceptions::mutation_write_timeout_exception (Failed to accept proposal(1912f130-5b14-11f1-4bb1-c5aee067dde8) for alternator_latte_hot_partition.latte_hot_partition: write timeout due to uncertainty. Replica errors: )
2026-05-29 04:08:50.080: [ERROR][Attempt 0/10][Retry in 59 ms] SdkError: Internal server error: exceptions::mutation_write_timeout_exception (Failed to accept proposal(18eb87c6-5b14-11f1-3837-d0903f3dfebf) for alternator_latte_hot_partition.latte_hot_partition: write timeout due to uncertainty. Replica errors: )
2026-05-29 04:08:50.254: [ERROR][Attempt 0/10][Retry in 112 ms] SdkError: Internal server error: exceptions::mutation_write_timeout_exception (Failed to accept proposal(1905b3f8-5b14-11f1-558b-aa6209a38534) for alternator_latte_hot_partition.latte_hot_partition: write timeout due to uncertainty. Replica errors: )
2026-05-29 04:08:50.013: [ERROR][Attempt 0/10][Retry in 106 ms] SdkError: Internal server error: exceptions::mutation_write_timeout_exception (Failed to accept proposal(18e12966-5b14-11f1-b104-05290a3982ad) for alternator_latte_hot_partition.latte_hot_partition: write timeout due to uncertainty. Replica errors: )
2026-05-29 04:08:50.296: [ERROR][Attempt 0/10][Retry in 92 ms] SdkError: Internal server error: exceptions::mutation_write_timeout_exception (Failed to accept proposal(190c6ae0-5b14-11f1-0226-58d78be7d35e) for alternator_latte_hot_partition.latte_hot_partition: write timeout due to uncertainty. Replica errors: )
...number of dropped error messages per sampling period: 105
   4.001      3915         0      3914           0.370    11.305    91.947   198.574   270.008   392.954   605.553   661.651
2026-05-29 04:08:51.054: [ERROR][Attempt 0/10][Retry in 67 ms] SdkError: Internal server error: exceptions::mutation_write_timeout_exception (Failed to accept proposal(197fd9bc-5b14-11f1-5561-df1d21f75efa) for alternator_latte_hot_partition.latte_hot_partition: write timeout due to uncertainty. Replica errors: )
2026-05-29 04:08:51.444: [ERROR][Attempt 0/10][Retry in 141 ms] SdkError: Internal server error: exceptions::mutation_write_timeout_exception (Failed to accept proposal(19bb7cce-5b14-11f1-3026-aa9c878ec2da) for alternator_latte_hot_partition.latte_hot_partition: write timeout due to uncertainty. Replica errors: )
2026-05-29 04:08:51.098: [ERROR][Attempt 0/10][Retry in 149 ms] SdkError: Internal server error: exceptions::mutation_write_timeout_exception (Failed to accept proposal(19861908-5b14-11f1-0fff-7752cd7fb440) for alternator_latte_hot_partition.latte_hot_partition: write timeout due to uncertainty. Replica errors: )
2026-05-29 04:08:51.614: [ERROR][Attempt 0/10][Retry in 108 ms] SdkError: Internal server error: exceptions::mutation_write_timeout_exception (Failed to accept proposal(19d58646-5b14-11f1-f8c4-076a254018bc) for alternator_latte_hot_partition.latte_hot_partition: write timeout due to uncertainty. Replica errors: )
2026-05-29 04:08:51.144: [ERROR][Attempt 0/10][Retry in 82 ms] SdkError: Internal server error: exceptions::mutation_write_timeout_exception (Failed to accept proposal(198d8170-5b14-11f1-ec3a-a92f5043bdc4) for alternator_latte_hot_partition.latte_hot_partition: write timeout due to uncertainty. Replica errors: )
...number of dropped error messages per sampling period: 111
   5.001      4145         0      4146           0.375    11.502    82.969   184.156   270.270   514.327   831.521   912.785
2026-05-29 04:08:51.976: [ERROR][Attempt 0/10][Retry in 126 ms] SdkError: Internal server error: exceptions::mutation_write_timeout_exception (Failed to accept proposal(1a0cac8e-5b14-11f1-8608-92a67b547da2) for alternator_latte_hot_partition.latte_hot_partition: write timeout due to uncertainty. Replica errors: )
2026-05-29 04:08:51.843: [ERROR][Attempt 0/10][Retry in 145 ms] SdkError: Internal server error: exceptions::mutation_write_timeout_exception (Failed to accept proposal(19f877be-5b14-11f1-63f5-fa0d50a1d92e) for alternator_latte_hot_partition.latte_hot_partition: write timeout due to uncertainty. Replica errors: )
2026-05-29 04:08:52.111: [ERROR][Attempt 1/10][Retry in 177 ms] SdkError: Internal server error: exceptions::mutation_write_timeout_exception (Failed to accept proposal(1a2144aa-5b14-11f1-0789-38163255bd3b) for alternator_latte_hot_partition.latte_hot_partition: write timeout due to uncertainty. Replica errors: )
2026-05-29 04:08:52.073: [ERROR][Attempt 0/10][Retry in 116 ms] SdkError: Internal server error: exceptions::mutation_write_timeout_exception (Failed to accept proposal(1a1bc1ec-5b14-11f1-3814-42cc37a1b9d9) for alternator_latte_hot_partition.latte_hot_partition: write timeout due to uncertainty. Replica errors: )
2026-05-29 04:08:52.263: [ERROR][Attempt 0/10][Retry in 65 ms] SdkError: Internal server error: exceptions::mutation_write_timeout_exception (Failed to accept proposal(1a385da2-5b14-11f1-bad0-83aa2daee968) for alternator_latte_hot_partition.latte_hot_partition: write timeout due to uncertainty. Replica errors: )
...number of dropped error messages per sampling period: 102
   6.001      4118         0      4118           0.347     8.352    86.639   199.623   284.426   463.471   810.549   934.806
2026-05-29 04:08:53.200: [ERROR][Attempt 0/10][Retry in 91 ms] SdkError: Internal server error: exceptions::mutation_write_timeout_exception (Failed to accept proposal(1ac72ed8-5b14-11f1-1a88-c974b259f86d) for alternator_latte_hot_partition.latte_hot_partition: write timeout due to uncertainty. Replica errors: )
2026-05-29 04:08:53.306: [ERROR][Attempt 0/10][Retry in 83 ms] SdkError: Internal server error: exceptions::mutation_write_timeout_exception (Failed to accept proposal(1ad809e2-5b14-11f1-1f2b-f7292157794a) for alternator_latte_hot_partition.latte_hot_partition: write timeout due to uncertainty. Replica errors: )
2026-05-29 04:08:52.961: [ERROR][Attempt 0/10][Retry in 122 ms] SdkError: Internal server error: exceptions::mutation_write_timeout_exception (Failed to accept proposal(1aa2b0e4-5b14-11f1-835a-0d6bb148455a) for alternator_latte_hot_partition.latte_hot_partition: write timeout due to uncertainty. Replica errors: )
2026-05-29 04:08:53.100: [ERROR][Attempt 0/10][Retry in 102 ms] SdkError: Internal server error: exceptions::mutation_write_timeout_exception (Failed to accept proposal(1ab86c86-5b14-11f1-baa0-a4718009f4ed) for alternator_latte_hot_partition.latte_hot_partition: write timeout due to uncertainty. Replica errors: )
2026-05-29 04:08:52.844: [ERROR][Attempt 0/10][Retry in 62 ms] SdkError: Internal server error: exceptions::mutation_write_timeout_exception (Failed to accept proposal(1a90535e-5b14-11f1-a485-98c1ad8965fc) for alternator_latte_hot_partition.latte_hot_partition: write timeout due to uncertainty. Replica errors: )
...number of dropped error messages per sampling period: 102
   7.002      3893         0      3893           0.368    10.150    85.066   203.162   299.368   494.141   718.275   889.717
2026-05-29 04:08:54.486: [ERROR][Attempt 0/10][Retry in 81 ms] SdkError: Internal server error: exceptions::mutation_write_timeout_exception (Failed to accept proposal(1b8c0b90-5b14-11f1-8d68-ab257e67ef3e) for alternator_latte_hot_partition.latte_hot_partition: write timeout due to uncertainty. Replica errors: )
2026-05-29 04:08:54.508: [ERROR][Attempt 0/10][Retry in 71 ms] SdkError: Internal server error: exceptions::mutation_write_timeout_exception (Failed to accept proposal(1b8f38f6-5b14-11f1-c32f-c70f82691fa0) for alternator_latte_hot_partition.latte_hot_partition: write timeout due to uncertainty. Replica errors: )
2026-05-29 04:08:53.961: [ERROR][Attempt 0/10][Retry in 144 ms] SdkError: Internal server error: exceptions::mutation_write_timeout_exception (Failed to accept proposal(1b3b1f8c-5b14-11f1-08b1-c850332c8275) for alternator_latte_hot_partition.latte_hot_partition: write timeout due to uncertainty. Replica errors: )
2026-05-29 04:08:54.220: [ERROR][Attempt 1/10][Retry in 248 ms] SdkError: Internal server error: exceptions::mutation_write_timeout_exception (Failed to accept proposal(1b62c7a8-5b14-11f1-16f9-f5d57f22f17a) for alternator_latte_hot_partition.latte_hot_partition: write timeout due to uncertainty. Replica errors: )
2026-05-29 04:08:53.859: [ERROR][Attempt 0/10][Retry in 101 ms] SdkError: Internal server error: exceptions::mutation_write_timeout_exception (Failed to accept proposal(1b2c1816-5b14-11f1-38c0-60eac2063cf7) for alternator_latte_hot_partition.latte_hot_partition: write timeout due to uncertainty. Replica errors: )
...number of dropped error messages per sampling period: 100
   8.001      4187         0      4187           0.354     8.217    77.267   186.253   271.319   657.457  1117.782  1589.641
2026-05-29 04:08:55.165: [ERROR][Attempt 0/10][Retry in 77 ms] SdkError: Internal server error: exceptions::mutation_write_timeout_exception (Failed to accept proposal(1bf335d6-5b14-11f1-a950-d14d4c56b466) for alternator_latte_hot_partition.latte_hot_partition: write timeout due to uncertainty. Replica errors: )
2026-05-29 04:08:54.772: [ERROR][Attempt 0/10][Retry in 51 ms] SdkError: Internal server error: exceptions::mutation_write_timeout_exception (Failed to accept proposal(1bb6f8d2-5b14-11f1-5e5f-9e68e0e58772) for alternator_latte_hot_partition.latte_hot_partition: write timeout due to uncertainty. Replica errors: )
2026-05-29 04:08:55.588: [ERROR][Attempt 0/10][Retry in 127 ms] SdkError: Internal server error: exceptions::mutation_write_timeout_exception (Failed to accept proposal(1c33d186-5b14-11f1-2fc0-618cecbd88fd) for alternator_latte_hot_partition.latte_hot_partition: write timeout due to uncertainty. Replica errors: )
2026-05-29 04:08:55.167: [ERROR][Attempt 0/10][Retry in 138 ms] SdkError: Internal server error: exceptions::mutation_write_timeout_exception (Failed to accept proposal(1bf38c0c-5b14-11f1-2c76-e710b2a5c402) for alternator_latte_hot_partition.latte_hot_partition: write timeout due to uncertainty. Replica errors: )
2026-05-29 04:08:55.313: [ERROR][Attempt 0/10][Retry in 99 ms] SdkError: Internal server error: exceptions::mutation_write_timeout_exception (Failed to accept proposal(1c09b16c-5b14-11f1-60f7-a4003b53a6c8) for alternator_latte_hot_partition.latte_hot_partition: write timeout due to uncertainty. Replica errors: )
...number of dropped error messages per sampling period: 105
   9.001      3949         0      3949           0.385    11.977    91.685   191.889   270.795   545.260   876.610  1146.094
2026-05-29 04:08:56.014: [ERROR][Attempt 0/10][Retry in 148 ms] SdkError: Internal server error: exceptions::mutation_write_timeout_exception (Failed to accept proposal(1c74a9c2-5b14-11f1-40f5-ce0926b5c57b) for alternator_latte_hot_partition.latte_hot_partition: write timeout due to uncertainty. Replica errors: )
2026-05-29 04:08:56.265: [ERROR][Attempt 0/10][Retry in 116 ms] SdkError: Internal server error: exceptions::mutation_write_timeout_exception (Failed to accept proposal(1c99e778-5b14-11f1-0474-28b56b4a18d2) for alternator_latte_hot_partition.latte_hot_partition: write timeout due to uncertainty. Replica errors: )
2026-05-29 04:08:56.250: [ERROR][Attempt 0/10][Retry in 115 ms] SdkError: Internal server error: exceptions::mutation_write_timeout_exception (Failed to accept proposal(1c988310-5b14-11f1-1802-d25676f90bb5) for alternator_latte_hot_partition.latte_hot_partition: write timeout due to uncertainty. Replica errors: )
2026-05-29 04:08:56.475: [ERROR][Attempt 0/10][Retry in 71 ms] SdkError: Internal server error: exceptions::mutation_write_timeout_exception (Failed to accept proposal(1cba7740-5b14-11f1-a98a-0af316987dff) for alternator_latte_hot_partition.latte_hot_partition: write timeout due to uncertainty. Replica errors: )
2026-05-29 04:08:56.235: [ERROR][Attempt 0/10][Retry in 137 ms] SdkError: Internal server error: exceptions::mutation_write_timeout_exception (Failed to accept proposal(1c95ddd6-5b14-11f1-bb58-211e6aa7d822) for alternator_latte_hot_partition.latte_hot_partition: write timeout due to uncertainty. Replica errors: )
...number of dropped error messages per sampling period: 104
  10.001      3932         0      3932           0.383    10.125    89.915   212.468   294.912   483.918   940.048  1647.313
2026-05-29 04:08:57.172: [ERROR][Attempt 0/10][Retry in 61 ms] SdkError: Internal server error: exceptions::mutation_write_timeout_exception (Failed to accept proposal(1d2537e2-5b14-11f1-a71b-28018910fa6c) for alternator_latte_hot_partition.latte_hot_partition: write timeout due to uncertainty. Replica errors: )
2026-05-29 04:08:56.908: [ERROR][Attempt 0/10][Retry in 133 ms] SdkError: Internal server error: exceptions::mutation_write_timeout_exception (Failed to accept proposal(1cfd5628-5b14-11f1-3aa4-23284bd8d730) for alternator_latte_hot_partition.latte_hot_partition: write timeout due to uncertainty. Replica errors: )
2026-05-29 04:08:57.737: [ERROR][Attempt 0/10][Retry in 64 ms] SdkError: Internal server error: exceptions::mutation_write_timeout_exception (Failed to accept proposal(1d7bd5a2-5b14-11f1-e263-2360577f2db4) for alternator_latte_hot_partition.latte_hot_partition: write timeout due to uncertainty. Replica errors: )
2026-05-29 04:08:57.076: [ERROR][Attempt 0/10][Retry in 147 ms] SdkError: Internal server error: exceptions::mutation_write_timeout_exception (Failed to accept proposal(1d16e1ec-5b14-11f1-075b-a8541221e9c1) for alternator_latte_hot_partition.latte_hot_partition: write timeout due to uncertainty. Replica errors: )
2026-05-29 04:08:56.916: [ERROR][Attempt 0/10][Retry in 57 ms] SdkError: Internal server error: exceptions::mutation_write_timeout_exception (Failed to accept proposal(1cfe811a-5b14-11f1-506a-79b2e643ba3c) for alternator_latte_hot_partition.latte_hot_partition: write timeout due to uncertainty. Replica errors: )
...number of dropped error messages per sampling period: 120
  11.001      4065         0      4065           0.359     8.471    75.694   186.647   275.775   474.481   772.276   898.105
2026-05-29 04:08:58.382: [ERROR][Attempt 0/10][Retry in 99 ms] SdkError: Internal server error: exceptions::mutation_write_timeout_exception (Failed to accept proposal(1dddcb0e-5b14-11f1-37ea-22e0d15880fa) for alternator_latte_hot_partition.latte_hot_partition: write timeout due to uncertainty. Replica errors: )
2026-05-29 04:08:58.479: [ERROR][Attempt 0/10][Retry in 137 ms] SdkError: Internal server error: exceptions::mutation_write_timeout_exception (Failed to accept proposal(1dece13e-5b14-11f1-853b-0af607865c58) for alternator_latte_hot_partition.latte_hot_partition: write timeout due to uncertainty. Replica errors: )
2026-05-29 04:08:58.476: [ERROR][Attempt 0/10][Retry in 131 ms] SdkError: Internal server error: exceptions::mutation_write_timeout_exception (Failed to accept proposal(1dec5e08-5b14-11f1-915a-6c27f45bad65) for alternator_latte_hot_partition.latte_hot_partition: write timeout due to uncertainty. Replica errors: )
2026-05-29 04:08:57.988: [ERROR][Attempt 0/10][Retry in 71 ms] SdkError: Internal server error: exceptions::mutation_write_timeout_exception (Failed to accept proposal(1da1fdf4-5b14-11f1-091f-619afdf7d2c7) for alternator_latte_hot_partition.latte_hot_partition: write timeout due to uncertainty. Replica errors: )
2026-05-29 04:08:58.692: [ERROR][Attempt 0/10][Retry in 133 ms] SdkError: Internal server error: exceptions::mutation_write_timeout_exception (Failed to accept proposal(1e0d960e-5b14-11f1-2a13-7c8bd21ce638) for alternator_latte_hot_partition.latte_hot_partition: write timeout due to uncertainty. Replica errors: )
...number of dropped error messages per sampling period: 99
  12.001      3764         0      3764           0.348     8.282    67.437   183.632   303.825   750.780  1214.251  1578.107
2026-05-29 04:08:58.828: [ERROR][Attempt 0/10][Retry in 107 ms] SdkError: Internal server error: exceptions::mutation_write_timeout_exception (Failed to accept proposal(1e227bfa-5b14-11f1-7438-d0337d3a97bb) for alternator_latte_hot_partition.latte_hot_partition: write timeout due to uncertainty. Replica errors: )
2026-05-29 04:08:59.021: [ERROR][Attempt 0/10][Retry in 133 ms] SdkError: Internal server error: exceptions::mutation_write_timeout_exception (Failed to accept proposal(1e3fc07a-5b14-11f1-cf22-7e4f49ba854c) for alternator_latte_hot_partition.latte_hot_partition: write timeout due to uncertainty. Replica errors: )
2026-05-29 04:08:59.204: [ERROR][Attempt 0/10][Retry in 83 ms] SdkError: Internal server error: exceptions::mutation_write_timeout_exception (Failed to accept proposal(1e5bd102-5b14-11f1-fc24-222ea6f7b12f) for alternator_latte_hot_partition.latte_hot_partition: write timeout due to uncertainty. Replica errors: )
2026-05-29 04:08:59.264: [ERROR][Attempt 0/10][Retry in 90 ms] SdkError: Internal server error: exceptions::mutation_write_timeout_exception (Failed to accept proposal(1e652a04-5b14-11f1-c17f-4ca62d3ff1f3) for alternator_latte_hot_partition.latte_hot_partition: write timeout due to uncertainty. Replica errors: )
2026-05-29 04:08:59.242: [ERROR][Attempt 0/10][Retry in 64 ms] SdkError: Internal server error: exceptions::mutation_write_timeout_exception (Failed to accept proposal(1e619bbe-5b14-11f1-7207-9ae0ff6cba0a) for alternator_latte_hot_partition.latte_hot_partition: write timeout due to uncertainty. Replica errors: )
...number of dropped error messages per sampling period: 93
  13.001      4166         0      4166           0.348     8.110    63.341   153.354   234.488   990.380  1267.728  1709.179
2026-05-29 04:09:00.571: [ERROR][Attempt 0/10][Retry in 53 ms] SdkError: Internal server error: exceptions::mutation_write_timeout_exception (Failed to accept proposal(1f2b8686-5b14-11f1-5f71-27b19bd4d76d) for alternator_latte_hot_partition.latte_hot_partition: write timeout due to uncertainty. Replica errors: )
2026-05-29 04:08:59.996: [ERROR][Attempt 0/10][Retry in 64 ms] SdkError: Internal server error: exceptions::mutation_write_timeout_exception (Failed to accept proposal(1ed3e53e-5b14-11f1-ea62-2b5b6019e8f3) for alternator_latte_hot_partition.latte_hot_partition: write timeout due to uncertainty. Replica errors: )
2026-05-29 04:09:00.632: [ERROR][Attempt 0/10][Retry in 105 ms] SdkError: Internal server error: exceptions::mutation_write_timeout_exception (Failed to accept proposal(1f357ad8-5b14-11f1-1bf1-a773ca8b45a7) for alternator_latte_hot_partition.latte_hot_partition: write timeout due to uncertainty. Replica errors: )
2026-05-29 04:08:59.857: [ERROR][Attempt 0/10][Retry in 62 ms] SdkError: Internal server error: exceptions::mutation_write_timeout_exception (Failed to accept proposal(1ebf41ba-5b14-11f1-a9a9-2b3fc452de49) for alternator_latte_hot_partition.latte_hot_partition: write timeout due to uncertainty. Replica errors: )
2026-05-29 04:09:00.255: [ERROR][Attempt 0/10][Retry in 57 ms] SdkError: Internal server error: exceptions::mutation_write_timeout_exception (Failed to accept proposal(1efc5082-5b14-11f1-dc67-d1a0411a98f6) for alternator_latte_hot_partition.latte_hot_partition: write timeout due to uncertainty. Replica errors: )
...number of dropped error messages per sampling period: 96
  14.001      3879         0      3878           0.363    11.944    88.080   178.127   235.405   665.321  1309.671  1410.335
2026-05-29 04:09:01.240: [ERROR][Attempt 0/10][Retry in 70 ms] SdkError: Internal server error: exceptions::mutation_write_timeout_exception (Failed to accept proposal(1f9244ca-5b14-11f1-cdc3-6f366c56c746) for alternator_latte_hot_partition.latte_hot_partition: write timeout due to uncertainty. Replica errors: )
2026-05-29 04:09:01.584: [ERROR][Attempt 0/10][Retry in 99 ms] SdkError: Internal server error: exceptions::mutation_write_timeout_exception (Failed to accept proposal(1fc6dbea-5b14-11f1-f21e-0f197fcd8606) for alternator_latte_hot_partition.latte_hot_partition: write timeout due to uncertainty. Replica errors: )
2026-05-29 04:09:01.603: [ERROR][Attempt 0/10][Retry in 149 ms] SdkError: Internal server error: exceptions::mutation_write_timeout_exception (Failed to accept proposal(1fc986ce-5b14-11f1-1b9b-6f9a868ad7f3) for alternator_latte_hot_partition.latte_hot_partition: write timeout due to uncertainty. Replica errors: )
2026-05-29 04:09:00.849: [ERROR][Attempt 0/10][Retry in 114 ms] SdkError: Internal server error: exceptions::mutation_write_timeout_exception (Failed to accept proposal(1f56d03e-5b14-11f1-667a-caba0a18d3a7) for alternator_latte_hot_partition.latte_hot_partition: write timeout due to uncertainty. Replica errors: )
2026-05-29 04:09:00.898: [ERROR][Attempt 0/10][Retry in 133 ms] SdkError: Internal server error: exceptions::mutation_write_timeout_exception (Failed to accept proposal(1f5e04da-5b14-11f1-8779-7ff9d1e49ff9) for alternator_latte_hot_partition.latte_hot_partition: write timeout due to uncertainty. Replica errors: )
...number of dropped error messages per sampling period: 86
  15.000      3815         0      3816           0.346    10.789    78.250   176.947   266.994  1083.179  1506.804  2585.788
2026-05-29 04:09:02.394: [ERROR][Attempt 0/10][Retry in 57 ms] SdkError: Internal server error: exceptions::mutation_write_timeout_exception (Failed to accept proposal(2042dbf0-5b14-11f1-ea91-06225ab1aa1b) for alternator_latte_hot_partition.latte_hot_partition: write timeout due to uncertainty. Replica errors: )
2026-05-29 04:09:02.666: [ERROR][Attempt 0/10][Retry in 77 ms] SdkError: Internal server error: exceptions::mutation_write_timeout_exception (Failed to accept proposal(206c1ec0-5b14-11f1-9269-1e4e4582f5e7) for alternator_latte_hot_partition.latte_hot_partition: write timeout due to uncertainty. Replica errors: )
2026-05-29 04:09:01.870: [ERROR][Attempt 0/10][Retry in 109 ms] SdkError: Internal server error: exceptions::mutation_write_timeout_exception (Failed to accept proposal(1ff26a12-5b14-11f1-6d59-aa12bf3263be) for alternator_latte_hot_partition.latte_hot_partition: write timeout due to uncertainty. Replica errors: )
2026-05-29 04:09:01.851: [ERROR][Attempt 0/10][Retry in 107 ms] SdkError: Internal server error: exceptions::mutation_write_timeout_exception (Failed to accept proposal(1fefcfc8-5b14-11f1-ab58-2b3c82abbc94) for alternator_latte_hot_partition.latte_hot_partition: write timeout due to uncertainty. Replica errors: )
2026-05-29 04:09:02.073: [ERROR][Attempt 0/10][Retry in 143 ms] SdkError: Internal server error: exceptions::mutation_write_timeout_exception (Failed to accept proposal(2011a972-5b14-11f1-2ac9-2c38fbabdd15) for alternator_latte_hot_partition.latte_hot_partition: write timeout due to uncertainty. Replica errors: )
...number of dropped error messages per sampling period: 93
  16.001      3968         0      3967           0.389     9.519    78.447   208.011   302.514   615.514  1115.685  1408.238
2026-05-29 04:09:02.939: [ERROR][Attempt 0/10][Retry in 128 ms] SdkError: Internal server error: exceptions::mutation_write_timeout_exception (Failed to accept proposal(2094e760-5b14-11f1-406b-8a820730d2e0) for alternator_latte_hot_partition.latte_hot_partition: write timeout due to uncertainty. Replica errors: )
2026-05-29 04:09:03.073: [ERROR][Attempt 0/10][Retry in 55 ms] SdkError: Internal server error: exceptions::mutation_write_timeout_exception (Failed to accept proposal(20a997aa-5b14-11f1-b7d5-5214663722a0) for alternator_latte_hot_partition.latte_hot_partition: write timeout due to uncertainty. Replica errors: )
2026-05-29 04:09:03.068: [ERROR][Attempt 0/10][Retry in 78 ms] SdkError: Internal server error: exceptions::mutation_write_timeout_exception (Failed to accept proposal(20a85e76-5b14-11f1-43b1-45a887202ea2) for alternator_latte_hot_partition.latte_hot_partition: write timeout due to uncertainty. Replica errors: )
2026-05-29 04:09:03.633: [ERROR][Attempt 0/10][Retry in 65 ms] SdkError: Internal server error: exceptions::mutation_write_timeout_exception (Failed to accept proposal(20feea8e-5b14-11f1-112b-01681dfcc445) for alternator_latte_hot_partition.latte_hot_partition: write timeout due to uncertainty. Replica errors: )
2026-05-29 04:09:03.190: [ERROR][Attempt 0/10][Retry in 83 ms] SdkError: Internal server error: exceptions::mutation_write_timeout_exception (Failed to accept proposal(20bb8352-5b14-11f1-0b65-8aafdfe3162c) for alternator_latte_hot_partition.latte_hot_partition: write timeout due to uncertainty. Replica errors: )
...number of dropped error messages per sampling period: 84
  17.001      3702         0      3703           0.369    12.755    92.930   207.749   305.660   444.858   610.271  1250.951
2026-05-29 04:09:03.876: [ERROR][Attempt 0/10][Retry in 71 ms] SdkError: Internal server error: exceptions::mutation_write_timeout_exception (Failed to accept proposal(21246138-5b14-11f1-cfa9-13fdc935d5b1) for alternator_latte_hot_partition.latte_hot_partition: write timeout due to uncertainty. Replica errors: )
2026-05-29 04:09:04.231: [ERROR][Attempt 0/10][Retry in 108 ms] SdkError: Internal server error: exceptions::mutation_write_timeout_exception (Failed to accept proposal(2159fb90-5b14-11f1-b8ce-c940fb3e1adc) for alternator_latte_hot_partition.latte_hot_partition: write timeout due to uncertainty. Replica errors: )
2026-05-29 04:09:04.054: [ERROR][Attempt 0/10][Retry in 60 ms] SdkError: Internal server error: exceptions::mutation_write_timeout_exception (Failed to accept proposal(213fbd98-5b14-11f1-d18e-adb721fc9e78) for alternator_latte_hot_partition.latte_hot_partition: write timeout due to uncertainty. Replica errors: )
2026-05-29 04:09:04.222: [ERROR][Attempt 0/10][Retry in 65 ms] SdkError: Internal server error: exceptions::mutation_write_timeout_exception (Failed to accept proposal(215986d8-5b14-11f1-a750-4825103b1609) for alternator_latte_hot_partition.latte_hot_partition: write timeout due to uncertainty. Replica errors: )
2026-05-29 04:09:04.604: [ERROR][Attempt 0/10][Retry in 109 ms] SdkError: Internal server error: exceptions::mutation_write_timeout_exception (Failed to accept proposal(21939d6e-5b14-11f1-d628-6642fc4106c4) for alternator_latte_hot_partition.latte_hot_partition: write timeout due to uncertainty. Replica errors: )
...number of dropped error messages per sampling period: 114
  18.001      3970         0      3970           0.381     9.019    79.823   196.215   313.524   628.621  1151.336  1937.768
2026-05-29 04:09:04.910: [ERROR][Attempt 0/10][Retry in 147 ms] SdkError: Internal server error: exceptions::mutation_write_timeout_exception (Failed to accept proposal(21c1798c-5b14-11f1-5712-d0bb83324ce8) for alternator_latte_hot_partition.latte_hot_partition: write timeout due to uncertainty. Replica errors: )
2026-05-29 04:09:05.062: [ERROR][Attempt 0/10][Retry in 84 ms] SdkError: Internal server error: exceptions::mutation_write_timeout_exception (Failed to accept proposal(21d99544-5b14-11f1-01ea-836378be18ee) for alternator_latte_hot_partition.latte_hot_partition: write timeout due to uncertainty. Replica errors: )
2026-05-29 04:09:04.785: [ERROR][Attempt 0/10][Retry in 57 ms] SdkError: Internal server error: exceptions::mutation_write_timeout_exception (Failed to accept proposal(21af6936-5b14-11f1-b8b5-07d38ffeded4) for alternator_latte_hot_partition.latte_hot_partition: write timeout due to uncertainty. Replica errors: )
2026-05-29 04:09:05.052: [ERROR][Attempt 0/10][Retry in 126 ms] SdkError: Internal server error: exceptions::mutation_write_timeout_exception (Failed to accept proposal(21d4b2cc-5b14-11f1-eaaf-05d7d95d6ded) for alternator_latte_hot_partition.latte_hot_partition: write timeout due to uncertainty. Replica errors: )
2026-05-29 04:09:04.937: [ERROR][Attempt 0/10][Retry in 105 ms] SdkError: Internal server error: exceptions::mutation_write_timeout_exception (Failed to accept proposal(21c62e50-5b14-11f1-c14b-5a8afe67dbcd) for alternator_latte_hot_partition.latte_hot_partition: write timeout due to uncertainty. Replica errors: )
...number of dropped error messages per sampling period: 111
  19.001      3765         0      3766           0.390    11.510    86.573   213.123   316.146   522.453  1008.730  1154.482
2026-05-29 04:09:05.911: [ERROR][Attempt 0/10][Retry in 128 ms] SdkError: Internal server error: exceptions::mutation_write_timeout_exception (Failed to accept proposal(225b566a-5b14-11f1-1b31-91057a0dd94b) for alternator_latte_hot_partition.latte_hot_partition: write timeout due to uncertainty. Replica errors: )
2026-05-29 04:09:05.952: [ERROR][Attempt 0/10][Retry in 83 ms] SdkError: Internal server error: exceptions::mutation_write_timeout_exception (Failed to accept proposal(22618ea4-5b14-11f1-cc64-2c25bb066ae2) for alternator_latte_hot_partition.latte_hot_partition: write timeout due to uncertainty. Replica errors: )
2026-05-29 04:09:06.738: [ERROR][Attempt 0/10][Retry in 84 ms] SdkError: Internal server error: exceptions::mutation_write_timeout_exception (Failed to accept proposal(22d938fa-5b14-11f1-5c69-cbdce11d4595) for alternator_latte_hot_partition.latte_hot_partition: write timeout due to uncertainty. Replica errors: )
2026-05-29 04:09:06.009: [ERROR][Attempt 0/10][Retry in 89 ms] SdkError: Internal server error: exceptions::mutation_write_timeout_exception (Failed to accept proposal(226a0dc2-5b14-11f1-3554-6a1a8c752453) for alternator_latte_hot_partition.latte_hot_partition: write timeout due to uncertainty. Replica errors: )
2026-05-29 04:09:06.097: [ERROR][Attempt 0/10][Retry in 55 ms] SdkError: Internal server error: exceptions::mutation_write_timeout_exception (Failed to accept proposal(22774e10-5b14-11f1-4453-4b489cc7ee85) for alternator_latte_hot_partition.latte_hot_partition: write timeout due to uncertainty. Replica errors: )
...number of dropped error messages per sampling period: 101
  20.001      3860         0      3859           0.385    11.928    93.585   198.443   267.911   521.404   816.316   887.620
2026-05-29 04:09:06.990: [ERROR][Attempt 0/10][Retry in 103 ms] SdkError: Internal server error: exceptions::mutation_write_timeout_exception (Failed to accept proposal(22ffbbe2-5b14-11f1-268d-586892cc2de9) for alternator_latte_hot_partition.latte_hot_partition: write timeout due to uncertainty. Replica errors: )
2026-05-29 04:09:07.264: [ERROR][Attempt 0/10][Retry in 95 ms] SdkError: Internal server error: exceptions::mutation_write_timeout_exception (Failed to accept proposal(23299b06-5b14-11f1-ff87-8138b4ebb1d8) for alternator_latte_hot_partition.latte_hot_partition: write timeout due to uncertainty. Replica errors: )
2026-05-29 04:09:07.083: [ERROR][Attempt 0/10][Retry in 102 ms] SdkError: Internal server error: exceptions::mutation_write_timeout_exception (Failed to accept proposal(230e10a2-5b14-11f1-07a8-04b8073463f2) for alternator_latte_hot_partition.latte_hot_partition: write timeout due to uncertainty. Replica errors: )
2026-05-29 04:09:07.067: [ERROR][Attempt 0/10][Retry in 135 ms] SdkError: Internal server error: exceptions::mutation_write_timeout_exception (Failed to accept proposal(230bb690-5b14-11f1-a32f-4a4057631eec) for alternator_latte_hot_partition.latte_hot_partition: write timeout due to uncertainty. Replica errors: )
2026-05-29 04:09:07.437: [ERROR][Attempt 1/10][Retry in 174 ms] SdkError: Internal server error: exceptions::mutation_write_timeout_exception (Failed to accept proposal(234422f0-5b14-11f1-8808-2585a765c2fc) for alternator_latte_hot_partition.latte_hot_partition: write timeout due to uncertainty. Replica errors: )
...number of dropped error messages per sampling period: 107
  21.001      4217         0      4217           0.372     9.781    85.590   195.035   284.426   466.616   725.090  1222.640
2026-05-29 04:09:08.391: [ERROR][Attempt 0/10][Retry in 103 ms] SdkError: Internal server error: exceptions::mutation_write_timeout_exception (Failed to accept proposal(23d4b090-5b14-11f1-8991-22367115dc06) for alternator_latte_hot_partition.latte_hot_partition: write timeout due to uncertainty. Replica errors: )
2026-05-29 04:09:07.861: [ERROR][Attempt 0/10][Retry in 86 ms] SdkError: Internal server error: exceptions::mutation_write_timeout_exception (Failed to accept proposal(2384ac94-5b14-11f1-0df6-9e4cf9e4cf5c) for alternator_latte_hot_partition.latte_hot_partition: write timeout due to uncertainty. Replica errors: )
2026-05-29 04:09:08.197: [ERROR][Attempt 0/10][Retry in 128 ms] SdkError: Internal server error: exceptions::mutation_write_timeout_exception (Failed to accept proposal(23b7a68a-5b14-11f1-6415-6b90d5d22438) for alternator_latte_hot_partition.latte_hot_partition: write timeout due to uncertainty. Replica errors: )
2026-05-29 04:09:07.773: [ERROR][Attempt 0/10][Retry in 98 ms] SdkError: Internal server error: exceptions::mutation_write_timeout_exception (Failed to accept proposal(23770a6c-5b14-11f1-b17b-75c1ff3bd637) for alternator_latte_hot_partition.latte_hot_partition: write timeout due to uncertainty. Replica errors: )
2026-05-29 04:09:07.792: [ERROR][Attempt 0/10][Retry in 93 ms] SdkError: Internal server error: exceptions::mutation_write_timeout_exception (Failed to accept proposal(2379c20c-5b14-11f1-8341-7b9ab4b4e759) for alternator_latte_hot_partition.latte_hot_partition: write timeout due to uncertainty. Replica errors: )
...number of dropped error messages per sampling period: 120
  22.001      3755         0      3755           0.353    12.968    94.175   204.603   289.931   490.996   830.996  1019.740
2026-05-29 04:09:09.567: [ERROR][Attempt 0/10][Retry in 62 ms] SdkError: Internal server error: exceptions::mutation_write_timeout_exception (Failed to accept proposal(24893470-5b14-11f1-515d-3a524aa8108e) for alternator_latte_hot_partition.latte_hot_partition: write timeout due to uncertainty. Replica errors: )
2026-05-29 04:09:08.841: [ERROR][Attempt 0/10][Retry in 72 ms] SdkError: Internal server error: exceptions::mutation_write_timeout_exception (Failed to accept proposal(241a5c62-5b14-11f1-4c4d-5a0d14cbaac7) for alternator_latte_hot_partition.latte_hot_partition: write timeout due to uncertainty. Replica errors: )
2026-05-29 04:09:09.198: [ERROR][Attempt 0/10][Retry in 106 ms] SdkError: Internal server error: exceptions::mutation_write_timeout_exception (Failed to accept proposal(245046d8-5b14-11f1-9b6d-3be6f8c8bf7d) for alternator_latte_hot_partition.latte_hot_partition: write timeout due to uncertainty. Replica errors: )
2026-05-29 04:09:09.513: [ERROR][Attempt 0/10][Retry in 68 ms] SdkError: Internal server error: exceptions::mutation_write_timeout_exception (Failed to accept proposal(2480dcc6-5b14-11f1-dac0-49ecdcb6d8b0) for alternator_latte_hot_partition.latte_hot_partition: write timeout due to uncertainty. Replica errors: )
2026-05-29 04:09:09.586: [ERROR][Attempt 0/10][Retry in 111 ms] SdkError: Internal server error: exceptions::mutation_write_timeout_exception (Failed to accept proposal(248bed64-5b14-11f1-d1c9-60516a564f9a) for alternator_latte_hot_partition.latte_hot_partition: write timeout due to uncertainty. Replica errors: )
...number of dropped error messages per sampling period: 97
  23.001      4249         0      4249           0.376     9.175    83.427   194.642   275.513   421.003   611.844   961.020
2026-05-29 04:09:09.829: [ERROR][Attempt 0/10][Retry in 124 ms] SdkError: Internal server error: exceptions::mutation_write_timeout_exception (Failed to accept proposal(24b081e2-5b14-11f1-b92e-1b2b45cf58e3) for alternator_latte_hot_partition.latte_hot_partition: write timeout due to uncertainty. Replica errors: )
2026-05-29 04:09:10.208: [ERROR][Attempt 0/10][Retry in 65 ms] SdkError: Internal server error: exceptions::mutation_write_timeout_exception (Failed to accept proposal(24ea02be-5b14-11f1-a510-d2d53c9a8697) for alternator_latte_hot_partition.latte_hot_partition: write timeout due to uncertainty. Replica errors: )
2026-05-29 04:09:09.808: [ERROR][Attempt 0/10][Retry in 50 ms] SdkError: Internal server error: exceptions::mutation_write_timeout_exception (Failed to accept proposal(24adbd36-5b14-11f1-2322-29ce884cf5a1) for alternator_latte_hot_partition.latte_hot_partition: write timeout due to uncertainty. Replica errors: )
2026-05-29 04:09:10.119: [ERROR][Attempt 1/10][Retry in 213 ms] SdkError: Internal server error: exceptions::mutation_write_timeout_exception (Failed to accept proposal(24dcde68-5b14-11f1-8a21-58f4f2ea02b2) for alternator_latte_hot_partition.latte_hot_partition: write timeout due to uncertainty. Replica errors: )
2026-05-29 04:09:09.982: [ERROR][Attempt 0/10][Retry in 115 ms] SdkError: Internal server error: exceptions::mutation_write_timeout_exception (Failed to accept proposal(24c7bbb4-5b14-11f1-74a4-e4c9467ec16b) for alternator_latte_hot_partition.latte_hot_partition: write timeout due to uncertainty. Replica errors: )
...number of dropped error messages per sampling period: 114
  24.001      4001         0      4002           0.383    10.953    85.983   204.341   287.048   447.218   600.310  1065.353
2026-05-29 04:09:11.222: [ERROR][Attempt 0/10][Retry in 65 ms] SdkError: Internal server error: exceptions::mutation_write_timeout_exception (Failed to accept proposal(25846c78-5b14-11f1-838a-d727883c08fa) for alternator_latte_hot_partition.latte_hot_partition: write timeout due to uncertainty. Replica errors: )
2026-05-29 04:09:11.228: [ERROR][Attempt 0/10][Retry in 61 ms] SdkError: Internal server error: exceptions::mutation_write_timeout_exception (Failed to accept proposal(25864070-5b14-11f1-6a79-f2d08d8b859c) for alternator_latte_hot_partition.latte_hot_partition: write timeout due to uncertainty. Replica errors: )
2026-05-29 04:09:10.837: [ERROR][Attempt 0/10][Retry in 97 ms] SdkError: Internal server error: exceptions::mutation_write_timeout_exception (Failed to accept proposal(2549cb7c-5b14-11f1-3f80-41cf07c54d47) for alternator_latte_hot_partition.latte_hot_partition: write timeout due to uncertainty. Replica errors: )
2026-05-29 04:09:11.181: [ERROR][Attempt 0/10][Retry in 86 ms] SdkError: Internal server error: exceptions::mutation_write_timeout_exception (Failed to accept proposal(257c0b82-5b14-11f1-2bfa-e6912af1c3cd) for alternator_latte_hot_partition.latte_hot_partition: write timeout due to uncertainty. Replica errors: )
2026-05-29 04:09:11.156: [ERROR][Attempt 0/10][Retry in 111 ms] SdkError: Internal server error: exceptions::mutation_write_timeout_exception (Failed to accept proposal(257b96b6-5b14-11f1-bd2c-bf0bec3a6dfa) for alternator_latte_hot_partition.latte_hot_partition: write timeout due to uncertainty. Replica errors: )
...number of dropped error messages per sampling period: 93
  25.001      3975         0      3975           0.376    12.321    86.049   185.467   274.989   588.251   736.100   788.529
2026-05-29 04:09:12.136: [ERROR][Attempt 0/10][Retry in 57 ms] SdkError: Internal server error: exceptions::mutation_write_timeout_exception (Failed to accept proposal(2611166e-5b14-11f1-3e2c-24c724e887b9) for alternator_latte_hot_partition.latte_hot_partition: write timeout due to uncertainty. Replica errors: )
2026-05-29 04:09:12.019: [ERROR][Attempt 0/10][Retry in 128 ms] SdkError: Internal server error: exceptions::mutation_write_timeout_exception (Failed to accept proposal(25ff6158-5b14-11f1-88d5-db179136689e) for alternator_latte_hot_partition.latte_hot_partition: write timeout due to uncertainty. Replica errors: )
2026-05-29 04:09:12.292: [ERROR][Attempt 0/10][Retry in 138 ms] SdkError: Internal server error: exceptions::mutation_write_timeout_exception (Failed to accept proposal(2628dc54-5b14-11f1-660f-4de5e413402c) for alternator_latte_hot_partition.latte_hot_partition: write timeout due to uncertainty. Replica errors: )
2026-05-29 04:09:12.254: [ERROR][Attempt 0/10][Retry in 58 ms] SdkError: Internal server error: exceptions::mutation_write_timeout_exception (Failed to accept proposal(2622ffe6-5b14-11f1-1948-a4d7845baa75) for alternator_latte_hot_partition.latte_hot_partition: write timeout due to uncertainty. Replica errors: )
2026-05-29 04:09:12.104: [ERROR][Attempt 1/10][Retry in 181 ms] SdkError: Internal server error: exceptions::mutation_write_timeout_exception (Failed to accept proposal(260c5156-5b14-11f1-54df-40a9aee9c8c5) for alternator_latte_hot_partition.latte_hot_partition: write timeout due to uncertainty. Replica errors: )
...number of dropped error messages per sampling period: 115
  26.001      3863         0      3863           0.366     9.470    82.051   194.642   279.970   665.846   782.762   864.551
2026-05-29 04:09:13.127: [ERROR][Attempt 0/10][Retry in 134 ms] SdkError: Internal server error: exceptions::mutation_write_timeout_exception (Failed to accept proposal(26a81aa0-5b14-11f1-157b-2dce19496fdf) for alternator_latte_hot_partition.latte_hot_partition: write timeout due to uncertainty. Replica errors: )
2026-05-29 04:09:13.580: [ERROR][Attempt 0/10][Retry in 107 ms] SdkError: Internal server error: exceptions::mutation_write_timeout_exception (Failed to accept proposal(26ed04ee-5b14-11f1-ad94-8ea7c140ff3b) for alternator_latte_hot_partition.latte_hot_partition: write timeout due to uncertainty. Replica errors: )
2026-05-29 04:09:13.315: [ERROR][Attempt 0/10][Retry in 136 ms] SdkError: Internal server error: exceptions::mutation_write_timeout_exception (Failed to accept proposal(26c4bbe2-5b14-11f1-f220-5060fefb883a) for alternator_latte_hot_partition.latte_hot_partition: write timeout due to uncertainty. Replica errors: )
2026-05-29 04:09:13.374: [ERROR][Attempt 0/10][Retry in 90 ms] SdkError: Internal server error: exceptions::mutation_write_timeout_exception (Failed to accept proposal(26cdea00-5b14-11f1-a14d-0cf107a8e9e7) for alternator_latte_hot_partition.latte_hot_partition: write timeout due to uncertainty. Replica errors: )
2026-05-29 04:09:12.832: [ERROR][Attempt 0/10][Retry in 66 ms] SdkError: Internal server error: exceptions::mutation_write_timeout_exception (Failed to accept proposal(267aee4a-5b14-11f1-7978-b7e6d3552615) for alternator_latte_hot_partition.latte_hot_partition: write timeout due to uncertainty. Replica errors: )
...number of dropped error messages per sampling period: 111
  27.001      3833         0      3833           0.347    12.943    92.996   205.914   292.815   514.327   857.735  2040.529
2026-05-29 04:09:13.843: [ERROR][Attempt 0/10][Retry in 69 ms] SdkError: Internal server error: exceptions::mutation_write_timeout_exception (Failed to accept proposal(271529ec-5b14-11f1-80c3-0133c91c578e) for alternator_latte_hot_partition.latte_hot_partition: write timeout due to uncertainty. Replica errors: )
2026-05-29 04:09:14.240: [ERROR][Attempt 0/10][Retry in 89 ms] SdkError: Internal server error: exceptions::mutation_write_timeout_exception (Failed to accept proposal(2751e21a-5b14-11f1-adb1-e19d1bbd41c3) for alternator_latte_hot_partition.latte_hot_partition: write timeout due to uncertainty. Replica errors: )
2026-05-29 04:09:13.982: [ERROR][Attempt 0/10][Retry in 62 ms] SdkError: Internal server error: exceptions::mutation_write_timeout_exception (Failed to accept proposal(272afac4-5b14-11f1-e226-f275eb94989c) for alternator_latte_hot_partition.latte_hot_partition: write timeout due to uncertainty. Replica errors: )
2026-05-29 04:09:14.254: [ERROR][Attempt 0/10][Retry in 85 ms] SdkError: Internal server error: exceptions::mutation_write_timeout_exception (Failed to accept proposal(27548e66-5b14-11f1-76c3-7dedef88d848) for alternator_latte_hot_partition.latte_hot_partition: write timeout due to uncertainty. Replica errors: )
2026-05-29 04:09:14.144: [ERROR][Attempt 0/10][Retry in 60 ms] SdkError: Internal server error: exceptions::mutation_write_timeout_exception (Failed to accept proposal(27425804-5b14-11f1-c664-9f7325a78506) for alternator_latte_hot_partition.latte_hot_partition: write timeout due to uncertainty. Replica errors: )
...number of dropped error messages per sampling period: 112
  28.002      4233         0      4233           0.395     9.028    76.808   169.476   248.381   574.095   800.063  1239.417
2026-05-29 04:09:15.173: [ERROR][Attempt 0/10][Retry in 116 ms] SdkError: Internal server error: exceptions::mutation_write_timeout_exception (Failed to accept proposal(27df990c-5b14-11f1-c07e-467bd41b23ac) for alternator_latte_hot_partition.latte_hot_partition: write timeout due to uncertainty. Replica errors: )
2026-05-29 04:09:14.758: [ERROR][Attempt 0/10][Retry in 68 ms] SdkError: Internal server error: exceptions::mutation_write_timeout_exception (Failed to accept proposal(27a0ab02-5b14-11f1-9dc4-07bd9c861d43) for alternator_latte_hot_partition.latte_hot_partition: write timeout due to uncertainty. Replica errors: )
2026-05-29 04:09:15.061: [ERROR][Attempt 0/10][Retry in 128 ms] SdkError: Internal server error: exceptions::mutation_write_timeout_exception (Failed to accept proposal(27cf24c8-5b14-11f1-8a2d-1cf4c9bc4a7b) for alternator_latte_hot_partition.latte_hot_partition: write timeout due to uncertainty. Replica errors: )
2026-05-29 04:09:15.455: [ERROR][Attempt 0/10][Retry in 144 ms] SdkError: Internal server error: exceptions::mutation_write_timeout_exception (Failed to accept proposal(280b4ade-5b14-11f1-1e51-071c6b5ed134) for alternator_latte_hot_partition.latte_hot_partition: write timeout due to uncertainty. Replica errors: )
2026-05-29 04:09:15.270: [ERROR][Attempt 0/10][Retry in 51 ms] SdkError: Internal server error: exceptions::mutation_write_timeout_exception (Failed to accept proposal(27ef3b64-5b14-11f1-4657-16b7123ce997) for alternator_latte_hot_partition.latte_hot_partition: write timeout due to uncertainty. Replica errors: )
...number of dropped error messages per sampling period: 104
  29.001      3866         0      3867           0.369     9.937    78.774   195.166   300.679   724.042   891.290  1158.676
2026-05-29 04:09:16.070: [ERROR][Attempt 1/10][Retry in 156 ms] SdkError: Internal server error: exceptions::mutation_write_timeout_exception (Failed to accept proposal(28695ba6-5b14-11f1-9e3d-e5e1c38f4329) for alternator_latte_hot_partition.latte_hot_partition: write timeout due to uncertainty. Replica errors: )
2026-05-29 04:09:16.099: [ERROR][Attempt 0/10][Retry in 105 ms] SdkError: Internal server error: exceptions::mutation_write_timeout_exception (Failed to accept proposal(286dea04-5b14-11f1-b42b-28a3eee36248) for alternator_latte_hot_partition.latte_hot_partition: write timeout due to uncertainty. Replica errors: )
2026-05-29 04:09:15.776: [ERROR][Attempt 0/10][Retry in 66 ms] SdkError: Internal server error: exceptions::mutation_write_timeout_exception (Failed to accept proposal(283c831a-5b14-11f1-c30a-a84debc95112) for alternator_latte_hot_partition.latte_hot_partition: write timeout due to uncertainty. Replica errors: )
2026-05-29 04:09:16.506: [ERROR][Attempt 0/10][Retry in 131 ms] SdkError: Internal server error: exceptions::mutation_write_timeout_exception (Failed to accept proposal(28ac122a-5b14-11f1-bf8a-917edab8ca4a) for alternator_latte_hot_partition.latte_hot_partition: write timeout due to uncertainty. Replica errors: )
2026-05-29 04:09:16.251: [ERROR][Attempt 0/10][Retry in 146 ms] SdkError: Internal server error: exceptions::mutation_write_timeout_exception (Failed to accept proposal(28850022-5b14-11f1-28fe-2fff6f0559bd) for alternator_latte_hot_partition.latte_hot_partition: write timeout due to uncertainty. Replica errors: )
...number of dropped error messages per sampling period: 111
  30.001      4008         0      4007           0.360     9.404    82.969   192.676   313.000   575.668   902.300  1530.921
2026-05-29 04:09:17.561: [ERROR][Attempt 0/10][Retry in 101 ms] SdkError: Internal server error: exceptions::mutation_write_timeout_exception (Failed to accept proposal(294c5370-5b14-11f1-600b-7077c142d3c7) for alternator_latte_hot_partition.latte_hot_partition: write timeout due to uncertainty. Replica errors: )
2026-05-29 04:09:16.941: [ERROR][Attempt 0/10][Retry in 149 ms] SdkError: Internal server error: exceptions::mutation_write_timeout_exception (Failed to accept proposal(28ee43fc-5b14-11f1-949d-e5a4b5255434) for alternator_latte_hot_partition.latte_hot_partition: write timeout due to uncertainty. Replica errors: )
2026-05-29 04:09:16.843: [ERROR][Attempt 0/10][Retry in 146 ms] SdkError: Internal server error: exceptions::mutation_write_timeout_exception (Failed to accept proposal(28df43de-5b14-11f1-e6e6-da991c82ea0f) for alternator_latte_hot_partition.latte_hot_partition: write timeout due to uncertainty. Replica errors: )
2026-05-29 04:09:16.846: [ERROR][Attempt 0/10][Retry in 115 ms] SdkError: Internal server error: exceptions::mutation_write_timeout_exception (Failed to accept proposal(28df7ee4-5b14-11f1-b122-328a30c06bd8) for alternator_latte_hot_partition.latte_hot_partition: write timeout due to uncertainty. Replica errors: )
2026-05-29 04:09:16.992: [ERROR][Attempt 0/10][Retry in 147 ms] SdkError: Internal server error: exceptions::mutation_write_timeout_exception (Failed to accept proposal(28f5e83c-5b14-11f1-9a65-bd15c0e42317) for alternator_latte_hot_partition.latte_hot_partition: write timeout due to uncertainty. Replica errors: )
...number of dropped error messages per sampling period: 118
  31.001      4040         0      4041           0.364    10.297    84.279   183.763   277.610   474.481   801.112  1493.172
2026-05-29 04:09:18.225: [ERROR][Attempt 0/10][Retry in 111 ms] SdkError: Internal server error: exceptions::mutation_write_timeout_exception (Failed to accept proposal(29b1eb4a-5b14-11f1-1c56-87367473aec8) for alternator_latte_hot_partition.latte_hot_partition: write timeout due to uncertainty. Replica errors: )
2026-05-29 04:09:17.759: [ERROR][Attempt 0/10][Retry in 117 ms] SdkError: Internal server error: exceptions::mutation_write_timeout_exception (Failed to accept proposal(296b0d56-5b14-11f1-d668-3aa533fa91c0) for alternator_latte_hot_partition.latte_hot_partition: write timeout due to uncertainty. Replica errors: )
2026-05-29 04:09:17.762: [ERROR][Attempt 0/10][Retry in 133 ms] SdkError: Internal server error: exceptions::mutation_write_timeout_exception (Failed to accept proposal(296b020c-5b14-11f1-d14f-cc6c7a8b58dd) for alternator_latte_hot_partition.latte_hot_partition: write timeout due to uncertainty. Replica errors: )
2026-05-29 04:09:18.168: [ERROR][Attempt 0/10][Retry in 117 ms] SdkError: Internal server error: exceptions::mutation_write_timeout_exception (Failed to accept proposal(29a93eb4-5b14-11f1-f4f5-50c93f2d0fb2) for alternator_latte_hot_partition.latte_hot_partition: write timeout due to uncertainty. Replica errors: )
2026-05-29 04:09:18.237: [ERROR][Attempt 0/10][Retry in 97 ms] SdkError: Internal server error: exceptions::mutation_write_timeout_exception (Failed to accept proposal(29b3cbb8-5b14-11f1-9266-059ae7941428) for alternator_latte_hot_partition.latte_hot_partition: write timeout due to uncertainty. Replica errors: )
...number of dropped error messages per sampling period: 111
  32.001      3960         0      3960           0.359    10.306    89.719   199.623   300.155   571.998   952.631  1535.115
2026-05-29 04:09:19.642: [ERROR][Attempt 0/10][Retry in 74 ms] SdkError: Internal server error: exceptions::mutation_write_timeout_exception (Failed to accept proposal(2a8a3086-5b14-11f1-13e2-5d1d46a1061e) for alternator_latte_hot_partition.latte_hot_partition: write timeout due to uncertainty. Replica errors: )
2026-05-29 04:09:19.039: [ERROR][Attempt 0/10][Retry in 85 ms] SdkError: Internal server error: exceptions::mutation_write_timeout_exception (Failed to accept proposal(2a2e2a3e-5b14-11f1-08a4-f0aa684e195b) for alternator_latte_hot_partition.latte_hot_partition: write timeout due to uncertainty. Replica errors: )
2026-05-29 04:09:18.927: [ERROR][Attempt 0/10][Retry in 82 ms] SdkError: Internal server error: exceptions::mutation_write_timeout_exception (Failed to accept proposal(2a1d68ca-5b14-11f1-d9f4-0d77e525e13d) for alternator_latte_hot_partition.latte_hot_partition: write timeout due to uncertainty. Replica errors: )
2026-05-29 04:09:19.180: [ERROR][Attempt 0/10][Retry in 69 ms] SdkError: Internal server error: exceptions::mutation_write_timeout_exception (Failed to accept proposal(2a43f2d8-5b14-11f1-2b33-786b3848e8b8) for alternator_latte_hot_partition.latte_hot_partition: write timeout due to uncertainty. Replica errors: )
2026-05-29 04:09:19.307: [ERROR][Attempt 0/10][Retry in 114 ms] SdkError: Internal server error: exceptions::mutation_write_timeout_exception (Failed to accept proposal(2a57559e-5b14-11f1-794b-cb61c91d0283) for alternator_latte_hot_partition.latte_hot_partition: write timeout due to uncertainty. Replica errors: )
...number of dropped error messages per sampling period: 116
  33.001      4114         0      4113           0.369     8.847    82.182   182.583   258.605   406.585   689.963  1106.248
2026-05-29 04:09:20.504: [ERROR][Attempt 0/10][Retry in 71 ms] SdkError: Internal server error: exceptions::mutation_write_timeout_exception (Failed to accept proposal(2b0d1564-5b14-11f1-4548-9b6ba86bbf41) for alternator_latte_hot_partition.latte_hot_partition: write timeout due to uncertainty. Replica errors: )
2026-05-29 04:09:20.126: [ERROR][Attempt 0/10][Retry in 91 ms] SdkError: Internal server error: exceptions::mutation_write_timeout_exception (Failed to accept proposal(2ad3c0f2-5b14-11f1-0933-8d40f769ddc9) for alternator_latte_hot_partition.latte_hot_partition: write timeout due to uncertainty. Replica errors: )
2026-05-29 04:09:20.119: [ERROR][Attempt 0/10][Retry in 110 ms] SdkError: Internal server error: exceptions::mutation_write_timeout_exception (Failed to accept proposal(2ad2f6ea-5b14-11f1-4060-8cb683672ab7) for alternator_latte_hot_partition.latte_hot_partition: write timeout due to uncertainty. Replica errors: )
2026-05-29 04:09:19.895: [ERROR][Attempt 0/10][Retry in 66 ms] SdkError: Internal server error: exceptions::mutation_write_timeout_exception (Failed to accept proposal(2ab0c322-5b14-11f1-a5b9-862fbae9c368) for alternator_latte_hot_partition.latte_hot_partition: write timeout due to uncertainty. Replica errors: )
2026-05-29 04:09:19.989: [ERROR][Attempt 0/10][Retry in 59 ms] SdkError: Internal server error: exceptions::mutation_write_timeout_exception (Failed to accept proposal(2abeaa78-5b14-11f1-c72b-1b04b952438e) for alternator_latte_hot_partition.latte_hot_partition: write timeout due to uncertainty. Replica errors: )
...number of dropped error messages per sampling period: 114
  34.001      3843         0      3844           0.352    11.895    88.932   210.764   322.175   549.978   981.991  2067.792
2026-05-29 04:09:21.172: [ERROR][Attempt 0/10][Retry in 95 ms] SdkError: Internal server error: exceptions::mutation_write_timeout_exception (Failed to accept proposal(2b73a176-5b14-11f1-e9af-d16fb3757eba) for alternator_latte_hot_partition.latte_hot_partition: write timeout due to uncertainty. Replica errors: )
2026-05-29 04:09:21.309: [ERROR][Attempt 0/10][Retry in 92 ms] SdkError: Internal server error: exceptions::mutation_write_timeout_exception (Failed to accept proposal(2b88ac6a-5b14-11f1-3f6e-bafe363b1b1e) for alternator_latte_hot_partition.latte_hot_partition: write timeout due to uncertainty. Replica errors: )
2026-05-29 04:09:20.785: [ERROR][Attempt 0/10][Retry in 103 ms] SdkError: Internal server error: exceptions::mutation_write_timeout_exception (Failed to accept proposal(2b387664-5b14-11f1-5e20-13b23bd4d968) for alternator_latte_hot_partition.latte_hot_partition: write timeout due to uncertainty. Replica errors: )
2026-05-29 04:09:20.924: [ERROR][Attempt 0/10][Retry in 100 ms] SdkError: Internal server error: exceptions::mutation_write_timeout_exception (Failed to accept proposal(2b4a09ec-5b14-11f1-4f6b-4b5d2c84ae16) for alternator_latte_hot_partition.latte_hot_partition: write timeout due to uncertainty. Replica errors: )
2026-05-29 04:09:21.423: [ERROR][Attempt 0/10][Retry in 144 ms] SdkError: Internal server error: exceptions::mutation_write_timeout_exception (Failed to accept proposal(2b9a40ba-5b14-11f1-3e26-2300bdb676a7) for alternator_latte_hot_partition.latte_hot_partition: write timeout due to uncertainty. Replica errors: )
...number of dropped error messages per sampling period: 96
  35.001      4218         0      4218           0.378     9.650    80.806   187.826   274.727   497.549   748.159  1383.072
2026-05-29 04:09:22.288: [ERROR][Attempt 1/10][Retry in 245 ms] SdkError: Internal server error: exceptions::mutation_write_timeout_exception (Failed to accept proposal(2c1e23d0-5b14-11f1-dd66-b3611427907f) for alternator_latte_hot_partition.latte_hot_partition: write timeout due to uncertainty. Replica errors: )
2026-05-29 04:09:21.869: [ERROR][Attempt 1/10][Retry in 224 ms] SdkError: Internal server error: exceptions::mutation_write_timeout_exception (Failed to accept proposal(2bde1272-5b14-11f1-cd0b-04e21edf01a6) for alternator_latte_hot_partition.latte_hot_partition: write timeout due to uncertainty. Replica errors: )
2026-05-29 04:09:22.058: [ERROR][Attempt 0/10][Retry in 81 ms] SdkError: Internal server error: exceptions::mutation_write_timeout_exception (Failed to accept proposal(2bfaf90a-5b14-11f1-959d-f95ff51f71db) for alternator_latte_hot_partition.latte_hot_partition: write timeout due to uncertainty. Replica errors: )
2026-05-29 04:09:22.165: [ERROR][Attempt 0/10][Retry in 132 ms] SdkError: Internal server error: exceptions::mutation_write_timeout_exception (Failed to accept proposal(2c0b302c-5b14-11f1-8537-78a6010687f5) for alternator_latte_hot_partition.latte_hot_partition: write timeout due to uncertainty. Replica errors: )
2026-05-29 04:09:22.323: [ERROR][Attempt 0/10][Retry in 131 ms] SdkError: Internal server error: exceptions::mutation_write_timeout_exception (Failed to accept proposal(2c236bb0-5b14-11f1-2333-714a6ed937ff) for alternator_latte_hot_partition.latte_hot_partition: write timeout due to uncertainty. Replica errors: )
...number of dropped error messages per sampling period: 128
  36.002      4031         0      4031           0.406    11.354    87.425   199.492   293.077   519.045   735.576  1177.551
2026-05-29 04:09:22.991: [ERROR][Attempt 0/10][Retry in 127 ms] SdkError: Internal server error: exceptions::mutation_write_timeout_exception (Failed to accept proposal(2c892a22-5b14-11f1-fae1-54c91524add6) for alternator_latte_hot_partition.latte_hot_partition: write timeout due to uncertainty. Replica errors: )
2026-05-29 04:09:23.053: [ERROR][Attempt 0/10][Retry in 81 ms] SdkError: Internal server error: exceptions::mutation_write_timeout_exception (Failed to accept proposal(2c922762-5b14-11f1-a93a-20c90dce3fc2) for alternator_latte_hot_partition.latte_hot_partition: write timeout due to uncertainty. Replica errors: )
2026-05-29 04:09:22.904: [ERROR][Attempt 0/10][Retry in 140 ms] SdkError: Internal server error: exceptions::mutation_write_timeout_exception (Failed to accept proposal(2c7ae782-5b14-11f1-6f9d-456e9dedaa0f) for alternator_latte_hot_partition.latte_hot_partition: write timeout due to uncertainty. Replica errors: )
2026-05-29 04:09:22.940: [ERROR][Attempt 0/10][Retry in 75 ms] SdkError: Internal server error: exceptions::mutation_write_timeout_exception (Failed to accept proposal(2c818416-5b14-11f1-1a6b-0ad14a81c06b) for alternator_latte_hot_partition.latte_hot_partition: write timeout due to uncertainty. Replica errors: )
2026-05-29 04:09:23.161: [ERROR][Attempt 0/10][Retry in 70 ms] SdkError: Internal server error: exceptions::mutation_write_timeout_exception (Failed to accept proposal(2ca30820-5b14-11f1-1564-379cdc7ad772) for alternator_latte_hot_partition.latte_hot_partition: write timeout due to uncertainty. Replica errors: )
...number of dropped error messages per sampling period: 117
  37.001      4044         0      4044           0.392    11.305    85.524   180.486   255.984   511.705   707.789   964.690
2026-05-29 04:09:24.598: [ERROR][Attempt 0/10][Retry in 94 ms] SdkError: Internal server error: exceptions::mutation_write_timeout_exception (Failed to accept proposal(2d7e856c-5b14-11f1-d0c2-6ca445bf667b) for alternator_latte_hot_partition.latte_hot_partition: write timeout due to uncertainty. Replica errors: )
2026-05-29 04:09:24.326: [ERROR][Attempt 0/10][Retry in 89 ms] SdkError: Internal server error: exceptions::mutation_write_timeout_exception (Failed to accept proposal(2d54dbc2-5b14-11f1-c71f-54475862ed52) for alternator_latte_hot_partition.latte_hot_partition: write timeout due to uncertainty. Replica errors: )
2026-05-29 04:09:24.359: [ERROR][Attempt 0/10][Retry in 114 ms] SdkError: Internal server error: exceptions::mutation_write_timeout_exception (Failed to accept proposal(2d5a14de-5b14-11f1-bbc5-23476f8051d0) for alternator_latte_hot_partition.latte_hot_partition: write timeout due to uncertainty. Replica errors: )
2026-05-29 04:09:23.859: [ERROR][Attempt 0/10][Retry in 69 ms] SdkError: Internal server error: exceptions::mutation_write_timeout_exception (Failed to accept proposal(2d0ce1e6-5b14-11f1-c008-96e348d8fdaa) for alternator_latte_hot_partition.latte_hot_partition: write timeout due to uncertainty. Replica errors: )
2026-05-29 04:09:24.325: [ERROR][Attempt 0/10][Retry in 128 ms] SdkError: Internal server error: exceptions::mutation_write_timeout_exception (Failed to accept proposal(2d550822-5b14-11f1-0b87-14d70a068802) for alternator_latte_hot_partition.latte_hot_partition: write timeout due to uncertainty. Replica errors: )
...number of dropped error messages per sampling period: 106
  38.001      4230         0      4230           0.380     9.028    83.165   183.894   265.028   484.180   786.432   897.581
2026-05-29 04:09:25.265: [ERROR][Attempt 0/10][Retry in 95 ms] SdkError: Internal server error: exceptions::mutation_write_timeout_exception (Failed to accept proposal(2de41224-5b14-11f1-1147-9c7ab80d8824) for alternator_latte_hot_partition.latte_hot_partition: write timeout due to uncertainty. Replica errors: )
2026-05-29 04:09:25.044: [ERROR][Attempt 0/10][Retry in 143 ms] SdkError: Internal server error: exceptions::mutation_write_timeout_exception (Failed to accept proposal(2dc27a4c-5b14-11f1-cf47-9cc038992644) for alternator_latte_hot_partition.latte_hot_partition: write timeout due to uncertainty. Replica errors: )
2026-05-29 04:09:25.190: [ERROR][Attempt 0/10][Retry in 59 ms] SdkError: Internal server error: exceptions::mutation_write_timeout_exception (Failed to accept proposal(2dd86262-5b14-11f1-cd47-0106fc142b06) for alternator_latte_hot_partition.latte_hot_partition: write timeout due to uncertainty. Replica errors: )
2026-05-29 04:09:25.267: [ERROR][Attempt 0/10][Retry in 124 ms] SdkError: Internal server error: exceptions::mutation_write_timeout_exception (Failed to accept proposal(2de3b234-5b14-11f1-9009-c50c5c851ec1) for alternator_latte_hot_partition.latte_hot_partition: write timeout due to uncertainty. Replica errors: )
2026-05-29 04:09:25.458: [ERROR][Attempt 0/10][Retry in 111 ms] SdkError: Internal server error: exceptions::mutation_write_timeout_exception (Failed to accept proposal(2e01c756-5b14-11f1-e4f7-f9c98f94adad) for alternator_latte_hot_partition.latte_hot_partition: write timeout due to uncertainty. Replica errors: )
...number of dropped error messages per sampling period: 110
  39.001      3992         0      3992           0.385    10.846    76.153   181.273   268.698   792.199  1202.717  1495.269
2026-05-29 04:09:26.602: [ERROR][Attempt 0/10][Retry in 141 ms] SdkError: Internal server error: exceptions::mutation_write_timeout_exception (Failed to accept proposal(2eb04b46-5b14-11f1-c137-215bc7b99dfd) for alternator_latte_hot_partition.latte_hot_partition: write timeout due to uncertainty. Replica errors: )
2026-05-29 04:09:26.521: [ERROR][Attempt 0/10][Retry in 99 ms] SdkError: Internal server error: exceptions::mutation_write_timeout_exception (Failed to accept proposal(2ea43496-5b14-11f1-dbdf-e18919c8cd93) for alternator_latte_hot_partition.latte_hot_partition: write timeout due to uncertainty. Replica errors: )
2026-05-29 04:09:26.100: [ERROR][Attempt 0/10][Retry in 77 ms] SdkError: Internal server error: exceptions::mutation_write_timeout_exception (Failed to accept proposal(2e63b600-5b14-11f1-b12e-9996d0a3c17e) for alternator_latte_hot_partition.latte_hot_partition: write timeout due to uncertainty. Replica errors: )
2026-05-29 04:09:25.786: [ERROR][Attempt 0/10][Retry in 103 ms] SdkError: Internal server error: exceptions::mutation_write_timeout_exception (Failed to accept proposal(2e33a118-5b14-11f1-d68c-b758bb421d46) for alternator_latte_hot_partition.latte_hot_partition: write timeout due to uncertainty. Replica errors: )
2026-05-29 04:09:26.658: [ERROR][Attempt 0/10][Retry in 115 ms] SdkError: Internal server error: exceptions::mutation_write_timeout_exception (Failed to accept proposal(2eb936ac-5b14-11f1-f585-471411d83f03) for alternator_latte_hot_partition.latte_hot_partition: write timeout due to uncertainty. Replica errors: )
...number of dropped error messages per sampling period: 113
  40.002      4135         0      4134           0.370     8.978    75.891   186.778   285.475   617.611   846.725  1625.293
2026-05-29 04:09:26.889: [ERROR][Attempt 0/10][Retry in 87 ms] SdkError: Internal server error: exceptions::mutation_write_timeout_exception (Failed to accept proposal(2edbac0a-5b14-11f1-5e55-cddf4308faaa) for alternator_latte_hot_partition.latte_hot_partition: write timeout due to uncertainty. Replica errors: )
2026-05-29 04:09:27.181: [ERROR][Attempt 0/10][Retry in 50 ms] SdkError: Internal server error: exceptions::mutation_write_timeout_exception (Failed to accept proposal(2f076502-5b14-11f1-8224-518710ab28d0) for alternator_latte_hot_partition.latte_hot_partition: write timeout due to uncertainty. Replica errors: )
2026-05-29 04:09:27.261: [ERROR][Attempt 0/10][Retry in 106 ms] SdkError: Internal server error: exceptions::mutation_write_timeout_exception (Failed to accept proposal(2f14c2f6-5b14-11f1-f509-e13f894c23c3) for alternator_latte_hot_partition.latte_hot_partition: write timeout due to uncertainty. Replica errors: )
2026-05-29 04:09:26.972: [ERROR][Attempt 0/10][Retry in 128 ms] SdkError: Internal server error: exceptions::mutation_write_timeout_exception (Failed to accept proposal(2ee8c9a8-5b14-11f1-a880-1141b1d48112) for alternator_latte_hot_partition.latte_hot_partition: write timeout due to uncertainty. Replica errors: )
2026-05-29 04:09:27.420: [ERROR][Attempt 0/10][Retry in 54 ms] SdkError: Internal server error: exceptions::mutation_write_timeout_exception (Failed to accept proposal(2f2cfce0-5b14-11f1-61bc-c100b58ac88d) for alternator_latte_hot_partition.latte_hot_partition: write timeout due to uncertainty. Replica errors: )
...number of dropped error messages per sampling period: 90
  41.002      4006         0      4007           0.394    10.600    85.721   189.137   272.630   489.685   782.762  1000.342
2026-05-29 04:09:27.974: [ERROR][Attempt 0/10][Retry in 71 ms] SdkError: Internal server error: exceptions::mutation_write_timeout_exception (Failed to accept proposal(2f81b9ce-5b14-11f1-48bf-70ed67706d0a) for alternator_latte_hot_partition.latte_hot_partition: write timeout due to uncertainty. Replica errors: )
2026-05-29 04:09:28.054: [ERROR][Attempt 0/10][Retry in 82 ms] SdkError: Internal server error: exceptions::mutation_write_timeout_exception (Failed to accept proposal(2f8e0440-5b14-11f1-c34b-07ba834addbc) for alternator_latte_hot_partition.latte_hot_partition: write timeout due to uncertainty. Replica errors: )
2026-05-29 04:09:27.847: [ERROR][Attempt 0/10][Retry in 125 ms] SdkError: Internal server error: exceptions::mutation_write_timeout_exception (Failed to accept proposal(2f6e62c0-5b14-11f1-ac08-ba52d31a1ae9) for alternator_latte_hot_partition.latte_hot_partition: write timeout due to uncertainty. Replica errors: )
2026-05-29 04:09:27.850: [ERROR][Attempt 0/10][Retry in 93 ms] SdkError: Internal server error: exceptions::mutation_write_timeout_exception (Failed to accept proposal(2f6e96a0-5b14-11f1-0371-60bf4926b697) for alternator_latte_hot_partition.latte_hot_partition: write timeout due to uncertainty. Replica errors: )
2026-05-29 04:09:27.889: [ERROR][Attempt 0/10][Retry in 141 ms] SdkError: Internal server error: exceptions::mutation_write_timeout_exception (Failed to accept proposal(2f74fe3c-5b14-11f1-686a-264d28deb432) for alternator_latte_hot_partition.latte_hot_partition: write timeout due to uncertainty. Replica errors: )
...number of dropped error messages per sampling period: 101
  42.001      4228         0      4228           0.359     9.372    81.265   188.482   274.727   502.792  1028.653  1259.340
2026-05-29 04:09:29.043: [ERROR][Attempt 0/10][Retry in 129 ms] SdkError: Internal server error: exceptions::mutation_write_timeout_exception (Failed to accept proposal(3024e0fe-5b14-11f1-2e05-ed000d642c98) for alternator_latte_hot_partition.latte_hot_partition: write timeout due to uncertainty. Replica errors: )
2026-05-29 04:09:29.076: [ERROR][Attempt 0/10][Retry in 134 ms] SdkError: Internal server error: exceptions::mutation_write_timeout_exception (Failed to accept proposal(3029f4cc-5b14-11f1-5f7f-2d26b2959ea4) for alternator_latte_hot_partition.latte_hot_partition: write timeout due to uncertainty. Replica errors: )
2026-05-29 04:09:28.818: [ERROR][Attempt 0/10][Retry in 73 ms] SdkError: Internal server error: exceptions::mutation_write_timeout_exception (Failed to accept proposal(300247a6-5b14-11f1-207a-fef080977e31) for alternator_latte_hot_partition.latte_hot_partition: write timeout due to uncertainty. Replica errors: )
2026-05-29 04:09:29.630: [ERROR][Attempt 0/10][Retry in 116 ms] SdkError: Internal server error: exceptions::mutation_write_timeout_exception (Failed to accept proposal(307e5a6c-5b14-11f1-b4da-3efa131dca29) for alternator_latte_hot_partition.latte_hot_partition: write timeout due to uncertainty. Replica errors: )
2026-05-29 04:09:28.876: [ERROR][Attempt 0/10][Retry in 139 ms] SdkError: Internal server error: exceptions::mutation_write_timeout_exception (Failed to accept proposal(300b5e36-5b14-11f1-69eb-a1e4e39d73d7) for alternator_latte_hot_partition.latte_hot_partition: write timeout due to uncertainty. Replica errors: )
...number of dropped error messages per sampling period: 101
  43.001      4034         0      4034           0.373     9.339    78.905   170.263   263.848   617.087   771.228   940.048
2026-05-29 04:09:30.115: [ERROR][Attempt 0/10][Retry in 144 ms] SdkError: Internal server error: exceptions::mutation_write_timeout_exception (Failed to accept proposal(30c7ec5e-5b14-11f1-f4c8-c88b371ed94f) for alternator_latte_hot_partition.latte_hot_partition: write timeout due to uncertainty. Replica errors: )
2026-05-29 04:09:30.259: [ERROR][Attempt 0/10][Retry in 64 ms] SdkError: Internal server error: exceptions::mutation_write_timeout_exception (Failed to accept proposal(30de7a28-5b14-11f1-ece6-1d6ec1798331) for alternator_latte_hot_partition.latte_hot_partition: write timeout due to uncertainty. Replica errors: )
2026-05-29 04:09:29.877: [ERROR][Attempt 0/10][Retry in 107 ms] SdkError: Internal server error: exceptions::mutation_write_timeout_exception (Failed to accept proposal(30a34f8e-5b14-11f1-ff46-28fbdce52619) for alternator_latte_hot_partition.latte_hot_partition: write timeout due to uncertainty. Replica errors: )
2026-05-29 04:09:30.307: [ERROR][Attempt 0/10][Retry in 132 ms] SdkError: Internal server error: exceptions::mutation_write_timeout_exception (Failed to accept proposal(30e4cf54-5b14-11f1-0daa-892fbada3f66) for alternator_latte_hot_partition.latte_hot_partition: write timeout due to uncertainty. Replica errors: )
2026-05-29 04:09:30.233: [ERROR][Attempt 0/10][Retry in 81 ms] SdkError: Internal server error: exceptions::mutation_write_timeout_exception (Failed to accept proposal(30da51f0-5b14-11f1-94b3-de9ed8c118d7) for alternator_latte_hot_partition.latte_hot_partition: write timeout due to uncertainty. Replica errors: )
...number of dropped error messages per sampling period: 97
  44.001      3949         0      3948           0.366    11.108    82.313   183.370   309.068   625.476  1007.157  1680.867
2026-05-29 04:09:31.380: [ERROR][Attempt 0/10][Retry in 96 ms] SdkError: Internal server error: exceptions::mutation_write_timeout_exception (Failed to accept proposal(31891ece-5b14-11f1-8508-7d01631e6379) for alternator_latte_hot_partition.latte_hot_partition: write timeout due to uncertainty. Replica errors: )
2026-05-29 04:09:30.883: [ERROR][Attempt 0/10][Retry in 100 ms] SdkError: Internal server error: exceptions::mutation_write_timeout_exception (Failed to accept proposal(313d95c6-5b14-11f1-50de-cca641844ad7) for alternator_latte_hot_partition.latte_hot_partition: write timeout due to uncertainty. Replica errors: )
2026-05-29 04:09:31.315: [ERROR][Attempt 0/10][Retry in 62 ms] SdkError: Internal server error: exceptions::mutation_write_timeout_exception (Failed to accept proposal(317f4ffc-5b14-11f1-1770-706eddf67b5d) for alternator_latte_hot_partition.latte_hot_partition: write timeout due to uncertainty. Replica errors: )
2026-05-29 04:09:31.381: [ERROR][Attempt 0/10][Retry in 136 ms] SdkError: Internal server error: exceptions::mutation_write_timeout_exception (Failed to accept proposal(31899138-5b14-11f1-bf27-bf35dc6ff895) for alternator_latte_hot_partition.latte_hot_partition: write timeout due to uncertainty. Replica errors: )
2026-05-29 04:09:31.164: [ERROR][Attempt 0/10][Retry in 126 ms] SdkError: Internal server error: exceptions::mutation_write_timeout_exception (Failed to accept proposal(3168955a-5b14-11f1-b325-71d57fae1144) for alternator_latte_hot_partition.latte_hot_partition: write timeout due to uncertainty. Replica errors: )
...number of dropped error messages per sampling period: 115
  45.001      4141         0      4141           0.376     9.921    79.888   182.977   274.203   522.191   784.859  1350.566
2026-05-29 04:09:31.947: [ERROR][Attempt 0/10][Retry in 110 ms] SdkError: Internal server error: exceptions::mutation_write_timeout_exception (Failed to accept proposal(31dedd8c-5b14-11f1-c621-e466e207ba05) for alternator_latte_hot_partition.latte_hot_partition: write timeout due to uncertainty. Replica errors: )
2026-05-29 04:09:32.150: [ERROR][Attempt 0/10][Retry in 84 ms] SdkError: Internal server error: exceptions::mutation_write_timeout_exception (Failed to accept proposal(31fec2c8-5b14-11f1-157b-42395572d813) for alternator_latte_hot_partition.latte_hot_partition: write timeout due to uncertainty. Replica errors: )
2026-05-29 04:09:32.397: [ERROR][Attempt 0/10][Retry in 117 ms] SdkError: Internal server error: exceptions::mutation_write_timeout_exception (Failed to accept proposal(32246302-5b14-11f1-5e08-e393ded4d2b7) for alternator_latte_hot_partition.latte_hot_partition: write timeout due to uncertainty. Replica errors: )
2026-05-29 04:09:31.821: [ERROR][Attempt 1/10][Retry in 240 ms] SdkError: Internal server error: exceptions::mutation_write_timeout_exception (Failed to accept proposal(31ccbf6c-5b14-11f1-4bbf-20379d34e01c) for alternator_latte_hot_partition.latte_hot_partition: write timeout due to uncertainty. Replica errors: )
2026-05-29 04:09:32.165: [ERROR][Attempt 0/10][Retry in 113 ms] SdkError: Internal server error: exceptions::mutation_write_timeout_exception (Failed to accept proposal(32016050-5b14-11f1-9135-4785e48d9c27) for alternator_latte_hot_partition.latte_hot_partition: write timeout due to uncertainty. Replica errors: )
...number of dropped error messages per sampling period: 108
  46.001      3997         0      3997           0.385    13.050    89.522   199.361   275.251   512.492   678.429   843.579
2026-05-29 04:09:32.976: [ERROR][Attempt 0/10][Retry in 143 ms] SdkError: Internal server error: exceptions::mutation_write_timeout_exception (Failed to accept proposal(327cfdc8-5b14-11f1-e062-936e6564183b) for alternator_latte_hot_partition.latte_hot_partition: write timeout due to uncertainty. Replica errors: )
2026-05-29 04:09:33.042: [ERROR][Attempt 0/10][Retry in 102 ms] SdkError: Internal server error: exceptions::mutation_write_timeout_exception (Failed to accept proposal(3286b3a4-5b14-11f1-13ce-a4ff3a3371c1) for alternator_latte_hot_partition.latte_hot_partition: write timeout due to uncertainty. Replica errors: )
2026-05-29 04:09:33.053: [ERROR][Attempt 0/10][Retry in 95 ms] SdkError: Internal server error: exceptions::mutation_write_timeout_exception (Failed to accept proposal(3288f52e-5b14-11f1-e6e4-9259b7ecff62) for alternator_latte_hot_partition.latte_hot_partition: write timeout due to uncertainty. Replica errors: )
2026-05-29 04:09:33.066: [ERROR][Attempt 0/10][Retry in 143 ms] SdkError: Internal server error: exceptions::mutation_write_timeout_exception (Failed to accept proposal(328ab666-5b14-11f1-7711-1d8fe120f63d) for alternator_latte_hot_partition.latte_hot_partition: write timeout due to uncertainty. Replica errors: )
2026-05-29 04:09:33.185: [ERROR][Attempt 0/10][Retry in 136 ms] SdkError: Internal server error: exceptions::mutation_write_timeout_exception (Failed to accept proposal(329c19ce-5b14-11f1-69fc-bc0ffa0e7d0d) for alternator_latte_hot_partition.latte_hot_partition: write timeout due to uncertainty. Replica errors: )
...number of dropped error messages per sampling period: 113
  47.001      4276         0      4276           0.379     9.495    76.415   172.098   267.911   518.259   716.702  1341.129
2026-05-29 04:09:34.248: [ERROR][Attempt 0/10][Retry in 59 ms] SdkError: Internal server error: exceptions::mutation_write_timeout_exception (Failed to accept proposal(333d2846-5b14-11f1-acdf-c98830ac9127) for alternator_latte_hot_partition.latte_hot_partition: write timeout due to uncertainty. Replica errors: )
2026-05-29 04:09:34.055: [ERROR][Attempt 1/10][Retry in 196 ms] SdkError: Internal server error: exceptions::mutation_write_timeout_exception (Failed to accept proposal(33214b94-5b14-11f1-6099-223406a0ee95) for alternator_latte_hot_partition.latte_hot_partition: write timeout due to uncertainty. Replica errors: )
2026-05-29 04:09:34.359: [ERROR][Attempt 0/10][Retry in 52 ms] SdkError: Internal server error: exceptions::mutation_write_timeout_exception (Failed to accept proposal(33502cb6-5b14-11f1-1746-90f893777092) for alternator_latte_hot_partition.latte_hot_partition: write timeout due to uncertainty. Replica errors: )
2026-05-29 04:09:34.190: [ERROR][Attempt 0/10][Retry in 111 ms] SdkError: Internal server error: exceptions::mutation_write_timeout_exception (Failed to accept proposal(3335cb3c-5b14-11f1-537f-e3110b8fa0e5) for alternator_latte_hot_partition.latte_hot_partition: write timeout due to uncertainty. Replica errors: )
2026-05-29 04:09:34.461: [ERROR][Attempt 0/10][Retry in 108 ms] SdkError: Internal server error: exceptions::mutation_write_timeout_exception (Failed to accept proposal(335f4d7c-5b14-11f1-8fca-22bb90ba096a) for alternator_latte_hot_partition.latte_hot_partition: write timeout due to uncertainty. Replica errors: )
...number of dropped error messages per sampling period: 111
  48.001      4102         0      4102           0.370    11.223    85.459   182.190   261.751   536.609   780.665  1169.162
2026-05-29 04:09:34.809: [ERROR][Attempt 0/10][Retry in 122 ms] SdkError: Internal server error: exceptions::mutation_write_timeout_exception (Failed to accept proposal(3394a602-5b14-11f1-37f5-9d006cf7bf13) for alternator_latte_hot_partition.latte_hot_partition: write timeout due to uncertainty. Replica errors: )
2026-05-29 04:09:34.872: [ERROR][Attempt 0/10][Retry in 121 ms] SdkError: Internal server error: exceptions::mutation_write_timeout_exception (Failed to accept proposal(339e469e-5b14-11f1-66dc-0e2537250a62) for alternator_latte_hot_partition.latte_hot_partition: write timeout due to uncertainty. Replica errors: )
2026-05-29 04:09:34.989: [ERROR][Attempt 0/10][Retry in 80 ms] SdkError: Internal server error: exceptions::mutation_write_timeout_exception (Failed to accept proposal(33af21da-5b14-11f1-d722-6397db114d32) for alternator_latte_hot_partition.latte_hot_partition: write timeout due to uncertainty. Replica errors: )
2026-05-29 04:09:34.768: [ERROR][Attempt 0/10][Retry in 121 ms] SdkError: Internal server error: exceptions::mutation_write_timeout_exception (Failed to accept proposal(338e6fa8-5b14-11f1-5c50-3fcf4bd04ae6) for alternator_latte_hot_partition.latte_hot_partition: write timeout due to uncertainty. Replica errors: )
2026-05-29 04:09:35.384: [ERROR][Attempt 0/10][Retry in 91 ms] SdkError: Internal server error: exceptions::mutation_write_timeout_exception (Failed to accept proposal(33ebb992-5b14-11f1-90b3-e24485cc65fa) for alternator_latte_hot_partition.latte_hot_partition: write timeout due to uncertainty. Replica errors: )
...number of dropped error messages per sampling period: 118
  49.001      3858         0      3858           0.373    11.280    88.474   208.667   292.553   571.998   758.645  1026.032
2026-05-29 04:09:36.311: [ERROR][Attempt 0/10][Retry in 98 ms] SdkError: Internal server error: exceptions::mutation_write_timeout_exception (Failed to accept proposal(347947d0-5b14-11f1-17a4-5e016a644038) for alternator_latte_hot_partition.latte_hot_partition: write timeout due to uncertainty. Replica errors: )
2026-05-29 04:09:35.927: [ERROR][Attempt 0/10][Retry in 130 ms] SdkError: Internal server error: exceptions::mutation_write_timeout_exception (Failed to accept proposal(343f1d12-5b14-11f1-149f-ca5cd8010f70) for alternator_latte_hot_partition.latte_hot_partition: write timeout due to uncertainty. Replica errors: )
2026-05-29 04:09:35.902: [ERROR][Attempt 0/10][Retry in 132 ms] SdkError: Internal server error: exceptions::mutation_write_timeout_exception (Failed to accept proposal(343bbbb8-5b14-11f1-4753-cde52a5cef8f) for alternator_latte_hot_partition.latte_hot_partition: write timeout due to uncertainty. Replica errors: )
2026-05-29 04:09:35.902: [ERROR][Attempt 0/10][Retry in 103 ms] SdkError: Internal server error: exceptions::mutation_write_timeout_exception (Failed to accept proposal(343b87f6-5b14-11f1-9c5d-d9265d6652a7) for alternator_latte_hot_partition.latte_hot_partition: write timeout due to uncertainty. Replica errors: )
2026-05-29 04:09:36.023: [ERROR][Attempt 0/10][Retry in 130 ms] SdkError: Internal server error: exceptions::mutation_write_timeout_exception (Failed to accept proposal(344e1f88-5b14-11f1-a675-f975fed6c61b) for alternator_latte_hot_partition.latte_hot_partition: write timeout due to uncertainty. Replica errors: )
...number of dropped error messages per sampling period: 122
  50.001      4239         0      4240           0.356    10.519    81.789   186.515   251.527   459.276   735.052  1334.837
2026-05-29 04:09:37.047: [ERROR][Attempt 0/10][Retry in 121 ms] SdkError: Internal server error: exceptions::mutation_write_timeout_exception (Failed to accept proposal(34e9df9a-5b14-11f1-15dc-eea2116cde37) for alternator_latte_hot_partition.latte_hot_partition: write timeout due to uncertainty. Replica errors: )
2026-05-29 04:09:36.896: [ERROR][Attempt 0/10][Retry in 115 ms] SdkError: Internal server error: exceptions::mutation_write_timeout_exception (Failed to accept proposal(34d33d94-5b14-11f1-f424-6de6249adc33) for alternator_latte_hot_partition.latte_hot_partition: write timeout due to uncertainty. Replica errors: )
2026-05-29 04:09:37.290: [ERROR][Attempt 0/10][Retry in 149 ms] SdkError: Internal server error: exceptions::mutation_write_timeout_exception (Failed to accept proposal(350ee5ba-5b14-11f1-e286-ac6b757cf854) for alternator_latte_hot_partition.latte_hot_partition: write timeout due to uncertainty. Replica errors: )
2026-05-29 04:09:37.301: [ERROR][Attempt 0/10][Retry in 116 ms] SdkError: Internal server error: exceptions::mutation_write_timeout_exception (Failed to accept proposal(3510d596-5b14-11f1-401d-b0013192c5b8) for alternator_latte_hot_partition.latte_hot_partition: write timeout due to uncertainty. Replica errors: )
2026-05-29 04:09:37.325: [ERROR][Attempt 0/10][Retry in 98 ms] SdkError: Internal server error: exceptions::mutation_write_timeout_exception (Failed to accept proposal(351482cc-5b14-11f1-b923-fffb5737d43b) for alternator_latte_hot_partition.latte_hot_partition: write timeout due to uncertainty. Replica errors: )
...number of dropped error messages per sampling period: 104
  51.002      3864         0      3864           0.401     9.331    80.740   189.006   311.427   507.511   886.571   989.856
2026-05-29 04:09:38.014: [ERROR][Attempt 0/10][Retry in 135 ms] SdkError: Internal server error: exceptions::mutation_write_timeout_exception (Failed to accept proposal(357df5c2-5b14-11f1-cbb0-e7624e462ad5) for alternator_latte_hot_partition.latte_hot_partition: write timeout due to uncertainty. Replica errors: )
2026-05-29 04:09:38.491: [ERROR][Attempt 0/10][Retry in 129 ms] SdkError: Internal server error: exceptions::mutation_write_timeout_exception (Failed to accept proposal(35c67f04-5b14-11f1-780c-785772a23ec6) for alternator_latte_hot_partition.latte_hot_partition: write timeout due to uncertainty. Replica errors: )
2026-05-29 04:09:38.374: [ERROR][Attempt 0/10][Retry in 82 ms] SdkError: Internal server error: exceptions::mutation_write_timeout_exception (Failed to accept proposal(35b4b382-5b14-11f1-78e8-3b190e068277) for alternator_latte_hot_partition.latte_hot_partition: write timeout due to uncertainty. Replica errors: )
2026-05-29 04:09:38.097: [ERROR][Attempt 0/10][Retry in 77 ms] SdkError: Internal server error: exceptions::mutation_write_timeout_exception (Failed to accept proposal(3589b100-5b14-11f1-a2e0-b7f2d9808617) for alternator_latte_hot_partition.latte_hot_partition: write timeout due to uncertainty. Replica errors: )
2026-05-29 04:09:38.388: [ERROR][Attempt 1/10][Retry in 151 ms] SdkError: Internal server error: exceptions::mutation_write_timeout_exception (Failed to accept proposal(35b6b880-5b14-11f1-7ec2-0bdc7dbaee96) for alternator_latte_hot_partition.latte_hot_partition: write timeout due to uncertainty. Replica errors: )
...number of dropped error messages per sampling period: 104
  52.001      4156         0      4156           0.379     8.864    73.073   166.330   258.605   731.382  1183.842  1880.097
2026-05-29 04:09:39.375: [ERROR][Attempt 0/10][Retry in 122 ms] SdkError: Internal server error: exceptions::mutation_write_timeout_exception (Failed to accept proposal(364cb556-5b14-11f1-6444-454ce02c0cf3) for alternator_latte_hot_partition.latte_hot_partition: write timeout due to uncertainty. Replica errors: )
2026-05-29 04:09:39.558: [ERROR][Attempt 0/10][Retry in 148 ms] SdkError: Internal server error: exceptions::mutation_write_timeout_exception (Failed to accept proposal(3668a770-5b14-11f1-035e-2f80937cdb96) for alternator_latte_hot_partition.latte_hot_partition: write timeout due to uncertainty. Replica errors: )
2026-05-29 04:09:39.217: [ERROR][Attempt 0/10][Retry in 124 ms] SdkError: Internal server error: exceptions::mutation_write_timeout_exception (Failed to accept proposal(36355208-5b14-11f1-bfd1-359c301aeb82) for alternator_latte_hot_partition.latte_hot_partition: write timeout due to uncertainty. Replica errors: )
2026-05-29 04:09:39.389: [ERROR][Attempt 0/10][Retry in 108 ms] SdkError: Internal server error: exceptions::mutation_write_timeout_exception (Failed to accept proposal(364f690e-5b14-11f1-42b8-46b1eb353648) for alternator_latte_hot_partition.latte_hot_partition: write timeout due to uncertainty. Replica errors: )
2026-05-29 04:09:39.451: [ERROR][Attempt 0/10][Retry in 102 ms] SdkError: Internal server error: exceptions::mutation_write_timeout_exception (Failed to accept proposal(3658e9ca-5b14-11f1-fc75-4863fa654728) for alternator_latte_hot_partition.latte_hot_partition: write timeout due to uncertainty. Replica errors: )
...number of dropped error messages per sampling period: 109
  53.001      3834         0      3834           0.377     8.561    72.876   182.452   313.786   769.655  1243.611  2083.521
2026-05-29 04:09:40.346: [ERROR][Attempt 2/10][Retry in 376 ms] SdkError: Internal server error: exceptions::mutation_write_timeout_exception (Failed to accept proposal(36e15dc8-5b14-11f1-764a-7e6d5bfc84a5) for alternator_latte_hot_partition.latte_hot_partition: write timeout due to uncertainty. Replica errors: )
2026-05-29 04:09:40.000: [ERROR][Attempt 0/10][Retry in 102 ms] SdkError: Internal server error: exceptions::mutation_write_timeout_exception (Failed to accept proposal(36acb730-5b14-11f1-f8f6-0c20d46e3922) for alternator_latte_hot_partition.latte_hot_partition: write timeout due to uncertainty. Replica errors: )
2026-05-29 04:09:40.461: [ERROR][Attempt 0/10][Retry in 73 ms] SdkError: Internal server error: exceptions::mutation_write_timeout_exception (Failed to accept proposal(36f307b2-5b14-11f1-8570-c43d78195f13) for alternator_latte_hot_partition.latte_hot_partition: write timeout due to uncertainty. Replica errors: )
2026-05-29 04:09:40.205: [ERROR][Attempt 0/10][Retry in 102 ms] SdkError: Internal server error: exceptions::mutation_write_timeout_exception (Failed to accept proposal(36cbc454-5b14-11f1-1f49-212b135880c9) for alternator_latte_hot_partition.latte_hot_partition: write timeout due to uncertainty. Replica errors: )
2026-05-29 04:09:40.617: [ERROR][Attempt 0/10][Retry in 149 ms] SdkError: Internal server error: exceptions::mutation_write_timeout_exception (Failed to accept proposal(3709ef90-5b14-11f1-75bb-1c591589204c) for alternator_latte_hot_partition.latte_hot_partition: write timeout due to uncertainty. Replica errors: )
...number of dropped error messages per sampling period: 98
  54.001      3801         0      3800           0.364     9.634    82.575   222.953   323.748   723.517   975.176  1020.789
2026-05-29 04:09:40.994: [ERROR][Attempt 0/10][Retry in 119 ms] SdkError: Internal server error: exceptions::mutation_write_timeout_exception (Failed to accept proposal(374457e8-5b14-11f1-e80b-d1ceff646fe3) for alternator_latte_hot_partition.latte_hot_partition: write timeout due to uncertainty. Replica errors: )
2026-05-29 04:09:41.153: [ERROR][Attempt 0/10][Retry in 108 ms] SdkError: Internal server error: exceptions::mutation_write_timeout_exception (Failed to accept proposal(375cdd9a-5b14-11f1-101b-c85df70d5950) for alternator_latte_hot_partition.latte_hot_partition: write timeout due to uncertainty. Replica errors: )
2026-05-29 04:09:40.782: [ERROR][Attempt 0/10][Retry in 99 ms] SdkError: Internal server error: exceptions::mutation_write_timeout_exception (Failed to accept proposal(3723ba06-5b14-11f1-4e00-3a142fe02c24) for alternator_latte_hot_partition.latte_hot_partition: write timeout due to uncertainty. Replica errors: )
2026-05-29 04:09:41.574: [ERROR][Attempt 0/10][Retry in 89 ms] SdkError: Internal server error: exceptions::mutation_write_timeout_exception (Failed to accept proposal(379d4600-5b14-11f1-9ea5-d6761bc35e28) for alternator_latte_hot_partition.latte_hot_partition: write timeout due to uncertainty. Replica errors: )
2026-05-29 04:09:41.064: [ERROR][Attempt 0/10][Retry in 95 ms] SdkError: Internal server error: exceptions::mutation_write_timeout_exception (Failed to accept proposal(374f119c-5b14-11f1-65fb-b06ab5875058) for alternator_latte_hot_partition.latte_hot_partition: write timeout due to uncertainty. Replica errors: )
...number of dropped error messages per sampling period: 108
  55.001      4339         0      4339           0.364     8.274    71.762   192.283   281.281   487.588   682.623   966.787
2026-05-29 04:09:41.980: [ERROR][Attempt 0/10][Retry in 78 ms] SdkError: Internal server error: exceptions::mutation_write_timeout_exception (Failed to accept proposal(37daee7e-5b14-11f1-2d2b-db3b206ca95d) for alternator_latte_hot_partition.latte_hot_partition: write timeout due to uncertainty. Replica errors: )
2026-05-29 04:09:41.863: [ERROR][Attempt 0/10][Retry in 124 ms] SdkError: Internal server error: exceptions::mutation_write_timeout_exception (Failed to accept proposal(37c8d766-5b14-11f1-d074-49c0fe441349) for alternator_latte_hot_partition.latte_hot_partition: write timeout due to uncertainty. Replica errors: )
2026-05-29 04:09:42.062: [ERROR][Attempt 0/10][Retry in 138 ms] SdkError: Internal server error: exceptions::mutation_write_timeout_exception (Failed to accept proposal(37e75056-5b14-11f1-86b1-84d33da4af80) for alternator_latte_hot_partition.latte_hot_partition: write timeout due to uncertainty. Replica errors: )
2026-05-29 04:09:42.086: [ERROR][Attempt 0/10][Retry in 121 ms] SdkError: Internal server error: exceptions::mutation_write_timeout_exception (Failed to accept proposal(37eb19ac-5b14-11f1-d811-d4d046891467) for alternator_latte_hot_partition.latte_hot_partition: write timeout due to uncertainty. Replica errors: )
2026-05-29 04:09:42.552: [ERROR][Attempt 0/10][Retry in 110 ms] SdkError: Internal server error: exceptions::mutation_write_timeout_exception (Failed to accept proposal(3832248c-5b14-11f1-108d-4787d19c1ace) for alternator_latte_hot_partition.latte_hot_partition: write timeout due to uncertainty. Replica errors: )
...number of dropped error messages per sampling period: 94
  56.001      4040         0      4040           0.364    10.486    81.265   186.515   292.028   494.404   900.202  1124.073
2026-05-29 04:09:43.440: [ERROR][Attempt 0/10][Retry in 92 ms] SdkError: Internal server error: exceptions::mutation_write_timeout_exception (Failed to accept proposal(38b9ed22-5b14-11f1-27b6-659e6e67370d) for alternator_latte_hot_partition.latte_hot_partition: write timeout due to uncertainty. Replica errors: )
2026-05-29 04:09:43.268: [ERROR][Attempt 0/10][Retry in 121 ms] SdkError: Internal server error: exceptions::mutation_write_timeout_exception (Failed to accept proposal(389f291a-5b14-11f1-b84d-0b1df2d32fc3) for alternator_latte_hot_partition.latte_hot_partition: write timeout due to uncertainty. Replica errors: )
2026-05-29 04:09:42.783: [ERROR][Attempt 0/10][Retry in 127 ms] SdkError: Internal server error: exceptions::mutation_write_timeout_exception (Failed to accept proposal(38555d6c-5b14-11f1-59df-52151b8ba5da) for alternator_latte_hot_partition.latte_hot_partition: write timeout due to uncertainty. Replica errors: )
2026-05-29 04:09:43.110: [ERROR][Attempt 0/10][Retry in 55 ms] SdkError: Internal server error: exceptions::mutation_write_timeout_exception (Failed to accept proposal(3887737e-5b14-11f1-86df-826c47c4e2bf) for alternator_latte_hot_partition.latte_hot_partition: write timeout due to uncertainty. Replica errors: )
2026-05-29 04:09:43.253: [ERROR][Attempt 0/10][Retry in 117 ms] SdkError: Internal server error: exceptions::mutation_write_timeout_exception (Failed to accept proposal(389c02a8-5b14-11f1-613b-0cd4ed9d8ec2) for alternator_latte_hot_partition.latte_hot_partition: write timeout due to uncertainty. Replica errors: )
...number of dropped error messages per sampling period: 125
  57.001      4207         0      4208           0.389    10.633    82.903   197.394   288.096   480.510   868.221   979.894
2026-05-29 04:09:43.749: [ERROR][Attempt 0/10][Retry in 78 ms] SdkError: Internal server error: exceptions::mutation_write_timeout_exception (Failed to accept proposal(38e8e5e6-5b14-11f1-b540-f2e32470286a) for alternator_latte_hot_partition.latte_hot_partition: write timeout due to uncertainty. Replica errors: )
2026-05-29 04:09:44.150: [ERROR][Attempt 0/10][Retry in 128 ms] SdkError: Internal server error: exceptions::mutation_write_timeout_exception (Failed to accept proposal(3925b9bc-5b14-11f1-76db-b46e734ed4eb) for alternator_latte_hot_partition.latte_hot_partition: write timeout due to uncertainty. Replica errors: )
2026-05-29 04:09:43.812: [ERROR][Attempt 0/10][Retry in 115 ms] SdkError: Internal server error: exceptions::mutation_write_timeout_exception (Failed to accept proposal(38f0557e-5b14-11f1-5431-af402ddd159a) for alternator_latte_hot_partition.latte_hot_partition: write timeout due to uncertainty. Replica errors: )
2026-05-29 04:09:44.036: [ERROR][Attempt 0/10][Retry in 54 ms] SdkError: Internal server error: exceptions::mutation_write_timeout_exception (Failed to accept proposal(39148a84-5b14-11f1-8418-b87d0fe40ef1) for alternator_latte_hot_partition.latte_hot_partition: write timeout due to uncertainty. Replica errors: )
2026-05-29 04:09:44.704: [ERROR][Attempt 0/10][Retry in 84 ms] SdkError: Internal server error: exceptions::mutation_write_timeout_exception (Failed to accept proposal(397a576a-5b14-11f1-2781-43b187394b33) for alternator_latte_hot_partition.latte_hot_partition: write timeout due to uncertainty. Replica errors: )
...number of dropped error messages per sampling period: 106
  58.001      4206         0      4205           0.343    11.575    90.046   181.010   244.580   351.535   632.291   740.819
2026-05-29 04:09:44.870: [ERROR][Attempt 0/10][Retry in 67 ms] SdkError: Internal server error: exceptions::mutation_write_timeout_exception (Failed to accept proposal(399380aa-5b14-11f1-9145-c1e28e38eaff) for alternator_latte_hot_partition.latte_hot_partition: write timeout due to uncertainty. Replica errors: )
2026-05-29 04:09:44.893: [ERROR][Attempt 0/10][Retry in 146 ms] SdkError: Internal server error: exceptions::mutation_write_timeout_exception (Failed to accept proposal(39972a20-5b14-11f1-e924-805f26ae4439) for alternator_latte_hot_partition.latte_hot_partition: write timeout due to uncertainty. Replica errors: )
2026-05-29 04:09:45.414: [ERROR][Attempt 0/10][Retry in 114 ms] SdkError: Internal server error: exceptions::mutation_write_timeout_exception (Failed to accept proposal(39e667a2-5b14-11f1-7985-e99ca757f582) for alternator_latte_hot_partition.latte_hot_partition: write timeout due to uncertainty. Replica errors: )
2026-05-29 04:09:45.569: [ERROR][Attempt 0/10][Retry in 127 ms] SdkError: Internal server error: exceptions::mutation_write_timeout_exception (Failed to accept proposal(39fea376-5b14-11f1-7143-2fb4fb469715) for alternator_latte_hot_partition.latte_hot_partition: write timeout due to uncertainty. Replica errors: )
2026-05-29 04:09:44.842: [ERROR][Attempt 0/10][Retry in 116 ms] SdkError: Internal server error: exceptions::mutation_write_timeout_exception (Failed to accept proposal(398f5700-5b14-11f1-a010-980e97d4035a) for alternator_latte_hot_partition.latte_hot_partition: write timeout due to uncertainty. Replica errors: )
...number of dropped error messages per sampling period: 93
  59.001      4154         0      4154           0.364    10.994    83.100   174.326   248.513   449.053   728.760   984.613
2026-05-29 04:09:45.981: [ERROR][Attempt 0/10][Retry in 90 ms] SdkError: Internal server error: exceptions::mutation_write_timeout_exception (Failed to accept proposal(3a3d85a0-5b14-11f1-be5f-ce0d170c13f2) for alternator_latte_hot_partition.latte_hot_partition: write timeout due to uncertainty. Replica errors: )
2026-05-29 04:09:46.389: [ERROR][Attempt 0/10][Retry in 64 ms] SdkError: Internal server error: exceptions::mutation_write_timeout_exception (Failed to accept proposal(3a77c904-5b14-11f1-a2e0-ef8435dab2ed) for alternator_latte_hot_partition.latte_hot_partition: write timeout due to uncertainty. Replica errors: )
2026-05-29 04:09:46.218: [ERROR][Attempt 0/10][Retry in 70 ms] SdkError: Internal server error: exceptions::mutation_write_timeout_exception (Failed to accept proposal(3a614e36-5b14-11f1-96a9-2ba9329ec1fc) for alternator_latte_hot_partition.latte_hot_partition: write timeout due to uncertainty. Replica errors: )
2026-05-29 04:09:46.157: [ERROR][Attempt 0/10][Retry in 148 ms] SdkError: Internal server error: exceptions::mutation_write_timeout_exception (Failed to accept proposal(3a579134-5b14-11f1-ef07-e9a5f4a2a837) for alternator_latte_hot_partition.latte_hot_partition: write timeout due to uncertainty. Replica errors: )
2026-05-29 04:09:45.855: [ERROR][Attempt 0/10][Retry in 103 ms] SdkError: Internal server error: exceptions::mutation_write_timeout_exception (Failed to accept proposal(3a297ba0-5b14-11f1-0e11-362e67374d9c) for alternator_latte_hot_partition.latte_hot_partition: write timeout due to uncertainty. Replica errors: )
...number of dropped error messages per sampling period: 116
  60.001      3812         0      3812           0.358     8.577    59.998   160.694   349.176   713.032   985.137  1582.301
2026-05-29 04:09:47.321: [ERROR][Attempt 0/10][Retry in 65 ms] SdkError: Internal server error: exceptions::mutation_write_timeout_exception (Failed to accept proposal(3b09ab4e-5b14-11f1-2fa7-dd2ac95618c9) for alternator_latte_hot_partition.latte_hot_partition: write timeout due to uncertainty. Replica errors: )
2026-05-29 04:09:47.519: [ERROR][Attempt 0/10][Retry in 136 ms] SdkError: Internal server error: exceptions::mutation_write_timeout_exception (Failed to accept proposal(3b27ade2-5b14-11f1-510e-8e9b654f0314) for alternator_latte_hot_partition.latte_hot_partition: write timeout due to uncertainty. Replica errors: )
2026-05-29 04:09:46.924: [ERROR][Attempt 0/10][Retry in 96 ms] SdkError: Internal server error: exceptions::mutation_write_timeout_exception (Failed to accept proposal(3accf46a-5b14-11f1-861f-ebfd5cea4c16) for alternator_latte_hot_partition.latte_hot_partition: write timeout due to uncertainty. Replica errors: )
2026-05-29 04:09:46.996: [ERROR][Attempt 0/10][Retry in 136 ms] SdkError: Internal server error: exceptions::mutation_write_timeout_exception (Failed to accept proposal(3ad83744-5b14-11f1-27bd-e1f2e7077bf0) for alternator_latte_hot_partition.latte_hot_partition: write timeout due to uncertainty. Replica errors: )
2026-05-29 04:09:47.723: [ERROR][Attempt 0/10][Retry in 102 ms] SdkError: Internal server error: exceptions::mutation_write_timeout_exception (Failed to accept proposal(3b463bcc-5b14-11f1-752d-0459da5df267) for alternator_latte_hot_partition.latte_hot_partition: write timeout due to uncertainty. Replica errors: )
...number of dropped error messages per sampling period: 93
  61.001      3829         0      3829           0.329     9.503    74.842   199.098   360.972   896.532  1127.219  1265.631
2026-05-29 04:09:48.149: [ERROR][Attempt 0/10][Retry in 95 ms] SdkError: Internal server error: exceptions::mutation_write_timeout_exception (Failed to accept proposal(3b87c998-5b14-11f1-30f5-b8a9a6d7cfd4) for alternator_latte_hot_partition.latte_hot_partition: write timeout due to uncertainty. Replica errors: )
2026-05-29 04:09:47.812: [ERROR][Attempt 0/10][Retry in 79 ms] SdkError: Internal server error: exceptions::mutation_write_timeout_exception (Failed to accept proposal(3b54d8e4-5b14-11f1-f296-c52a8158a442) for alternator_latte_hot_partition.latte_hot_partition: write timeout due to uncertainty. Replica errors: )
2026-05-29 04:09:47.939: [ERROR][Attempt 0/10][Retry in 88 ms] SdkError: Internal server error: exceptions::mutation_write_timeout_exception (Failed to accept proposal(3b67fe1a-5b14-11f1-732d-a653498ad66a) for alternator_latte_hot_partition.latte_hot_partition: write timeout due to uncertainty. Replica errors: )
2026-05-29 04:09:47.928: [ERROR][Attempt 0/10][Retry in 106 ms] SdkError: Internal server error: exceptions::mutation_write_timeout_exception (Failed to accept proposal(3b66aaba-5b14-11f1-c618-e6668911432c) for alternator_latte_hot_partition.latte_hot_partition: write timeout due to uncertainty. Replica errors: )
2026-05-29 04:09:48.640: [ERROR][Attempt 0/10][Retry in 98 ms] SdkError: Internal server error: exceptions::mutation_write_timeout_exception (Failed to accept proposal(3bd30fac-5b14-11f1-8199-88fd8e5385ca) for alternator_latte_hot_partition.latte_hot_partition: write timeout due to uncertainty. Replica errors: )
...number of dropped error messages per sampling period: 107
  62.001      4060         0      4060           0.354    10.863    81.527   184.680   258.605   668.467  1102.053  1442.841
2026-05-29 04:09:48.768: [ERROR][Attempt 0/10][Retry in 100 ms] SdkError: Internal server error: exceptions::mutation_write_timeout_exception (Failed to accept proposal(3be678c6-5b14-11f1-bab0-49c3417b2f8c) for alternator_latte_hot_partition.latte_hot_partition: write timeout due to uncertainty. Replica errors: )
2026-05-29 04:09:49.623: [ERROR][Attempt 0/10][Retry in 82 ms] SdkError: Internal server error: exceptions::mutation_write_timeout_exception (Failed to accept proposal(3c68c1f0-5b14-11f1-a9d1-23201381125f) for alternator_latte_hot_partition.latte_hot_partition: write timeout due to uncertainty. Replica errors: )
2026-05-29 04:09:48.779: [ERROR][Attempt 0/10][Retry in 111 ms] SdkError: Internal server error: exceptions::mutation_write_timeout_exception (Failed to accept proposal(3be842a0-5b14-11f1-7b16-2419879c82c0) for alternator_latte_hot_partition.latte_hot_partition: write timeout due to uncertainty. Replica errors: )
2026-05-29 04:09:49.555: [ERROR][Attempt 0/10][Retry in 56 ms] SdkError: Internal server error: exceptions::mutation_write_timeout_exception (Failed to accept proposal(3c5ea04e-5b14-11f1-131c-10f969b5f60a) for alternator_latte_hot_partition.latte_hot_partition: write timeout due to uncertainty. Replica errors: )
2026-05-29 04:09:48.919: [ERROR][Attempt 0/10][Retry in 51 ms] SdkError: Internal server error: exceptions::mutation_write_timeout_exception (Failed to accept proposal(3bfdba86-5b14-11f1-610e-f64c697303b5) for alternator_latte_hot_partition.latte_hot_partition: write timeout due to uncertainty. Replica errors: )
...number of dropped error messages per sampling period: 109
  63.002      4142         0      4142           0.372     9.413    74.842   166.330   238.289   576.717  1002.439  1384.120
2026-05-29 04:09:50.289: [ERROR][Attempt 0/10][Retry in 135 ms] SdkError: Internal server error: exceptions::mutation_write_timeout_exception (Failed to accept proposal(3cce9ce6-5b14-11f1-bdcb-f64a783845ab) for alternator_latte_hot_partition.latte_hot_partition: write timeout due to uncertainty. Replica errors: )
2026-05-29 04:09:49.842: [ERROR][Attempt 0/10][Retry in 126 ms] SdkError: Internal server error: exceptions::mutation_write_timeout_exception (Failed to accept proposal(3c8a5360-5b14-11f1-b3ea-e74f2bef6a61) for alternator_latte_hot_partition.latte_hot_partition: write timeout due to uncertainty. Replica errors: )
2026-05-29 04:09:49.983: [ERROR][Attempt 0/10][Retry in 91 ms] SdkError: Internal server error: exceptions::mutation_write_timeout_exception (Failed to accept proposal(3c9fd58c-5b14-11f1-e282-4bb47ed155ab) for alternator_latte_hot_partition.latte_hot_partition: write timeout due to uncertainty. Replica errors: )
2026-05-29 04:09:50.485: [ERROR][Attempt 0/10][Retry in 52 ms] SdkError: Internal server error: exceptions::mutation_write_timeout_exception (Failed to accept proposal(3cec6d02-5b14-11f1-fa6a-4fe92a213659) for alternator_latte_hot_partition.latte_hot_partition: write timeout due to uncertainty. Replica errors: )
2026-05-29 04:09:50.068: [ERROR][Attempt 0/10][Retry in 54 ms] SdkError: Internal server error: exceptions::mutation_write_timeout_exception (Failed to accept proposal(3cac9b50-5b14-11f1-bf18-5cc01eb630e7) for alternator_latte_hot_partition.latte_hot_partition: write timeout due to uncertainty. Replica errors: )
...number of dropped error messages per sampling period: 113
  64.002      4143         0      4143           0.383    10.297    79.561   179.831   274.465   609.223   980.943  2082.472
2026-05-29 04:09:51.159: [ERROR][Attempt 0/10][Retry in 86 ms] SdkError: Internal server error: exceptions::mutation_write_timeout_exception (Failed to accept proposal(3d53218c-5b14-11f1-ce46-ed0f030ca3a1) for alternator_latte_hot_partition.latte_hot_partition: write timeout due to uncertainty. Replica errors: )
2026-05-29 04:09:51.391: [ERROR][Attempt 0/10][Retry in 107 ms] SdkError: Internal server error: exceptions::mutation_write_timeout_exception (Failed to accept proposal(3d764f2c-5b14-11f1-95d4-6dd3d14eed0b) for alternator_latte_hot_partition.latte_hot_partition: write timeout due to uncertainty. Replica errors: )
2026-05-29 04:09:51.319: [ERROR][Attempt 0/10][Retry in 80 ms] SdkError: Internal server error: exceptions::mutation_write_timeout_exception (Failed to accept proposal(3d6b83f8-5b14-11f1-9c47-370ee7ca32e9) for alternator_latte_hot_partition.latte_hot_partition: write timeout due to uncertainty. Replica errors: )
2026-05-29 04:09:51.147: [ERROR][Attempt 0/10][Retry in 133 ms] SdkError: Internal server error: exceptions::mutation_write_timeout_exception (Failed to accept proposal(3d5147a4-5b14-11f1-2355-fba17f7c941c) for alternator_latte_hot_partition.latte_hot_partition: write timeout due to uncertainty. Replica errors: )
2026-05-29 04:09:51.452: [ERROR][Attempt 1/10][Retry in 168 ms] SdkError: Internal server error: exceptions::mutation_write_timeout_exception (Failed to accept proposal(3d801304-5b14-11f1-74c2-fe16946b6619) for alternator_latte_hot_partition.latte_hot_partition: write timeout due to uncertainty. Replica errors: )
...number of dropped error messages per sampling period: 103
  65.001      4224         0      4224           0.381     8.880    66.781   171.573   273.416   596.115   843.055  1151.336
2026-05-29 04:09:52.360: [ERROR][Attempt 0/10][Retry in 98 ms] SdkError: Internal server error: exceptions::mutation_write_timeout_exception (Failed to accept proposal(3e0acf08-5b14-11f1-b100-f00433ea11e8) for alternator_latte_hot_partition.latte_hot_partition: write timeout due to uncertainty. Replica errors: )
2026-05-29 04:09:52.686: [ERROR][Attempt 0/10][Retry in 127 ms] SdkError: Internal server error: exceptions::mutation_write_timeout_exception (Failed to accept proposal(3e3c9164-5b14-11f1-70c6-7e70d48ff49a) for alternator_latte_hot_partition.latte_hot_partition: write timeout due to uncertainty. Replica errors: )
2026-05-29 04:09:52.299: [ERROR][Attempt 0/10][Retry in 58 ms] SdkError: Internal server error: exceptions::mutation_write_timeout_exception (Failed to accept proposal(3e00df20-5b14-11f1-4b0b-87f0367ec5e5) for alternator_latte_hot_partition.latte_hot_partition: write timeout due to uncertainty. Replica errors: )
2026-05-29 04:09:52.188: [ERROR][Attempt 0/10][Retry in 104 ms] SdkError: Internal server error: exceptions::mutation_write_timeout_exception (Failed to accept proposal(3df0ba00-5b14-11f1-e9a0-9a763b1efa91) for alternator_latte_hot_partition.latte_hot_partition: write timeout due to uncertainty. Replica errors: )
2026-05-29 04:09:52.219: [ERROR][Attempt 1/10][Retry in 176 ms] SdkError: Internal server error: exceptions::mutation_write_timeout_exception (Failed to accept proposal(3df519d8-5b14-11f1-11e3-d30ef1773ea1) for alternator_latte_hot_partition.latte_hot_partition: write timeout due to uncertainty. Replica errors: )
...number of dropped error messages per sampling period: 114
  66.001      4047         0      4047           0.383    11.796    87.687   193.593   290.718   565.707   721.420  1486.881
2026-05-29 04:09:53.279: [ERROR][Attempt 0/10][Retry in 68 ms] SdkError: Internal server error: exceptions::mutation_write_timeout_exception (Failed to accept proposal(3e96c918-5b14-11f1-7324-06d47025d82a) for alternator_latte_hot_partition.latte_hot_partition: write timeout due to uncertainty. Replica errors: )
2026-05-29 04:09:52.875: [ERROR][Attempt 0/10][Retry in 142 ms] SdkError: Internal server error: exceptions::mutation_write_timeout_exception (Failed to accept proposal(3e591794-5b14-11f1-33a3-4094d92d6e78) for alternator_latte_hot_partition.latte_hot_partition: write timeout due to uncertainty. Replica errors: )
2026-05-29 04:09:53.023: [ERROR][Attempt 0/10][Retry in 126 ms] SdkError: Internal server error: exceptions::mutation_write_timeout_exception (Failed to accept proposal(3e6fddd0-5b14-11f1-5e2a-8cff941d6087) for alternator_latte_hot_partition.latte_hot_partition: write timeout due to uncertainty. Replica errors: )
2026-05-29 04:09:53.716: [ERROR][Attempt 0/10][Retry in 69 ms] SdkError: Internal server error: exceptions::mutation_write_timeout_exception (Failed to accept proposal(3ed73ca0-5b14-11f1-6574-e40f0068b4a7) for alternator_latte_hot_partition.latte_hot_partition: write timeout due to uncertainty. Replica errors: )
2026-05-29 04:09:53.302: [ERROR][Attempt 0/10][Retry in 134 ms] SdkError: Internal server error: exceptions::mutation_write_timeout_exception (Failed to accept proposal(3e9a48b8-5b14-11f1-8280-46d24e6e8883) for alternator_latte_hot_partition.latte_hot_partition: write timeout due to uncertainty. Replica errors: )
...number of dropped error messages per sampling period: 113
  67.001      4026         0      4026           0.376    10.306    82.903   185.991   270.270   554.697   725.090  1010.303
2026-05-29 04:09:53.845: [ERROR][Attempt 0/10][Retry in 80 ms] SdkError: Internal server error: exceptions::mutation_write_timeout_exception (Failed to accept proposal(3eed676e-5b14-11f1-ccd3-e84d98582bea) for alternator_latte_hot_partition.latte_hot_partition: write timeout due to uncertainty. Replica errors: )
2026-05-29 04:09:54.620: [ERROR][Attempt 0/10][Retry in 64 ms] SdkError: Internal server error: exceptions::mutation_write_timeout_exception (Failed to accept proposal(3f639434-5b14-11f1-cd8c-267c4ce15022) for alternator_latte_hot_partition.latte_hot_partition: write timeout due to uncertainty. Replica errors: )
2026-05-29 04:09:53.847: [ERROR][Attempt 0/10][Retry in 92 ms] SdkError: Internal server error: exceptions::mutation_write_timeout_exception (Failed to accept proposal(3eedb6a6-5b14-11f1-4588-ff00a4fbc4f7) for alternator_latte_hot_partition.latte_hot_partition: write timeout due to uncertainty. Replica errors: )
2026-05-29 04:09:53.888: [ERROR][Attempt 0/10][Retry in 105 ms] SdkError: Internal server error: exceptions::mutation_write_timeout_exception (Failed to accept proposal(3ef40e2a-5b14-11f1-1fc6-5953c44375ae) for alternator_latte_hot_partition.latte_hot_partition: write timeout due to uncertainty. Replica errors: )
2026-05-29 04:09:53.768: [ERROR][Attempt 0/10][Retry in 61 ms] SdkError: Internal server error: exceptions::mutation_write_timeout_exception (Failed to accept proposal(3edfd3e2-5b14-11f1-9af1-f66bc9b87d1b) for alternator_latte_hot_partition.latte_hot_partition: write timeout due to uncertainty. Replica errors: )
...number of dropped error messages per sampling period: 121
  68.001      4330         0      4329           0.388     9.527    81.396   189.137   279.446   437.518   732.430  1044.906
2026-05-29 04:09:55.048: [ERROR][Attempt 0/10][Retry in 114 ms] SdkError: Internal server error: exceptions::mutation_write_timeout_exception (Failed to accept proposal(3fa1e6f8-5b14-11f1-2426-117d2c4876f0) for alternator_latte_hot_partition.latte_hot_partition: write timeout due to uncertainty. Replica errors: )
2026-05-29 04:09:55.325: [ERROR][Attempt 0/10][Retry in 75 ms] SdkError: Internal server error: exceptions::mutation_write_timeout_exception (Failed to accept proposal(3fcf6fa6-5b14-11f1-aa8d-968a3d0499f0) for alternator_latte_hot_partition.latte_hot_partition: write timeout due to uncertainty. Replica errors: )
2026-05-29 04:09:55.245: [ERROR][Attempt 0/10][Retry in 90 ms] SdkError: Internal server error: exceptions::mutation_write_timeout_exception (Failed to accept proposal(3fc296e6-5b14-11f1-6920-0c2ce8b31fe8) for alternator_latte_hot_partition.latte_hot_partition: write timeout due to uncertainty. Replica errors: )
2026-05-29 04:09:54.869: [ERROR][Attempt 0/10][Retry in 123 ms] SdkError: Internal server error: exceptions::mutation_write_timeout_exception (Failed to accept proposal(3f896b46-5b14-11f1-18cb-253932a68a5a) for alternator_latte_hot_partition.latte_hot_partition: write timeout due to uncertainty. Replica errors: )
2026-05-29 04:09:54.885: [ERROR][Attempt 1/10][Retry in 172 ms] SdkError: Internal server error: exceptions::mutation_write_timeout_exception (Failed to accept proposal(3f8bf640-5b14-11f1-8e06-557a382ad1c1) for alternator_latte_hot_partition.latte_hot_partition: write timeout due to uncertainty. Replica errors: )
...number of dropped error messages per sampling period: 126
  69.001      4044         0      4046           0.366    11.338    84.935   193.331   281.018   485.491   726.139  1009.254
2026-05-29 04:09:55.963: [ERROR][Attempt 0/10][Retry in 75 ms] SdkError: Internal server error: exceptions::mutation_write_timeout_exception (Failed to accept proposal(40300d84-5b14-11f1-4472-eb279be13510) for alternator_latte_hot_partition.latte_hot_partition: write timeout due to uncertainty. Replica errors: )
2026-05-29 04:09:56.087: [ERROR][Attempt 0/10][Retry in 92 ms] SdkError: Internal server error: exceptions::mutation_write_timeout_exception (Failed to accept proposal(4043812a-5b14-11f1-67f8-f624a19cad0a) for alternator_latte_hot_partition.latte_hot_partition: write timeout due to uncertainty. Replica errors: )
2026-05-29 04:09:56.713: [ERROR][Attempt 0/10][Retry in 61 ms] SdkError: Internal server error: exceptions::mutation_write_timeout_exception (Failed to accept proposal(40a2b7a8-5b14-11f1-0ab3-d4a4a0ac35bc) for alternator_latte_hot_partition.latte_hot_partition: write timeout due to uncertainty. Replica errors: )
2026-05-29 04:09:55.877: [ERROR][Attempt 0/10][Retry in 71 ms] SdkError: Internal server error: exceptions::mutation_write_timeout_exception (Failed to accept proposal(4022d09c-5b14-11f1-139c-633d8e3b40df) for alternator_latte_hot_partition.latte_hot_partition: write timeout due to uncertainty. Replica errors: )
2026-05-29 04:09:56.113: [ERROR][Attempt 0/10][Retry in 70 ms] SdkError: Internal server error: exceptions::mutation_write_timeout_exception (Failed to accept proposal(4046628c-5b14-11f1-975c-688b6338e460) for alternator_latte_hot_partition.latte_hot_partition: write timeout due to uncertainty. Replica errors: )
...number of dropped error messages per sampling period: 109
  70.001      3917         0      3916           0.357    10.895    86.835   187.695   295.961   576.193   756.023  1138.754
2026-05-29 04:09:57.462: [ERROR][Attempt 0/10][Retry in 98 ms] SdkError: Internal server error: exceptions::mutation_write_timeout_exception (Failed to accept proposal(4112b594-5b14-11f1-c02a-883c824cc9fe) for alternator_latte_hot_partition.latte_hot_partition: write timeout due to uncertainty. Replica errors: )
2026-05-29 04:09:56.870: [ERROR][Attempt 0/10][Retry in 139 ms] SdkError: Internal server error: exceptions::mutation_write_timeout_exception (Failed to accept proposal(40ba596c-5b14-11f1-06a3-358b86c070e1) for alternator_latte_hot_partition.latte_hot_partition: write timeout due to uncertainty. Replica errors: )
2026-05-29 04:09:57.015: [ERROR][Attempt 0/10][Retry in 130 ms] SdkError: Internal server error: exceptions::mutation_write_timeout_exception (Failed to accept proposal(40d0d926-5b14-11f1-78c4-ef0a2d6e2292) for alternator_latte_hot_partition.latte_hot_partition: write timeout due to uncertainty. Replica errors: )
2026-05-29 04:09:56.803: [ERROR][Attempt 0/10][Retry in 135 ms] SdkError: Internal server error: exceptions::mutation_write_timeout_exception (Failed to accept proposal(40b0a9d0-5b14-11f1-2771-4d1ef45abee1) for alternator_latte_hot_partition.latte_hot_partition: write timeout due to uncertainty. Replica errors: )
2026-05-29 04:09:57.609: [ERROR][Attempt 0/10][Retry in 97 ms] SdkError: Internal server error: exceptions::mutation_write_timeout_exception (Failed to accept proposal(412b6a58-5b14-11f1-6b58-c7443e70a8e6) for alternator_latte_hot_partition.latte_hot_partition: write timeout due to uncertainty. Replica errors: )
...number of dropped error messages per sampling period: 106
  71.001      4144         0      4144           0.402     9.847    84.607   185.205   272.630   487.326   725.090  1203.765
2026-05-29 04:09:58.369: [ERROR][Attempt 0/10][Retry in 86 ms] SdkError: Internal server error: exceptions::mutation_write_timeout_exception (Failed to accept proposal(419f1228-5b14-11f1-f342-55a9a261c426) for alternator_latte_hot_partition.latte_hot_partition: write timeout due to uncertainty. Replica errors: )
2026-05-29 04:09:58.361: [ERROR][Attempt 0/10][Retry in 118 ms] SdkError: Internal server error: exceptions::mutation_write_timeout_exception (Failed to accept proposal(419e851a-5b14-11f1-3e9c-f089f1d29134) for alternator_latte_hot_partition.latte_hot_partition: write timeout due to uncertainty. Replica errors: )
2026-05-29 04:09:58.676: [ERROR][Attempt 0/10][Retry in 128 ms] SdkError: Internal server error: exceptions::mutation_write_timeout_exception (Failed to accept proposal(41ceb85c-5b14-11f1-da91-24dfa27f8250) for alternator_latte_hot_partition.latte_hot_partition: write timeout due to uncertainty. Replica errors: )
2026-05-29 04:09:58.605: [ERROR][Attempt 0/10][Retry in 117 ms] SdkError: Internal server error: exceptions::mutation_write_timeout_exception (Failed to accept proposal(41c38fd6-5b14-11f1-b513-5ce9216f608a) for alternator_latte_hot_partition.latte_hot_partition: write timeout due to uncertainty. Replica errors: )
2026-05-29 04:09:58.571: [ERROR][Attempt 0/10][Retry in 132 ms] SdkError: Internal server error: exceptions::mutation_write_timeout_exception (Failed to accept proposal(41bdd5f0-5b14-11f1-87c3-495facb62121) for alternator_latte_hot_partition.latte_hot_partition: write timeout due to uncertainty. Replica errors: )
...number of dropped error messages per sampling period: 114
  72.002      3943         0      3943           0.388    10.781    85.590   187.040   287.834   530.579   793.772   926.417
2026-05-29 04:09:58.884: [ERROR][Attempt 0/10][Retry in 122 ms] SdkError: Internal server error: exceptions::mutation_write_timeout_exception (Failed to accept proposal(41ee52a2-5b14-11f1-618d-7dbf26f7c53e) for alternator_latte_hot_partition.latte_hot_partition: write timeout due to uncertainty. Replica errors: )
2026-05-29 04:09:58.981: [ERROR][Attempt 0/10][Retry in 113 ms] SdkError: Internal server error: exceptions::mutation_write_timeout_exception (Failed to accept proposal(41fd086a-5b14-11f1-8d14-752ed7921583) for alternator_latte_hot_partition.latte_hot_partition: write timeout due to uncertainty. Replica errors: )
2026-05-29 04:09:59.023: [ERROR][Attempt 0/10][Retry in 128 ms] SdkError: Internal server error: exceptions::mutation_write_timeout_exception (Failed to accept proposal(420341da-5b14-11f1-d258-ab245d36b873) for alternator_latte_hot_partition.latte_hot_partition: write timeout due to uncertainty. Replica errors: )
2026-05-29 04:09:58.856: [ERROR][Attempt 0/10][Retry in 61 ms] SdkError: Internal server error: exceptions::mutation_write_timeout_exception (Failed to accept proposal(41e9e942-5b14-11f1-9c54-d71f8695af89) for alternator_latte_hot_partition.latte_hot_partition: write timeout due to uncertainty. Replica errors: )
2026-05-29 04:09:59.017: [ERROR][Attempt 0/10][Retry in 79 ms] SdkError: Internal server error: exceptions::mutation_write_timeout_exception (Failed to accept proposal(4202066c-5b14-11f1-70ae-18505d5e3a1e) for alternator_latte_hot_partition.latte_hot_partition: write timeout due to uncertainty. Replica errors: )
...number of dropped error messages per sampling period: 113
  73.001      4194         0      4194           0.329    10.043    85.721   174.457   270.270   523.764   784.859  1433.403
2026-05-29 04:10:00.163: [ERROR][Attempt 0/10][Retry in 95 ms] SdkError: Internal server error: exceptions::mutation_write_timeout_exception (Failed to accept proposal(42af5b3c-5b14-11f1-d373-60b1fcdd4ed3) for alternator_latte_hot_partition.latte_hot_partition: write timeout due to uncertainty. Replica errors: )
2026-05-29 04:09:59.948: [ERROR][Attempt 0/10][Retry in 121 ms] SdkError: Internal server error: exceptions::mutation_write_timeout_exception (Failed to accept proposal(42901222-5b14-11f1-8828-79f52c5867d8) for alternator_latte_hot_partition.latte_hot_partition: write timeout due to uncertainty. Replica errors: )
2026-05-29 04:10:00.301: [ERROR][Attempt 0/10][Retry in 112 ms] SdkError: Internal server error: exceptions::mutation_write_timeout_exception (Failed to accept proposal(42c655bc-5b14-11f1-da93-0adb08aa582c) for alternator_latte_hot_partition.latte_hot_partition: write timeout due to uncertainty. Replica errors: )
2026-05-29 04:09:59.772: [ERROR][Attempt 0/10][Retry in 79 ms] SdkError: Internal server error: exceptions::mutation_write_timeout_exception (Failed to accept proposal(4274e39e-5b14-11f1-2b7e-1d7be9b93c89) for alternator_latte_hot_partition.latte_hot_partition: write timeout due to uncertainty. Replica errors: )
2026-05-29 04:10:00.418: [ERROR][Attempt 0/10][Retry in 54 ms] SdkError: Internal server error: exceptions::mutation_write_timeout_exception (Failed to accept proposal(42d7f880-5b14-11f1-596e-0c4af5929d04) for alternator_latte_hot_partition.latte_hot_partition: write timeout due to uncertainty. Replica errors: )
...number of dropped error messages per sampling period: 110
  74.001      3919         0      3919           0.341    10.011    86.966   212.206   294.388   514.851   868.221  1620.050
2026-05-29 04:10:01.590: [ERROR][Attempt 0/10][Retry in 119 ms] SdkError: Internal server error: exceptions::mutation_write_timeout_exception (Failed to accept proposal(438a2d66-5b14-11f1-f26b-f5ae0f181bfe) for alternator_latte_hot_partition.latte_hot_partition: write timeout due to uncertainty. Replica errors: )
2026-05-29 04:10:00.769: [ERROR][Attempt 0/10][Retry in 122 ms] SdkError: Internal server error: exceptions::mutation_write_timeout_exception (Failed to accept proposal(430e0588-5b14-11f1-78e2-f965d2761dfe) for alternator_latte_hot_partition.latte_hot_partition: write timeout due to uncertainty. Replica errors: )
2026-05-29 04:10:01.166: [ERROR][Attempt 0/10][Retry in 82 ms] SdkError: Internal server error: exceptions::mutation_write_timeout_exception (Failed to accept proposal(4349c8a2-5b14-11f1-4a7b-b31521d617e8) for alternator_latte_hot_partition.latte_hot_partition: write timeout due to uncertainty. Replica errors: )
2026-05-29 04:10:01.058: [ERROR][Attempt 0/10][Retry in 120 ms] SdkError: Internal server error: exceptions::mutation_write_timeout_exception (Failed to accept proposal(4339432e-5b14-11f1-a0da-24ed75dd445b) for alternator_latte_hot_partition.latte_hot_partition: write timeout due to uncertainty. Replica errors: )
2026-05-29 04:10:01.599: [ERROR][Attempt 0/10][Retry in 101 ms] SdkError: Internal server error: exceptions::mutation_write_timeout_exception (Failed to accept proposal(438c1694-5b14-11f1-d9a2-777bf71567a3) for alternator_latte_hot_partition.latte_hot_partition: write timeout due to uncertainty. Replica errors: )
...number of dropped error messages per sampling period: 106
  75.002      3891         0      3891           0.361    11.715    87.818   203.948   301.203   511.967   750.780   834.666
2026-05-29 04:10:02.343: [ERROR][Attempt 0/10][Retry in 125 ms] SdkError: Internal server error: exceptions::mutation_write_timeout_exception (Failed to accept proposal(43fde24c-5b14-11f1-74d4-96a803dc6305) for alternator_latte_hot_partition.latte_hot_partition: write timeout due to uncertainty. Replica errors: )
2026-05-29 04:10:01.866: [ERROR][Attempt 0/10][Retry in 94 ms] SdkError: Internal server error: exceptions::mutation_write_timeout_exception (Failed to accept proposal(43b34c28-5b14-11f1-f6a8-d8e9f5adb214) for alternator_latte_hot_partition.latte_hot_partition: write timeout due to uncertainty. Replica errors: )
2026-05-29 04:10:01.994: [ERROR][Attempt 0/10][Retry in 115 ms] SdkError: Internal server error: exceptions::mutation_write_timeout_exception (Failed to accept proposal(43c75588-5b14-11f1-92d4-8eb69c8327d0) for alternator_latte_hot_partition.latte_hot_partition: write timeout due to uncertainty. Replica errors: )
2026-05-29 04:10:01.911: [ERROR][Attempt 0/10][Retry in 70 ms] SdkError: Internal server error: exceptions::mutation_write_timeout_exception (Failed to accept proposal(43bbfec2-5b14-11f1-1303-f950a874b615) for alternator_latte_hot_partition.latte_hot_partition: write timeout due to uncertainty. Replica errors: )
2026-05-29 04:10:02.132: [ERROR][Attempt 0/10][Retry in 147 ms] SdkError: Internal server error: exceptions::mutation_write_timeout_exception (Failed to accept proposal(43dd348e-5b14-11f1-72a4-629e9c63cf24) for alternator_latte_hot_partition.latte_hot_partition: write timeout due to uncertainty. Replica errors: )
...number of dropped error messages per sampling period: 106
  76.001      3842         0      3842           0.385    10.879    88.015   202.637   287.834   496.501   904.397  1193.279
2026-05-29 04:10:03.211: [ERROR][Attempt 0/10][Retry in 130 ms] SdkError: Internal server error: exceptions::mutation_write_timeout_exception (Failed to accept proposal(44828d4e-5b14-11f1-ec34-f940737e138c) for alternator_latte_hot_partition.latte_hot_partition: write timeout due to uncertainty. Replica errors: )
2026-05-29 04:10:03.127: [ERROR][Attempt 0/10][Retry in 64 ms] SdkError: Internal server error: exceptions::mutation_write_timeout_exception (Failed to accept proposal(44755390-5b14-11f1-41d4-b2df7ea51435) for alternator_latte_hot_partition.latte_hot_partition: write timeout due to uncertainty. Replica errors: )
2026-05-29 04:10:03.166: [ERROR][Attempt 0/10][Retry in 130 ms] SdkError: Internal server error: exceptions::mutation_write_timeout_exception (Failed to accept proposal(447b1d66-5b14-11f1-7f65-2d716d42b7f8) for alternator_latte_hot_partition.latte_hot_partition: write timeout due to uncertainty. Replica errors: )
2026-05-29 04:10:03.437: [ERROR][Attempt 0/10][Retry in 91 ms] SdkError: Internal server error: exceptions::mutation_write_timeout_exception (Failed to accept proposal(44a4c5da-5b14-11f1-285c-0e8d873bff20) for alternator_latte_hot_partition.latte_hot_partition: write timeout due to uncertainty. Replica errors: )
2026-05-29 04:10:02.854: [ERROR][Attempt 0/10][Retry in 89 ms] SdkError: Internal server error: exceptions::mutation_write_timeout_exception (Failed to accept proposal(444bb238-5b14-11f1-a6a2-f1e560958fba) for alternator_latte_hot_partition.latte_hot_partition: write timeout due to uncertainty. Replica errors: )
...number of dropped error messages per sampling period: 111
  77.001      3773         0      3773           0.354     9.724    86.049   191.627   271.319   680.526   959.447  1071.120
2026-05-29 04:10:04.045: [ERROR][Attempt 0/10][Retry in 53 ms] SdkError: Internal server error: exceptions::mutation_write_timeout_exception (Failed to accept proposal(45019b70-5b14-11f1-8905-0b905605551b) for alternator_latte_hot_partition.latte_hot_partition: write timeout due to uncertainty. Replica errors: )
2026-05-29 04:10:04.140: [ERROR][Attempt 0/10][Retry in 65 ms] SdkError: Internal server error: exceptions::mutation_write_timeout_exception (Failed to accept proposal(45103630-5b14-11f1-3820-51247ac918b0) for alternator_latte_hot_partition.latte_hot_partition: write timeout due to uncertainty. Replica errors: )
2026-05-29 04:10:03.765: [ERROR][Attempt 0/10][Retry in 92 ms] SdkError: Internal server error: exceptions::mutation_write_timeout_exception (Failed to accept proposal(44d5eb60-5b14-11f1-56bb-d9438f0d5d0f) for alternator_latte_hot_partition.latte_hot_partition: write timeout due to uncertainty. Replica errors: )
2026-05-29 04:10:04.166: [ERROR][Attempt 0/10][Retry in 103 ms] SdkError: Internal server error: exceptions::mutation_write_timeout_exception (Failed to accept proposal(451423d0-5b14-11f1-e218-b4efd84968a3) for alternator_latte_hot_partition.latte_hot_partition: write timeout due to uncertainty. Replica errors: )
2026-05-29 04:10:04.084: [ERROR][Attempt 0/10][Retry in 135 ms] SdkError: Internal server error: exceptions::mutation_write_timeout_exception (Failed to accept proposal(4506b16e-5b14-11f1-06fa-280c92e698f0) for alternator_latte_hot_partition.latte_hot_partition: write timeout due to uncertainty. Replica errors: )
...number of dropped error messages per sampling period: 99
  78.001      4134         0      4134           0.361    11.010    81.199   167.117   260.571   747.635  1051.722  1950.351
2026-05-29 04:10:05.169: [ERROR][Attempt 0/10][Retry in 111 ms] SdkError: Internal server error: exceptions::mutation_write_timeout_exception (Failed to accept proposal(45acdfee-5b14-11f1-7e3d-b32cfa19d0d9) for alternator_latte_hot_partition.latte_hot_partition: write timeout due to uncertainty. Replica errors: )
2026-05-29 04:10:05.062: [ERROR][Attempt 0/10][Retry in 126 ms] SdkError: Internal server error: exceptions::mutation_write_timeout_exception (Failed to accept proposal(459b5134-5b14-11f1-2d80-f1cbfa197c8d) for alternator_latte_hot_partition.latte_hot_partition: write timeout due to uncertainty. Replica errors: )
2026-05-29 04:10:05.025: [ERROR][Attempt 0/10][Retry in 109 ms] SdkError: Internal server error: exceptions::mutation_write_timeout_exception (Failed to accept proposal(4596f008-5b14-11f1-f792-ebdfc85310f7) for alternator_latte_hot_partition.latte_hot_partition: write timeout due to uncertainty. Replica errors: )
2026-05-29 04:10:05.138: [ERROR][Attempt 0/10][Retry in 83 ms] SdkError: Internal server error: exceptions::mutation_write_timeout_exception (Failed to accept proposal(45a8d3ae-5b14-11f1-75e3-054e097fee5f) for alternator_latte_hot_partition.latte_hot_partition: write timeout due to uncertainty. Replica errors: )
2026-05-29 04:10:05.499: [ERROR][Attempt 0/10][Retry in 110 ms] SdkError: Internal server error: exceptions::mutation_write_timeout_exception (Failed to accept proposal(45df04b0-5b14-11f1-35c1-37167da791bd) for alternator_latte_hot_partition.latte_hot_partition: write timeout due to uncertainty. Replica errors: )
...number of dropped error messages per sampling period: 88
  79.001      3787         0      3787           0.388    11.616    84.673   181.535   289.669   629.670   868.745  1690.305
2026-05-29 04:10:05.910: [ERROR][Attempt 0/10][Retry in 106 ms] SdkError: Internal server error: exceptions::mutation_write_timeout_exception (Failed to accept proposal(461df29c-5b14-11f1-dfc5-464680ca8753) for alternator_latte_hot_partition.latte_hot_partition: write timeout due to uncertainty. Replica errors: )
2026-05-29 04:10:06.750: [ERROR][Attempt 0/10][Retry in 127 ms] SdkError: Internal server error: exceptions::mutation_write_timeout_exception (Failed to accept proposal(469e80ce-5b14-11f1-73ed-42227aff1ddd) for alternator_latte_hot_partition.latte_hot_partition: write timeout due to uncertainty. Replica errors: )
2026-05-29 04:10:06.526: [ERROR][Attempt 0/10][Retry in 99 ms] SdkError: Internal server error: exceptions::mutation_write_timeout_exception (Failed to accept proposal(467c48ba-5b14-11f1-75ea-160a827e4b7f) for alternator_latte_hot_partition.latte_hot_partition: write timeout due to uncertainty. Replica errors: )
2026-05-29 04:10:06.558: [ERROR][Attempt 0/10][Retry in 101 ms] SdkError: Internal server error: exceptions::mutation_write_timeout_exception (Failed to accept proposal(46815c24-5b14-11f1-5b77-da1b03a00267) for alternator_latte_hot_partition.latte_hot_partition: write timeout due to uncertainty. Replica errors: )
2026-05-29 04:10:06.256: [ERROR][Attempt 0/10][Retry in 93 ms] SdkError: Internal server error: exceptions::mutation_write_timeout_exception (Failed to accept proposal(46532dea-5b14-11f1-22b1-699033f1c585) for alternator_latte_hot_partition.latte_hot_partition: write timeout due to uncertainty. Replica errors: )
...number of dropped error messages per sampling period: 112
  80.001      3909         0      3909           0.364     8.790    68.944   189.006   334.234   685.769  1046.479  1454.375
2026-05-29 04:10:07.285: [ERROR][Attempt 0/10][Retry in 61 ms] SdkError: Internal server error: exceptions::mutation_write_timeout_exception (Failed to accept proposal(46efc178-5b14-11f1-32c8-5ebbc1cf16a2) for alternator_latte_hot_partition.latte_hot_partition: write timeout due to uncertainty. Replica errors: )
2026-05-29 04:10:07.368: [ERROR][Attempt 0/10][Retry in 102 ms] SdkError: Internal server error: exceptions::mutation_write_timeout_exception (Failed to accept proposal(46fca3ca-5b14-11f1-9ed4-a21fbfa8ccb2) for alternator_latte_hot_partition.latte_hot_partition: write timeout due to uncertainty. Replica errors: )
2026-05-29 04:10:06.940: [ERROR][Attempt 0/10][Retry in 87 ms] SdkError: Internal server error: exceptions::mutation_write_timeout_exception (Failed to accept proposal(46bb503c-5b14-11f1-2c21-f07644a1a1f7) for alternator_latte_hot_partition.latte_hot_partition: write timeout due to uncertainty. Replica errors: )
2026-05-29 04:10:06.855: [ERROR][Attempt 0/10][Retry in 119 ms] SdkError: Internal server error: exceptions::mutation_write_timeout_exception (Failed to accept proposal(46ae4388-5b14-11f1-d1bf-741f0f8aabc0) for alternator_latte_hot_partition.latte_hot_partition: write timeout due to uncertainty. Replica errors: )
2026-05-29 04:10:06.919: [ERROR][Attempt 0/10][Retry in 103 ms] SdkError: Internal server error: exceptions::mutation_write_timeout_exception (Failed to accept proposal(46b85a08-5b14-11f1-3d3e-2a2fd9ac3f3e) for alternator_latte_hot_partition.latte_hot_partition: write timeout due to uncertainty. Replica errors: )
...number of dropped error messages per sampling period: 107
  81.001      4087         0      4087           0.376     9.789    84.148   179.044   283.902   534.774   801.112   826.802
2026-05-29 04:10:07.860: [ERROR][Attempt 0/10][Retry in 127 ms] SdkError: Internal server error: exceptions::mutation_write_timeout_exception (Failed to accept proposal(4747a2b2-5b14-11f1-202d-9bfe9647b6c0) for alternator_latte_hot_partition.latte_hot_partition: write timeout due to uncertainty. Replica errors: )
2026-05-29 04:10:08.349: [ERROR][Attempt 0/10][Retry in 74 ms] SdkError: Internal server error: exceptions::mutation_write_timeout_exception (Failed to accept proposal(4792989e-5b14-11f1-3f5d-2962a7f1dd59) for alternator_latte_hot_partition.latte_hot_partition: write timeout due to uncertainty. Replica errors: )
2026-05-29 04:10:08.088: [ERROR][Attempt 0/10][Retry in 140 ms] SdkError: Internal server error: exceptions::mutation_write_timeout_exception (Failed to accept proposal(476ac210-5b14-11f1-1c34-51eea1864cee) for alternator_latte_hot_partition.latte_hot_partition: write timeout due to uncertainty. Replica errors: )
2026-05-29 04:10:08.115: [ERROR][Attempt 0/10][Retry in 110 ms] SdkError: Internal server error: exceptions::mutation_write_timeout_exception (Failed to accept proposal(476da8d6-5b14-11f1-8064-6b7257d0b3b7) for alternator_latte_hot_partition.latte_hot_partition: write timeout due to uncertainty. Replica errors: )
2026-05-29 04:10:07.923: [ERROR][Attempt 0/10][Retry in 70 ms] SdkError: Internal server error: exceptions::mutation_write_timeout_exception (Failed to accept proposal(47513958-5b14-11f1-ce23-de537117b162) for alternator_latte_hot_partition.latte_hot_partition: write timeout due to uncertainty. Replica errors: )
...number of dropped error messages per sampling period: 95
  82.001      4180         0      4180           0.382    10.584    86.704   182.059   256.115   606.601   862.978  1413.480
2026-05-29 04:10:08.998: [ERROR][Attempt 0/10][Retry in 80 ms] SdkError: Internal server error: exceptions::mutation_write_timeout_exception (Failed to accept proposal(47f5a3b2-5b14-11f1-0ab9-1d5b4c9c659e) for alternator_latte_hot_partition.latte_hot_partition: write timeout due to uncertainty. Replica errors: )
2026-05-29 04:10:08.812: [ERROR][Attempt 0/10][Retry in 51 ms] SdkError: Internal server error: exceptions::mutation_write_timeout_exception (Failed to accept proposal(47d93d76-5b14-11f1-abb0-2f999f0fe6a2) for alternator_latte_hot_partition.latte_hot_partition: write timeout due to uncertainty. Replica errors: )
2026-05-29 04:10:09.065: [ERROR][Attempt 0/10][Retry in 72 ms] SdkError: Internal server error: exceptions::mutation_write_timeout_exception (Failed to accept proposal(47fe8824-5b14-11f1-d592-f4f84f62f45a) for alternator_latte_hot_partition.latte_hot_partition: write timeout due to uncertainty. Replica errors: )
2026-05-29 04:10:09.149: [ERROR][Attempt 0/10][Retry in 94 ms] SdkError: Internal server error: exceptions::mutation_write_timeout_exception (Failed to accept proposal(480c77e0-5b14-11f1-afff-52b94ba218a5) for alternator_latte_hot_partition.latte_hot_partition: write timeout due to uncertainty. Replica errors: )
2026-05-29 04:10:09.632: [ERROR][Attempt 0/10][Retry in 80 ms] SdkError: Internal server error: exceptions::mutation_write_timeout_exception (Failed to accept proposal(4856126a-5b14-11f1-2dd6-e53010af0f86) for alternator_latte_hot_partition.latte_hot_partition: write timeout due to uncertainty. Replica errors: )
...number of dropped error messages per sampling period: 122
  83.001      4060         0      4061           0.386     9.560    82.510   187.302   285.475   472.646   687.342  1344.274
2026-05-29 04:10:09.875: [ERROR][Attempt 0/10][Retry in 139 ms] SdkError: Internal server error: exceptions::mutation_write_timeout_exception (Failed to accept proposal(487b4da0-5b14-11f1-b8e7-0ce79e9ae7a3) for alternator_latte_hot_partition.latte_hot_partition: write timeout due to uncertainty. Replica errors: )
2026-05-29 04:10:10.727: [ERROR][Attempt 0/10][Retry in 71 ms] SdkError: Internal server error: exceptions::mutation_write_timeout_exception (Failed to accept proposal(48fd3b4e-5b14-11f1-79cb-bc32d6169155) for alternator_latte_hot_partition.latte_hot_partition: write timeout due to uncertainty. Replica errors: )
2026-05-29 04:10:09.867: [ERROR][Attempt 0/10][Retry in 109 ms] SdkError: Internal server error: exceptions::mutation_write_timeout_exception (Failed to accept proposal(487a0a9e-5b14-11f1-51f1-aa49278dea39) for alternator_latte_hot_partition.latte_hot_partition: write timeout due to uncertainty. Replica errors: )
2026-05-29 04:10:10.196: [ERROR][Attempt 0/10][Retry in 81 ms] SdkError: Internal server error: exceptions::mutation_write_timeout_exception (Failed to accept proposal(48ac4946-5b14-11f1-835c-7ffe98d73ac7) for alternator_latte_hot_partition.latte_hot_partition: write timeout due to uncertainty. Replica errors: )
2026-05-29 04:10:09.907: [ERROR][Attempt 0/10][Retry in 136 ms] SdkError: Internal server error: exceptions::mutation_write_timeout_exception (Failed to accept proposal(487f5d1e-5b14-11f1-b268-ea3feff41799) for alternator_latte_hot_partition.latte_hot_partition: write timeout due to uncertainty. Replica errors: )
...number of dropped error messages per sampling period: 112
  84.001      3840         0      3840           0.342    11.420    90.833   202.637   302.252   511.705   832.569  1226.834
2026-05-29 04:10:11.117: [ERROR][Attempt 0/10][Retry in 102 ms] SdkError: Internal server error: exceptions::mutation_write_timeout_exception (Failed to accept proposal(4938cf6a-5b14-11f1-9884-9262e8b39c1d) for alternator_latte_hot_partition.latte_hot_partition: write timeout due to uncertainty. Replica errors: )
2026-05-29 04:10:11.238: [ERROR][Attempt 0/10][Retry in 80 ms] SdkError: Internal server error: exceptions::mutation_write_timeout_exception (Failed to accept proposal(494b383a-5b14-11f1-dd60-37aa9d4eef1b) for alternator_latte_hot_partition.latte_hot_partition: write timeout due to uncertainty. Replica errors: )
2026-05-29 04:10:11.339: [ERROR][Attempt 0/10][Retry in 149 ms] SdkError: Internal server error: exceptions::mutation_write_timeout_exception (Failed to accept proposal(495a249e-5b14-11f1-cf7f-4113c3f5d0c7) for alternator_latte_hot_partition.latte_hot_partition: write timeout due to uncertainty. Replica errors: )
2026-05-29 04:10:11.139: [ERROR][Attempt 0/10][Retry in 73 ms] SdkError: Internal server error: exceptions::mutation_write_timeout_exception (Failed to accept proposal(493bdd36-5b14-11f1-e566-3625fc754886) for alternator_latte_hot_partition.latte_hot_partition: write timeout due to uncertainty. Replica errors: )
2026-05-29 04:10:10.789: [ERROR][Attempt 0/10][Retry in 87 ms] SdkError: Internal server error: exceptions::mutation_write_timeout_exception (Failed to accept proposal(4906d884-5b14-11f1-dd94-c2864120a2ac) for alternator_latte_hot_partition.latte_hot_partition: write timeout due to uncertainty. Replica errors: )
...number of dropped error messages per sampling period: 126
  85.001      4076         0      4076           0.391    10.854    80.806   185.074   279.970   520.618   813.695  1006.109
2026-05-29 04:10:12.263: [ERROR][Attempt 0/10][Retry in 96 ms] SdkError: Internal server error: exceptions::mutation_write_timeout_exception (Failed to accept proposal(49e75bfc-5b14-11f1-05af-d43bee24fcc5) for alternator_latte_hot_partition.latte_hot_partition: write timeout due to uncertainty. Replica errors: )
2026-05-29 04:10:11.804: [ERROR][Attempt 0/10][Retry in 133 ms] SdkError: Internal server error: exceptions::mutation_write_timeout_exception (Failed to accept proposal(49a190cc-5b14-11f1-594d-45ca6770badf) for alternator_latte_hot_partition.latte_hot_partition: write timeout due to uncertainty. Replica errors: )
2026-05-29 04:10:11.934: [ERROR][Attempt 0/10][Retry in 81 ms] SdkError: Internal server error: exceptions::mutation_write_timeout_exception (Failed to accept proposal(49b56066-5b14-11f1-6580-433119d0d71e) for alternator_latte_hot_partition.latte_hot_partition: write timeout due to uncertainty. Replica errors: )
2026-05-29 04:10:12.084: [ERROR][Attempt 0/10][Retry in 110 ms] SdkError: Internal server error: exceptions::mutation_write_timeout_exception (Failed to accept proposal(49cc5046-5b14-11f1-fc01-2449edd8095a) for alternator_latte_hot_partition.latte_hot_partition: write timeout due to uncertainty. Replica errors: )
2026-05-29 04:10:12.020: [ERROR][Attempt 0/10][Retry in 104 ms] SdkError: Internal server error: exceptions::mutation_write_timeout_exception (Failed to accept proposal(49c2ab0e-5b14-11f1-5470-bbf10d6fa81b) for alternator_latte_hot_partition.latte_hot_partition: write timeout due to uncertainty. Replica errors: )
...number of dropped error messages per sampling period: 128
  86.001      4003         0      4002           0.370    10.682    85.721   185.336   273.940   473.432   763.888   817.889
2026-05-29 04:10:13.368: [ERROR][Attempt 0/10][Retry in 130 ms] SdkError: Internal server error: exceptions::mutation_write_timeout_exception (Failed to accept proposal(4a8fecd6-5b14-11f1-f33d-b27d3809e866) for alternator_latte_hot_partition.latte_hot_partition: write timeout due to uncertainty. Replica errors: )
2026-05-29 04:10:13.329: [ERROR][Attempt 0/10][Retry in 132 ms] SdkError: Internal server error: exceptions::mutation_write_timeout_exception (Failed to accept proposal(4a899e76-5b14-11f1-e007-31afbafa1ecd) for alternator_latte_hot_partition.latte_hot_partition: write timeout due to uncertainty. Replica errors: )
2026-05-29 04:10:13.056: [ERROR][Attempt 0/10][Retry in 126 ms] SdkError: Internal server error: exceptions::mutation_write_timeout_exception (Failed to accept proposal(4a5ff986-5b14-11f1-0e6d-4a88970fc9e3) for alternator_latte_hot_partition.latte_hot_partition: write timeout due to uncertainty. Replica errors: )
2026-05-29 04:10:13.307: [ERROR][Attempt 0/10][Retry in 79 ms] SdkError: Internal server error: exceptions::mutation_write_timeout_exception (Failed to accept proposal(4a86d150-5b14-11f1-a97c-34f2b12acc55) for alternator_latte_hot_partition.latte_hot_partition: write timeout due to uncertainty. Replica errors: )
2026-05-29 04:10:13.092: [ERROR][Attempt 0/10][Retry in 145 ms] SdkError: Internal server error: exceptions::mutation_write_timeout_exception (Failed to accept proposal(4a661cda-5b14-11f1-545d-acccf2377900) for alternator_latte_hot_partition.latte_hot_partition: write timeout due to uncertainty. Replica errors: )
...number of dropped error messages per sampling period: 101
  87.002      4031         0      4031           0.368    10.379    83.886   195.822   286.786   536.347   806.879  1261.437
2026-05-29 04:10:13.836: [ERROR][Attempt 0/10][Retry in 52 ms] SdkError: Internal server error: exceptions::mutation_write_timeout_exception (Failed to accept proposal(4ad7e996-5b14-11f1-d11a-4c816bd71229) for alternator_latte_hot_partition.latte_hot_partition: write timeout due to uncertainty. Replica errors: )
2026-05-29 04:10:13.974: [ERROR][Attempt 0/10][Retry in 115 ms] SdkError: Internal server error: exceptions::mutation_write_timeout_exception (Failed to accept proposal(4aece1a2-5b14-11f1-8544-3bb44a2f0450) for alternator_latte_hot_partition.latte_hot_partition: write timeout due to uncertainty. Replica errors: )
2026-05-29 04:10:14.125: [ERROR][Attempt 0/10][Retry in 102 ms] SdkError: Internal server error: exceptions::mutation_write_timeout_exception (Failed to accept proposal(4b039082-5b14-11f1-90b2-81b980b794eb) for alternator_latte_hot_partition.latte_hot_partition: write timeout due to uncertainty. Replica errors: )
2026-05-29 04:10:14.056: [ERROR][Attempt 0/10][Retry in 106 ms] SdkError: Internal server error: exceptions::mutation_write_timeout_exception (Failed to accept proposal(4af955c2-5b14-11f1-e5b3-0a2cc0da6f54) for alternator_latte_hot_partition.latte_hot_partition: write timeout due to uncertainty. Replica errors: )
2026-05-29 04:10:14.397: [ERROR][Attempt 0/10][Retry in 91 ms] SdkError: Internal server error: exceptions::mutation_write_timeout_exception (Failed to accept proposal(4b2d0c00-5b14-11f1-ad0a-8a5a45ec3e3b) for alternator_latte_hot_partition.latte_hot_partition: write timeout due to uncertainty. Replica errors: )
...number of dropped error messages per sampling period: 102
  88.001      4216         0      4216           0.378     8.839    74.318   191.758   316.932   505.676   783.811  1087.373
2026-05-29 04:10:15.318: [ERROR][Attempt 0/10][Retry in 90 ms] SdkError: Internal server error: exceptions::mutation_write_timeout_exception (Failed to accept proposal(4bb9c636-5b14-11f1-a22a-5f276e420e5c) for alternator_latte_hot_partition.latte_hot_partition: write timeout due to uncertainty. Replica errors: )
2026-05-29 04:10:15.366: [ERROR][Attempt 0/10][Retry in 77 ms] SdkError: Internal server error: exceptions::mutation_write_timeout_exception (Failed to accept proposal(4bc05780-5b14-11f1-4511-1d071117892f) for alternator_latte_hot_partition.latte_hot_partition: write timeout due to uncertainty. Replica errors: )
2026-05-29 04:10:15.063: [ERROR][Attempt 0/10][Retry in 50 ms] SdkError: Internal server error: exceptions::mutation_write_timeout_exception (Failed to accept proposal(4b920a2e-5b14-11f1-2378-cbeab2ed27f1) for alternator_latte_hot_partition.latte_hot_partition: write timeout due to uncertainty. Replica errors: )
2026-05-29 04:10:15.095: [ERROR][Attempt 0/10][Retry in 101 ms] SdkError: Internal server error: exceptions::mutation_write_timeout_exception (Failed to accept proposal(4b97e732-5b14-11f1-2d49-7b005a19103b) for alternator_latte_hot_partition.latte_hot_partition: write timeout due to uncertainty. Replica errors: )
2026-05-29 04:10:15.704: [ERROR][Attempt 0/10][Retry in 74 ms] SdkError: Internal server error: exceptions::mutation_write_timeout_exception (Failed to accept proposal(4bf4afa8-5b14-11f1-c55d-f89b1f6ca359) for alternator_latte_hot_partition.latte_hot_partition: write timeout due to uncertainty. Replica errors: )
...number of dropped error messages per sampling period: 110
  89.001      4000         0      3999           0.377    11.059    80.806   180.093   286.261   545.260  1026.032  1205.862
2026-05-29 04:10:16.510: [ERROR][Attempt 0/10][Retry in 77 ms] SdkError: Internal server error: exceptions::mutation_write_timeout_exception (Failed to accept proposal(4c6fc558-5b14-11f1-dd47-b1ab9e5eeadd) for alternator_latte_hot_partition.latte_hot_partition: write timeout due to uncertainty. Replica errors: )
2026-05-29 04:10:16.402: [ERROR][Attempt 0/10][Retry in 104 ms] SdkError: Internal server error: exceptions::mutation_write_timeout_exception (Failed to accept proposal(4c5f76b2-5b14-11f1-9b89-335f5cc1c839) for alternator_latte_hot_partition.latte_hot_partition: write timeout due to uncertainty. Replica errors: )
2026-05-29 04:10:16.637: [ERROR][Attempt 0/10][Retry in 92 ms] SdkError: Internal server error: exceptions::mutation_write_timeout_exception (Failed to accept proposal(4c82a84e-5b14-11f1-228c-d6ac71fe316d) for alternator_latte_hot_partition.latte_hot_partition: write timeout due to uncertainty. Replica errors: )
2026-05-29 04:10:15.990: [ERROR][Attempt 0/10][Retry in 105 ms] SdkError: Internal server error: exceptions::mutation_write_timeout_exception (Failed to accept proposal(4c207eb2-5b14-11f1-4bb8-ed960660b9d1) for alternator_latte_hot_partition.latte_hot_partition: write timeout due to uncertainty. Replica errors: )
2026-05-29 04:10:15.768: [ERROR][Attempt 0/10][Retry in 141 ms] SdkError: Internal server error: exceptions::mutation_write_timeout_exception (Failed to accept proposal(4bfe8c30-5b14-11f1-84b9-379ec19859b6) for alternator_latte_hot_partition.latte_hot_partition: write timeout due to uncertainty. Replica errors: )
...number of dropped error messages per sampling period: 84
  90.001      4015         0      4015           0.364    10.666    72.679   179.831   285.213   687.866  1036.517  1263.534
2026-05-29 04:10:17.008: [ERROR][Attempt 0/10][Retry in 103 ms] SdkError: Internal server error: exceptions::mutation_write_timeout_exception (Failed to accept proposal(4cba1374-5b14-11f1-1880-a9b1dc85c3e2) for alternator_latte_hot_partition.latte_hot_partition: write timeout due to uncertainty. Replica errors: )
2026-05-29 04:10:16.771: [ERROR][Attempt 0/10][Retry in 115 ms] SdkError: Internal server error: exceptions::mutation_write_timeout_exception (Failed to accept proposal(4c97b81a-5b14-11f1-f187-2dfd654eb68b) for alternator_latte_hot_partition.latte_hot_partition: write timeout due to uncertainty. Replica errors: )
2026-05-29 04:10:17.466: [ERROR][Attempt 0/10][Retry in 78 ms] SdkError: Internal server error: exceptions::mutation_write_timeout_exception (Failed to accept proposal(4d01852e-5b14-11f1-597e-875352970400) for alternator_latte_hot_partition.latte_hot_partition: write timeout due to uncertainty. Replica errors: )
2026-05-29 04:10:17.502: [ERROR][Attempt 0/10][Retry in 83 ms] SdkError: Internal server error: exceptions::mutation_write_timeout_exception (Failed to accept proposal(4d069a96-5b14-11f1-244c-5dfefaedb1de) for alternator_latte_hot_partition.latte_hot_partition: write timeout due to uncertainty. Replica errors: )
2026-05-29 04:10:17.229: [ERROR][Attempt 0/10][Retry in 72 ms] SdkError: Internal server error: exceptions::mutation_write_timeout_exception (Failed to accept proposal(4cdd6f72-5b14-11f1-5dd7-dddc30382019) for alternator_latte_hot_partition.latte_hot_partition: write timeout due to uncertainty. Replica errors: )
...number of dropped error messages per sampling period: 88
  91.001      3812         0      3812           0.361    10.281    75.760   188.088   287.310   675.283   893.911  1168.114
2026-05-29 04:10:18.067: [ERROR][Attempt 0/10][Retry in 140 ms] SdkError: Internal server error: exceptions::mutation_write_timeout_exception (Failed to accept proposal(4d5d075a-5b14-11f1-4a12-c33ee49ab930) for alternator_latte_hot_partition.latte_hot_partition: write timeout due to uncertainty. Replica errors: )
2026-05-29 04:10:18.168: [ERROR][Attempt 0/10][Retry in 56 ms] SdkError: Internal server error: exceptions::mutation_write_timeout_exception (Failed to accept proposal(4d6c6eca-5b14-11f1-c8fb-31e2bffb2312) for alternator_latte_hot_partition.latte_hot_partition: write timeout due to uncertainty. Replica errors: )
2026-05-29 04:10:17.925: [ERROR][Attempt 0/10][Retry in 107 ms] SdkError: Internal server error: exceptions::mutation_write_timeout_exception (Failed to accept proposal(4d47ea82-5b14-11f1-091c-58f63bbb9359) for alternator_latte_hot_partition.latte_hot_partition: write timeout due to uncertainty. Replica errors: )
2026-05-29 04:10:17.772: [ERROR][Attempt 0/10][Retry in 135 ms] SdkError: Internal server error: exceptions::mutation_write_timeout_exception (Failed to accept proposal(4d2fc470-5b14-11f1-270c-6bf743b4961e) for alternator_latte_hot_partition.latte_hot_partition: write timeout due to uncertainty. Replica errors: )
2026-05-29 04:10:18.198: [ERROR][Attempt 0/10][Retry in 88 ms] SdkError: Internal server error: exceptions::mutation_write_timeout_exception (Failed to accept proposal(4d7037c6-5b14-11f1-4978-33754b158915) for alternator_latte_hot_partition.latte_hot_partition: write timeout due to uncertainty. Replica errors: )
...number of dropped error messages per sampling period: 117
  92.001      4054         0      4055           0.382    10.265    80.609   184.156   297.796   650.641  1045.955  1308.623
2026-05-29 04:10:18.845: [ERROR][Attempt 1/10][Retry in 167 ms] SdkError: Internal server error: exceptions::mutation_write_timeout_exception (Failed to accept proposal(4dd3db1e-5b14-11f1-e9d3-75f07abb1463) for alternator_latte_hot_partition.latte_hot_partition: write timeout due to uncertainty. Replica errors: )
2026-05-29 04:10:18.928: [ERROR][Attempt 0/10][Retry in 99 ms] SdkError: Internal server error: exceptions::mutation_write_timeout_exception (Failed to accept proposal(4de0964c-5b14-11f1-554f-83eabcbb7e1e) for alternator_latte_hot_partition.latte_hot_partition: write timeout due to uncertainty. Replica errors: )
2026-05-29 04:10:18.863: [ERROR][Attempt 0/10][Retry in 117 ms] SdkError: Internal server error: exceptions::mutation_write_timeout_exception (Failed to accept proposal(4dd59eb8-5b14-11f1-fbb9-836369f4ae5e) for alternator_latte_hot_partition.latte_hot_partition: write timeout due to uncertainty. Replica errors: )
2026-05-29 04:10:18.972: [ERROR][Attempt 0/10][Retry in 136 ms] SdkError: Internal server error: exceptions::mutation_write_timeout_exception (Failed to accept proposal(4de78484-5b14-11f1-f686-d65f56b5a233) for alternator_latte_hot_partition.latte_hot_partition: write timeout due to uncertainty. Replica errors: )
2026-05-29 04:10:18.761: [ERROR][Attempt 0/10][Retry in 119 ms] SdkError: Internal server error: exceptions::mutation_write_timeout_exception (Failed to accept proposal(4dc75ef2-5b14-11f1-97f9-73308113d42f) for alternator_latte_hot_partition.latte_hot_partition: write timeout due to uncertainty. Replica errors: )
...number of dropped error messages per sampling period: 120
  93.001      4033         0      4032           0.350    10.764    84.673   181.797   273.154   460.063   788.529  1001.914
2026-05-29 04:10:20.106: [ERROR][Attempt 0/10][Retry in 69 ms] SdkError: Internal server error: exceptions::mutation_write_timeout_exception (Failed to accept proposal(4e942f86-5b14-11f1-7cb6-b14891496224) for alternator_latte_hot_partition.latte_hot_partition: write timeout due to uncertainty. Replica errors: )
2026-05-29 04:10:20.571: [ERROR][Attempt 0/10][Retry in 142 ms] SdkError: Internal server error: exceptions::mutation_write_timeout_exception (Failed to accept proposal(4edaba50-5b14-11f1-c401-303997bc47c5) for alternator_latte_hot_partition.latte_hot_partition: write timeout due to uncertainty. Replica errors: )
2026-05-29 04:10:20.074: [ERROR][Attempt 0/10][Retry in 111 ms] SdkError: Internal server error: exceptions::mutation_write_timeout_exception (Failed to accept proposal(4e8f6e1a-5b14-11f1-fe62-c2571a6cca03) for alternator_latte_hot_partition.latte_hot_partition: write timeout due to uncertainty. Replica errors: )
2026-05-29 04:10:20.003: [ERROR][Attempt 0/10][Retry in 149 ms] SdkError: Internal server error: exceptions::mutation_write_timeout_exception (Failed to accept proposal(4e84c154-5b14-11f1-aa55-4d5eeded0dbb) for alternator_latte_hot_partition.latte_hot_partition: write timeout due to uncertainty. Replica errors: )
2026-05-29 04:10:20.489: [ERROR][Attempt 0/10][Retry in 108 ms] SdkError: Internal server error: exceptions::mutation_write_timeout_exception (Failed to accept proposal(4eceb7e6-5b14-11f1-dbb0-f3f2ceb40cca) for alternator_latte_hot_partition.latte_hot_partition: write timeout due to uncertainty. Replica errors: )
...number of dropped error messages per sampling period: 105
  94.001      3919         0      3919           0.368     9.994    80.871   185.991   273.154   588.251   942.670  1021.837
2026-05-29 04:10:21.338: [ERROR][Attempt 0/10][Retry in 95 ms] SdkError: Internal server error: exceptions::mutation_write_timeout_exception (Failed to accept proposal(4f501822-5b14-11f1-8ae4-02de1753c6b7) for alternator_latte_hot_partition.latte_hot_partition: write timeout due to uncertainty. Replica errors: )
2026-05-29 04:10:20.755: [ERROR][Attempt 0/10][Retry in 149 ms] SdkError: Internal server error: exceptions::mutation_write_timeout_exception (Failed to accept proposal(4ef7516a-5b14-11f1-a907-9ecd07d42cb9) for alternator_latte_hot_partition.latte_hot_partition: write timeout due to uncertainty. Replica errors: )
2026-05-29 04:10:21.077: [ERROR][Attempt 0/10][Retry in 96 ms] SdkError: Internal server error: exceptions::mutation_write_timeout_exception (Failed to accept proposal(4f289c48-5b14-11f1-4876-1c195a675f5f) for alternator_latte_hot_partition.latte_hot_partition: write timeout due to uncertainty. Replica errors: )
2026-05-29 04:10:21.001: [ERROR][Attempt 0/10][Retry in 77 ms] SdkError: Internal server error: exceptions::mutation_write_timeout_exception (Failed to accept proposal(4f1ce1f0-5b14-11f1-a0df-1ed08800f473) for alternator_latte_hot_partition.latte_hot_partition: write timeout due to uncertainty. Replica errors: )
2026-05-29 04:10:21.185: [ERROR][Attempt 0/10][Retry in 64 ms] SdkError: Internal server error: exceptions::mutation_write_timeout_exception (Failed to accept proposal(4f385cbe-5b14-11f1-2570-49ef5907c229) for alternator_latte_hot_partition.latte_hot_partition: write timeout due to uncertainty. Replica errors: )
...number of dropped error messages per sampling period: 88
  95.001      3661         0      3661           0.351     8.298    64.160   206.832   387.187   678.429   939.000  1556.087
2026-05-29 04:10:22.112: [ERROR][Attempt 0/10][Retry in 83 ms] SdkError: Internal server error: exceptions::mutation_write_timeout_exception (Failed to accept proposal(4fc5bf14-5b14-11f1-1dd4-52de30eff706) for alternator_latte_hot_partition.latte_hot_partition: write timeout due to uncertainty. Replica errors: )
2026-05-29 04:10:21.872: [ERROR][Attempt 0/10][Retry in 120 ms] SdkError: Internal server error: exceptions::mutation_write_timeout_exception (Failed to accept proposal(4fa1fcbe-5b14-11f1-bd63-ad1dea10b83e) for alternator_latte_hot_partition.latte_hot_partition: write timeout due to uncertainty. Replica errors: )
2026-05-29 04:10:22.446: [ERROR][Attempt 0/10][Retry in 77 ms] SdkError: Internal server error: exceptions::mutation_write_timeout_exception (Failed to accept proposal(4ff94fe6-5b14-11f1-e6ef-7c44c271d868) for alternator_latte_hot_partition.latte_hot_partition: write timeout due to uncertainty. Replica errors: )
2026-05-29 04:10:21.948: [ERROR][Attempt 0/10][Retry in 89 ms] SdkError: Internal server error: exceptions::mutation_write_timeout_exception (Failed to accept proposal(4fad92e0-5b14-11f1-d4b6-7b98cf5f19d9) for alternator_latte_hot_partition.latte_hot_partition: write timeout due to uncertainty. Replica errors: )
2026-05-29 04:10:22.121: [ERROR][Attempt 0/10][Retry in 115 ms] SdkError: Internal server error: exceptions::mutation_write_timeout_exception (Failed to accept proposal(4fc80bfc-5b14-11f1-c60d-25587465b170) for alternator_latte_hot_partition.latte_hot_partition: write timeout due to uncertainty. Replica errors: )
...number of dropped error messages per sampling period: 121
  96.001      3938         0      3939           0.383     9.486    78.447   191.234   320.602   736.625  1138.754  1471.152
2026-05-29 04:10:23.448: [ERROR][Attempt 0/10][Retry in 88 ms] SdkError: Internal server error: exceptions::mutation_write_timeout_exception (Failed to accept proposal(5091dc70-5b14-11f1-ef2f-b8238c7b03d7) for alternator_latte_hot_partition.latte_hot_partition: write timeout due to uncertainty. Replica errors: )
2026-05-29 04:10:23.160: [ERROR][Attempt 0/10][Retry in 100 ms] SdkError: Internal server error: exceptions::mutation_write_timeout_exception (Failed to accept proposal(506672c4-5b14-11f1-3054-bc716b7a4219) for alternator_latte_hot_partition.latte_hot_partition: write timeout due to uncertainty. Replica errors: )
2026-05-29 04:10:23.304: [ERROR][Attempt 0/10][Retry in 103 ms] SdkError: Internal server error: exceptions::mutation_write_timeout_exception (Failed to accept proposal(507c7ff6-5b14-11f1-57f7-2369bbbf162f) for alternator_latte_hot_partition.latte_hot_partition: write timeout due to uncertainty. Replica errors: )
2026-05-29 04:10:22.948: [ERROR][Attempt 0/10][Retry in 95 ms] SdkError: Internal server error: exceptions::mutation_write_timeout_exception (Failed to accept proposal(5045fbb6-5b14-11f1-f4f2-944967ae69c7) for alternator_latte_hot_partition.latte_hot_partition: write timeout due to uncertainty. Replica errors: )
2026-05-29 04:10:22.939: [ERROR][Attempt 0/10][Retry in 54 ms] SdkError: Internal server error: exceptions::mutation_write_timeout_exception (Failed to accept proposal(50442dcc-5b14-11f1-e326-685e07d9ba0b) for alternator_latte_hot_partition.latte_hot_partition: write timeout due to uncertainty. Replica errors: )
...number of dropped error messages per sampling period: 117
  97.002      4140         0      4139           0.341    10.297    90.702   182.190   262.406   530.842   987.234  1708.130
2026-05-29 04:10:23.973: [ERROR][Attempt 0/10][Retry in 64 ms] SdkError: Internal server error: exceptions::mutation_write_timeout_exception (Failed to accept proposal(50e190bc-5b14-11f1-8032-cee807844ea3) for alternator_latte_hot_partition.latte_hot_partition: write timeout due to uncertainty. Replica errors: )
2026-05-29 04:10:23.754: [ERROR][Attempt 0/10][Retry in 59 ms] SdkError: Internal server error: exceptions::mutation_write_timeout_exception (Failed to accept proposal(50c0ac80-5b14-11f1-5145-74bccf740273) for alternator_latte_hot_partition.latte_hot_partition: write timeout due to uncertainty. Replica errors: )
2026-05-29 04:10:24.487: [ERROR][Attempt 0/10][Retry in 50 ms] SdkError: Internal server error: exceptions::mutation_write_timeout_exception (Failed to accept proposal(5131003e-5b14-11f1-27a1-921c2c5e165a) for alternator_latte_hot_partition.latte_hot_partition: write timeout due to uncertainty. Replica errors: )
2026-05-29 04:10:24.119: [ERROR][Attempt 0/10][Retry in 112 ms] SdkError: Internal server error: exceptions::mutation_write_timeout_exception (Failed to accept proposal(50f83146-5b14-11f1-1471-3650ad189f05) for alternator_latte_hot_partition.latte_hot_partition: write timeout due to uncertainty. Replica errors: )
2026-05-29 04:10:24.398: [ERROR][Attempt 0/10][Retry in 105 ms] SdkError: Internal server error: exceptions::mutation_write_timeout_exception (Failed to accept proposal(51222b4a-5b14-11f1-2f80-fc7901493e1d) for alternator_latte_hot_partition.latte_hot_partition: write timeout due to uncertainty. Replica errors: )
...number of dropped error messages per sampling period: 125
  98.002      3961         0      3961           0.375    12.567    93.848   195.690   276.824   424.149   819.986  1247.805
2026-05-29 04:10:25.469: [ERROR][Attempt 0/10][Retry in 121 ms] SdkError: Internal server error: exceptions::mutation_write_timeout_exception (Failed to accept proposal(51c71d1c-5b14-11f1-b0e5-66223e2b18c5) for alternator_latte_hot_partition.latte_hot_partition: write timeout due to uncertainty. Replica errors: )
2026-05-29 04:10:25.001: [ERROR][Attempt 0/10][Retry in 137 ms] SdkError: Internal server error: exceptions::mutation_write_timeout_exception (Failed to accept proposal(517f47da-5b14-11f1-e165-b7060fa9f606) for alternator_latte_hot_partition.latte_hot_partition: write timeout due to uncertainty. Replica errors: )
2026-05-29 04:10:25.378: [ERROR][Attempt 0/10][Retry in 119 ms] SdkError: Internal server error: exceptions::mutation_write_timeout_exception (Failed to accept proposal(51b924c8-5b14-11f1-c6a2-d3b19b5ee763) for alternator_latte_hot_partition.latte_hot_partition: write timeout due to uncertainty. Replica errors: )
2026-05-29 04:10:25.119: [ERROR][Attempt 0/10][Retry in 119 ms] SdkError: Internal server error: exceptions::mutation_write_timeout_exception (Failed to accept proposal(519139e0-5b14-11f1-bed2-67a26981c855) for alternator_latte_hot_partition.latte_hot_partition: write timeout due to uncertainty. Replica errors: )
2026-05-29 04:10:25.474: [ERROR][Attempt 0/10][Retry in 75 ms] SdkError: Internal server error: exceptions::mutation_write_timeout_exception (Failed to accept proposal(51c5f3b0-5b14-11f1-73bb-a65fa348543b) for alternator_latte_hot_partition.latte_hot_partition: write timeout due to uncertainty. Replica errors: )
...number of dropped error messages per sampling period: 105
  99.001      4179         0      4180           0.336    11.346    91.292   201.589   261.226   373.817   597.688  1104.151
2026-05-29 04:10:25.761: [ERROR][Attempt 0/10][Retry in 125 ms] SdkError: Internal server error: exceptions::mutation_write_timeout_exception (Failed to accept proposal(51f374fc-5b14-11f1-374e-f084fc4a782b) for alternator_latte_hot_partition.latte_hot_partition: write timeout due to uncertainty. Replica errors: )
2026-05-29 04:10:25.823: [ERROR][Attempt 0/10][Retry in 88 ms] SdkError: Internal server error: exceptions::mutation_write_timeout_exception (Failed to accept proposal(51fce776-5b14-11f1-ddee-1ee35e806a27) for alternator_latte_hot_partition.latte_hot_partition: write timeout due to uncertainty. Replica errors: )
2026-05-29 04:10:25.979: [ERROR][Attempt 0/10][Retry in 124 ms] SdkError: Internal server error: exceptions::mutation_write_timeout_exception (Failed to accept proposal(5214604a-5b14-11f1-903f-9b5d2102ced1) for alternator_latte_hot_partition.latte_hot_partition: write timeout due to uncertainty. Replica errors: )
2026-05-29 04:10:26.005: [ERROR][Attempt 0/10][Retry in 125 ms] SdkError: Internal server error: exceptions::mutation_write_timeout_exception (Failed to accept proposal(5218b406-5b14-11f1-9c4e-be35812f12e9) for alternator_latte_hot_partition.latte_hot_partition: write timeout due to uncertainty. Replica errors: )
2026-05-29 04:10:25.963: [ERROR][Attempt 0/10][Retry in 57 ms] SdkError: Internal server error: exceptions::mutation_write_timeout_exception (Failed to accept proposal(52113b40-5b14-11f1-bbe3-cf44c27c0592) for alternator_latte_hot_partition.latte_hot_partition: write timeout due to uncertainty. Replica errors: )
...number of dropped error messages per sampling period: 119
 100.001      3999         0      3999           0.387    10.486    86.770   199.885   279.708   460.063   656.933   779.616
2026-05-29 04:10:27.295: [ERROR][Attempt 0/10][Retry in 86 ms] SdkError: Internal server error: exceptions::mutation_write_timeout_exception (Failed to accept proposal(52dd0b26-5b14-11f1-ef2f-3f5ff51f66b5) for alternator_latte_hot_partition.latte_hot_partition: write timeout due to uncertainty. Replica errors: )
2026-05-29 04:10:27.063: [ERROR][Attempt 0/10][Retry in 148 ms] SdkError: Internal server error: exceptions::mutation_write_timeout_exception (Failed to accept proposal(52b931d8-5b14-11f1-d2f8-d135a57f4774) for alternator_latte_hot_partition.latte_hot_partition: write timeout due to uncertainty. Replica errors: )
2026-05-29 04:10:27.414: [ERROR][Attempt 0/10][Retry in 58 ms] SdkError: Internal server error: exceptions::mutation_write_timeout_exception (Failed to accept proposal(52ef6faa-5b14-11f1-659c-d6f0d3350870) for alternator_latte_hot_partition.latte_hot_partition: write timeout due to uncertainty. Replica errors: )
2026-05-29 04:10:26.787: [ERROR][Attempt 0/10][Retry in 104 ms] SdkError: Internal server error: exceptions::mutation_write_timeout_exception (Failed to accept proposal(528f866c-5b14-11f1-258b-f951104dbb28) for alternator_latte_hot_partition.latte_hot_partition: write timeout due to uncertainty. Replica errors: )
2026-05-29 04:10:27.149: [ERROR][Attempt 0/10][Retry in 82 ms] SdkError: Internal server error: exceptions::mutation_write_timeout_exception (Failed to accept proposal(52c4d8e4-5b14-11f1-8407-d2f0a1a09625) for alternator_latte_hot_partition.latte_hot_partition: write timeout due to uncertainty. Replica errors: )
...number of dropped error messages per sampling period: 109
 101.001      3961         0      3961           0.384    10.330    78.447   202.506   304.349   508.035   802.685  1056.440
2026-05-29 04:10:28.090: [ERROR][Attempt 0/10][Retry in 124 ms] SdkError: Internal server error: exceptions::mutation_write_timeout_exception (Failed to accept proposal(53569054-5b14-11f1-cd0a-fd995fcad40d) for alternator_latte_hot_partition.latte_hot_partition: write timeout due to uncertainty. Replica errors: )
2026-05-29 04:10:28.234: [ERROR][Attempt 0/10][Retry in 98 ms] SdkError: Internal server error: exceptions::mutation_write_timeout_exception (Failed to accept proposal(536c7ad6-5b14-11f1-080d-3d3a99a67a19) for alternator_latte_hot_partition.latte_hot_partition: write timeout due to uncertainty. Replica errors: )
2026-05-29 04:10:28.171: [ERROR][Attempt 0/10][Retry in 53 ms] SdkError: Internal server error: exceptions::mutation_write_timeout_exception (Failed to accept proposal(5362cd74-5b14-11f1-d262-3dd8b0bc165f) for alternator_latte_hot_partition.latte_hot_partition: write timeout due to uncertainty. Replica errors: )
2026-05-29 04:10:28.371: [ERROR][Attempt 0/10][Retry in 110 ms] SdkError: Internal server error: exceptions::mutation_write_timeout_exception (Failed to accept proposal(53818c14-5b14-11f1-924e-2b5c6b58ab5e) for alternator_latte_hot_partition.latte_hot_partition: write timeout due to uncertainty. Replica errors: )
2026-05-29 04:10:27.871: [ERROR][Attempt 0/10][Retry in 60 ms] SdkError: Internal server error: exceptions::mutation_write_timeout_exception (Failed to accept proposal(53354d2c-5b14-11f1-ef9c-46f7bfa47040) for alternator_latte_hot_partition.latte_hot_partition: write timeout due to uncertainty. Replica errors: )
...number of dropped error messages per sampling period: 118
 102.001      4193         0      4192           0.361     9.322    78.643   186.515   278.397   540.017   791.675   955.777
2026-05-29 04:10:28.793: [ERROR][Attempt 0/10][Retry in 112 ms] SdkError: Internal server error: exceptions::mutation_write_timeout_exception (Failed to accept proposal(53c17dce-5b14-11f1-5b49-89d3fab97523) for alternator_latte_hot_partition.latte_hot_partition: write timeout due to uncertainty. Replica errors: )
2026-05-29 04:10:28.904: [ERROR][Attempt 0/10][Retry in 132 ms] SdkError: Internal server error: exceptions::mutation_write_timeout_exception (Failed to accept proposal(53d1fe06-5b14-11f1-31d1-be612eb3b2a8) for alternator_latte_hot_partition.latte_hot_partition: write timeout due to uncertainty. Replica errors: )
2026-05-29 04:10:28.845: [ERROR][Attempt 0/10][Retry in 146 ms] SdkError: Internal server error: exceptions::mutation_write_timeout_exception (Failed to accept proposal(53c9a5b2-5b14-11f1-a1e6-ccb8d264e5f0) for alternator_latte_hot_partition.latte_hot_partition: write timeout due to uncertainty. Replica errors: )
2026-05-29 04:10:29.490: [ERROR][Attempt 0/10][Retry in 123 ms] SdkError: Internal server error: exceptions::mutation_write_timeout_exception (Failed to accept proposal(542c7e8a-5b14-11f1-239b-67492903b87e) for alternator_latte_hot_partition.latte_hot_partition: write timeout due to uncertainty. Replica errors: )
2026-05-29 04:10:28.821: [ERROR][Attempt 0/10][Retry in 92 ms] SdkError: Internal server error: exceptions::mutation_write_timeout_exception (Failed to accept proposal(53c60ae2-5b14-11f1-da4a-33531d72b066) for alternator_latte_hot_partition.latte_hot_partition: write timeout due to uncertainty. Replica errors: )
...number of dropped error messages per sampling period: 116
 103.001      4045         0      4046           0.397    10.732    94.044   211.943   294.650   467.141   664.273  1049.625
2026-05-29 04:10:30.330: [ERROR][Attempt 0/10][Retry in 149 ms] SdkError: Internal server error: exceptions::mutation_write_timeout_exception (Failed to accept proposal(54ac66d6-5b14-11f1-257f-1e75ae91a601) for alternator_latte_hot_partition.latte_hot_partition: write timeout due to uncertainty. Replica errors: )
2026-05-29 04:10:29.803: [ERROR][Attempt 0/10][Retry in 120 ms] SdkError: Internal server error: exceptions::mutation_write_timeout_exception (Failed to accept proposal(545c093e-5b14-11f1-7999-16ca3d265c5a) for alternator_latte_hot_partition.latte_hot_partition: write timeout due to uncertainty. Replica errors: )
2026-05-29 04:10:30.078: [ERROR][Attempt 0/10][Retry in 73 ms] SdkError: Internal server error: exceptions::mutation_write_timeout_exception (Failed to accept proposal(5485d37c-5b14-11f1-6540-5bab2758b20b) for alternator_latte_hot_partition.latte_hot_partition: write timeout due to uncertainty. Replica errors: )
2026-05-29 04:10:29.953: [ERROR][Attempt 0/10][Retry in 142 ms] SdkError: Internal server error: exceptions::mutation_write_timeout_exception (Failed to accept proposal(5472c7f0-5b14-11f1-db3c-af11529a063f) for alternator_latte_hot_partition.latte_hot_partition: write timeout due to uncertainty. Replica errors: )
2026-05-29 04:10:30.040: [ERROR][Attempt 0/10][Retry in 97 ms] SdkError: Internal server error: exceptions::mutation_write_timeout_exception (Failed to accept proposal(54803eb2-5b14-11f1-aabb-f47e6d7f963d) for alternator_latte_hot_partition.latte_hot_partition: write timeout due to uncertainty. Replica errors: )
...number of dropped error messages per sampling period: 121
 104.001      4108         0      4108           0.347    12.157    84.935   188.088   259.260   431.751   603.980   863.502
2026-05-29 04:10:30.976: [ERROR][Attempt 0/10][Retry in 144 ms] SdkError: Internal server error: exceptions::mutation_write_timeout_exception (Failed to accept proposal(550eddde-5b14-11f1-dc9c-82305c579305) for alternator_latte_hot_partition.latte_hot_partition: write timeout due to uncertainty. Replica errors: )
2026-05-29 04:10:30.864: [ERROR][Attempt 0/10][Retry in 126 ms] SdkError: Internal server error: exceptions::mutation_write_timeout_exception (Failed to accept proposal(54fdc6e8-5b14-11f1-ab98-2bd6e3997387) for alternator_latte_hot_partition.latte_hot_partition: write timeout due to uncertainty. Replica errors: )
2026-05-29 04:10:31.048: [ERROR][Attempt 0/10][Retry in 105 ms] SdkError: Internal server error: exceptions::mutation_write_timeout_exception (Failed to accept proposal(551a4b88-5b14-11f1-c45a-761afa1abb6d) for alternator_latte_hot_partition.latte_hot_partition: write timeout due to uncertainty. Replica errors: )
2026-05-29 04:10:31.541: [ERROR][Attempt 0/10][Retry in 100 ms] SdkError: Internal server error: exceptions::mutation_write_timeout_exception (Failed to accept proposal(556581e8-5b14-11f1-c9de-01b6b21a11a6) for alternator_latte_hot_partition.latte_hot_partition: write timeout due to uncertainty. Replica errors: )
2026-05-29 04:10:30.970: [ERROR][Attempt 0/10][Retry in 54 ms] SdkError: Internal server error: exceptions::mutation_write_timeout_exception (Failed to accept proposal(550e53dc-5b14-11f1-7af4-a2d542b402f3) for alternator_latte_hot_partition.latte_hot_partition: write timeout due to uncertainty. Replica errors: )
...number of dropped error messages per sampling period: 96
 105.001      4042         0      4042           0.385    10.519    87.097   194.773   274.203   483.394   648.020  1038.090
2026-05-29 04:10:32.085: [ERROR][Attempt 0/10][Retry in 136 ms] SdkError: Internal server error: exceptions::mutation_write_timeout_exception (Failed to accept proposal(55b84b3a-5b14-11f1-d420-71fe91ceb615) for alternator_latte_hot_partition.latte_hot_partition: write timeout due to uncertainty. Replica errors: )
2026-05-29 04:10:32.073: [ERROR][Attempt 0/10][Retry in 107 ms] SdkError: Internal server error: exceptions::mutation_write_timeout_exception (Failed to accept proposal(55b59480-5b14-11f1-e7c2-be610b4e2f04) for alternator_latte_hot_partition.latte_hot_partition: write timeout due to uncertainty. Replica errors: )
2026-05-29 04:10:32.360: [ERROR][Attempt 1/10][Retry in 151 ms] SdkError: Internal server error: exceptions::mutation_write_timeout_exception (Failed to accept proposal(55e1c0fa-5b14-11f1-cdca-daaa7770fe8f) for alternator_latte_hot_partition.latte_hot_partition: write timeout due to uncertainty. Replica errors: )
2026-05-29 04:10:32.677: [ERROR][Attempt 0/10][Retry in 60 ms] SdkError: Internal server error: exceptions::mutation_write_timeout_exception (Failed to accept proposal(5612602a-5b14-11f1-4b1f-d49ca480c79b) for alternator_latte_hot_partition.latte_hot_partition: write timeout due to uncertainty. Replica errors: )
2026-05-29 04:10:32.028: [ERROR][Attempt 0/10][Retry in 74 ms] SdkError: Internal server error: exceptions::mutation_write_timeout_exception (Failed to accept proposal(55af4b16-5b14-11f1-9427-a10496e31752) for alternator_latte_hot_partition.latte_hot_partition: write timeout due to uncertainty. Replica errors: )
...number of dropped error messages per sampling period: 110
 106.001      3704         0      3704           0.368    10.068    80.609   211.943   329.253   617.611   910.688   976.224
2026-05-29 04:10:32.919: [ERROR][Attempt 0/10][Retry in 54 ms] SdkError: Internal server error: exceptions::mutation_write_timeout_exception (Failed to accept proposal(56375966-5b14-11f1-82d1-de56956833a9) for alternator_latte_hot_partition.latte_hot_partition: write timeout due to uncertainty. Replica errors: )
2026-05-29 04:10:32.991: [ERROR][Attempt 0/10][Retry in 84 ms] SdkError: Internal server error: exceptions::mutation_write_timeout_exception (Failed to accept proposal(5641edea-5b14-11f1-621b-831fdeb32dd4) for alternator_latte_hot_partition.latte_hot_partition: write timeout due to uncertainty. Replica errors: )
2026-05-29 04:10:33.115: [ERROR][Attempt 0/10][Retry in 92 ms] SdkError: Internal server error: exceptions::mutation_write_timeout_exception (Failed to accept proposal(565592b4-5b14-11f1-04ee-91fb4aea8860) for alternator_latte_hot_partition.latte_hot_partition: write timeout due to uncertainty. Replica errors: )
2026-05-29 04:10:33.008: [ERROR][Attempt 0/10][Retry in 69 ms] SdkError: Internal server error: exceptions::mutation_write_timeout_exception (Failed to accept proposal(564520dc-5b14-11f1-c2ab-0ab2b5d22093) for alternator_latte_hot_partition.latte_hot_partition: write timeout due to uncertainty. Replica errors: )
2026-05-29 04:10:33.384: [ERROR][Attempt 0/10][Retry in 78 ms] SdkError: Internal server error: exceptions::mutation_write_timeout_exception (Failed to accept proposal(567e0da2-5b14-11f1-51c7-a9f217648f72) for alternator_latte_hot_partition.latte_hot_partition: write timeout due to uncertainty. Replica errors: )
...number of dropped error messages per sampling period: 109
 107.001      4155         0      4155           0.363    10.093    83.493   182.977   272.368   571.474   871.367  1380.975
2026-05-29 04:10:34.370: [ERROR][Attempt 0/10][Retry in 140 ms] SdkError: Internal server error: exceptions::mutation_write_timeout_exception (Failed to accept proposal(5714ebfa-5b14-11f1-c047-6d40c187bd4d) for alternator_latte_hot_partition.latte_hot_partition: write timeout due to uncertainty. Replica errors: )
2026-05-29 04:10:34.559: [ERROR][Attempt 0/10][Retry in 78 ms] SdkError: Internal server error: exceptions::mutation_write_timeout_exception (Failed to accept proposal(57301ce0-5b14-11f1-27a4-0b81317cef03) for alternator_latte_hot_partition.latte_hot_partition: write timeout due to uncertainty. Replica errors: )
2026-05-29 04:10:33.896: [ERROR][Attempt 0/10][Retry in 135 ms] SdkError: Internal server error: exceptions::mutation_write_timeout_exception (Failed to accept proposal(56cc73ca-5b14-11f1-2aa0-8834564ea08a) for alternator_latte_hot_partition.latte_hot_partition: write timeout due to uncertainty. Replica errors: )
2026-05-29 04:10:34.040: [ERROR][Attempt 0/10][Retry in 98 ms] SdkError: Internal server error: exceptions::mutation_write_timeout_exception (Failed to accept proposal(56e23084-5b14-11f1-3c6e-b3a0797d3119) for alternator_latte_hot_partition.latte_hot_partition: write timeout due to uncertainty. Replica errors: )
2026-05-29 04:10:33.788: [ERROR][Attempt 0/10][Retry in 58 ms] SdkError: Internal server error: exceptions::mutation_write_timeout_exception (Failed to accept proposal(56bbc728-5b14-11f1-f421-b218ea4486f2) for alternator_latte_hot_partition.latte_hot_partition: write timeout due to uncertainty. Replica errors: )
...number of dropped error messages per sampling period: 106
 108.001      4050         0      4050           0.370    11.256    88.867   185.991   265.552   542.638   846.725  1331.692
2026-05-29 04:10:34.845: [ERROR][Attempt 0/10][Retry in 118 ms] SdkError: Internal server error: exceptions::mutation_write_timeout_exception (Failed to accept proposal(575cd5c8-5b14-11f1-b6c4-271c22582043) for alternator_latte_hot_partition.latte_hot_partition: write timeout due to uncertainty. Replica errors: )
2026-05-29 04:10:34.939: [ERROR][Attempt 0/10][Retry in 123 ms] SdkError: Internal server error: exceptions::mutation_write_timeout_exception (Failed to accept proposal(576ba63e-5b14-11f1-7823-4a3c6d7ed5ec) for alternator_latte_hot_partition.latte_hot_partition: write timeout due to uncertainty. Replica errors: )
2026-05-29 04:10:34.770: [ERROR][Attempt 0/10][Retry in 114 ms] SdkError: Internal server error: exceptions::mutation_write_timeout_exception (Failed to accept proposal(5751af18-5b14-11f1-c728-ee12970e2dfb) for alternator_latte_hot_partition.latte_hot_partition: write timeout due to uncertainty. Replica errors: )
2026-05-29 04:10:35.234: [ERROR][Attempt 0/10][Retry in 121 ms] SdkError: Internal server error: exceptions::mutation_write_timeout_exception (Failed to accept proposal(5798c858-5b14-11f1-2f7a-83955582e01d) for alternator_latte_hot_partition.latte_hot_partition: write timeout due to uncertainty. Replica errors: )
2026-05-29 04:10:34.952: [ERROR][Attempt 0/10][Retry in 58 ms] SdkError: Internal server error: exceptions::mutation_write_timeout_exception (Failed to accept proposal(576dbae6-5b14-11f1-cf42-6d8efa2286f1) for alternator_latte_hot_partition.latte_hot_partition: write timeout due to uncertainty. Replica errors: )
...number of dropped error messages per sampling period: 96
 109.001      4116         0      4117           0.380    10.420    85.656   184.680   277.873   496.501   646.447   973.603
2026-05-29 04:10:36.223: [ERROR][Attempt 0/10][Retry in 136 ms] SdkError: Internal server error: exceptions::mutation_write_timeout_exception (Failed to accept proposal(582f28b6-5b14-11f1-7d88-07827dab1b44) for alternator_latte_hot_partition.latte_hot_partition: write timeout due to uncertainty. Replica errors: )
2026-05-29 04:10:36.270: [ERROR][Attempt 0/10][Retry in 99 ms] SdkError: Internal server error: exceptions::mutation_write_timeout_exception (Failed to accept proposal(5836d4d0-5b14-11f1-0baa-f29708b4d6ad) for alternator_latte_hot_partition.latte_hot_partition: write timeout due to uncertainty. Replica errors: )
2026-05-29 04:10:36.484: [ERROR][Attempt 0/10][Retry in 55 ms] SdkError: Internal server error: exceptions::mutation_write_timeout_exception (Failed to accept proposal(58578ce8-5b14-11f1-a87b-ef5fae1ba442) for alternator_latte_hot_partition.latte_hot_partition: write timeout due to uncertainty. Replica errors: )
2026-05-29 04:10:35.847: [ERROR][Attempt 0/10][Retry in 140 ms] SdkError: Internal server error: exceptions::mutation_write_timeout_exception (Failed to accept proposal(57f68880-5b14-11f1-3ae7-32e514a665b7) for alternator_latte_hot_partition.latte_hot_partition: write timeout due to uncertainty. Replica errors: )
2026-05-29 04:10:36.145: [ERROR][Attempt 0/10][Retry in 77 ms] SdkError: Internal server error: exceptions::mutation_write_timeout_exception (Failed to accept proposal(5823b3dc-5b14-11f1-f774-c47ead1cdd31) for alternator_latte_hot_partition.latte_hot_partition: write timeout due to uncertainty. Replica errors: )
...number of dropped error messages per sampling period: 95
 110.002      4186         0      4185           0.378    10.584    85.721   181.142   268.698   522.715   744.489   796.918
2026-05-29 04:10:37.538: [ERROR][Attempt 0/10][Retry in 94 ms] SdkError: Internal server error: exceptions::mutation_write_timeout_exception (Failed to accept proposal(58f7d2de-5b14-11f1-7661-8bfb473067ab) for alternator_latte_hot_partition.latte_hot_partition: write timeout due to uncertainty. Replica errors: )
2026-05-29 04:10:37.422: [ERROR][Attempt 0/10][Retry in 132 ms] SdkError: Internal server error: exceptions::mutation_write_timeout_exception (Failed to accept proposal(58e6a0d6-5b14-11f1-22a6-d32aa37ca6b3) for alternator_latte_hot_partition.latte_hot_partition: write timeout due to uncertainty. Replica errors: )
2026-05-29 04:10:36.980: [ERROR][Attempt 0/10][Retry in 98 ms] SdkError: Internal server error: exceptions::mutation_write_timeout_exception (Failed to accept proposal(58a35844-5b14-11f1-b56b-1f190e1f7306) for alternator_latte_hot_partition.latte_hot_partition: write timeout due to uncertainty. Replica errors: )
2026-05-29 04:10:37.631: [ERROR][Attempt 0/10][Retry in 133 ms] SdkError: Internal server error: exceptions::mutation_write_timeout_exception (Failed to accept proposal(5905dd02-5b14-11f1-c052-42eaee6fc534) for alternator_latte_hot_partition.latte_hot_partition: write timeout due to uncertainty. Replica errors: )
2026-05-29 04:10:37.359: [ERROR][Attempt 0/10][Retry in 126 ms] SdkError: Internal server error: exceptions::mutation_write_timeout_exception (Failed to accept proposal(58dccd4a-5b14-11f1-6f6d-7ca6e9f43389) for alternator_latte_hot_partition.latte_hot_partition: write timeout due to uncertainty. Replica errors: )
...number of dropped error messages per sampling period: 108
 111.001      3893         0      3893           0.393    14.434    95.814   191.758   260.178   424.935   759.169   914.883
2026-05-29 04:10:38.286: [ERROR][Attempt 0/10][Retry in 149 ms] SdkError: Internal server error: exceptions::mutation_write_timeout_exception (Failed to accept proposal(596a2dfc-5b14-11f1-b9fe-506eebf2cc57) for alternator_latte_hot_partition.latte_hot_partition: write timeout due to uncertainty. Replica errors: )
2026-05-29 04:10:37.892: [ERROR][Attempt 0/10][Retry in 84 ms] SdkError: Internal server error: exceptions::mutation_write_timeout_exception (Failed to accept proposal(592db336-5b14-11f1-2c5b-2feb18592fe1) for alternator_latte_hot_partition.latte_hot_partition: write timeout due to uncertainty. Replica errors: )
2026-05-29 04:10:37.983: [ERROR][Attempt 0/10][Retry in 146 ms] SdkError: Internal server error: exceptions::mutation_write_timeout_exception (Failed to accept proposal(593c3ef6-5b14-11f1-cdfe-f74424a4ee31) for alternator_latte_hot_partition.latte_hot_partition: write timeout due to uncertainty. Replica errors: )
2026-05-29 04:10:38.256: [ERROR][Attempt 0/10][Retry in 96 ms] SdkError: Internal server error: exceptions::mutation_write_timeout_exception (Failed to accept proposal(59659fe4-5b14-11f1-fb55-86000c5b3134) for alternator_latte_hot_partition.latte_hot_partition: write timeout due to uncertainty. Replica errors: )
2026-05-29 04:10:38.042: [ERROR][Attempt 0/10][Retry in 140 ms] SdkError: Internal server error: exceptions::mutation_write_timeout_exception (Failed to accept proposal(5944e1e6-5b14-11f1-fc08-bc11e688e77d) for alternator_latte_hot_partition.latte_hot_partition: write timeout due to uncertainty. Replica errors: )
...number of dropped error messages per sampling period: 108
 112.001      4021         0      4021           0.395     9.282    80.871   197.001   287.834   494.928   824.181  1101.005
2026-05-29 04:10:38.839: [ERROR][Attempt 0/10][Retry in 74 ms] SdkError: Internal server error: exceptions::mutation_write_timeout_exception (Failed to accept proposal(59bf0f34-5b14-11f1-1326-5aabd4ee1051) for alternator_latte_hot_partition.latte_hot_partition: write timeout due to uncertainty. Replica errors: )
2026-05-29 04:10:39.065: [ERROR][Attempt 0/10][Retry in 109 ms] SdkError: Internal server error: exceptions::mutation_write_timeout_exception (Failed to accept proposal(59e12cfe-5b14-11f1-0090-69e0566c2ac8) for alternator_latte_hot_partition.latte_hot_partition: write timeout due to uncertainty. Replica errors: )
2026-05-29 04:10:38.963: [ERROR][Attempt 0/10][Retry in 51 ms] SdkError: Internal server error: exceptions::mutation_write_timeout_exception (Failed to accept proposal(59d19f8c-5b14-11f1-54ec-5e2fef7cf5d7) for alternator_latte_hot_partition.latte_hot_partition: write timeout due to uncertainty. Replica errors: )
2026-05-29 04:10:38.971: [ERROR][Attempt 0/10][Retry in 102 ms] SdkError: Internal server error: exceptions::mutation_write_timeout_exception (Failed to accept proposal(59d25c06-5b14-11f1-51b9-880d6983e5ed) for alternator_latte_hot_partition.latte_hot_partition: write timeout due to uncertainty. Replica errors: )
2026-05-29 04:10:39.168: [ERROR][Attempt 0/10][Retry in 135 ms] SdkError: Internal server error: exceptions::mutation_write_timeout_exception (Failed to accept proposal(59f111f0-5b14-11f1-714e-740e9934e833) for alternator_latte_hot_partition.latte_hot_partition: write timeout due to uncertainty. Replica errors: )
...number of dropped error messages per sampling period: 111
 113.001      3979         0      3979           0.318     9.740    76.939   189.530   335.806   629.146   950.534  1214.251
2026-05-29 04:10:40.075: [ERROR][Attempt 0/10][Retry in 105 ms] SdkError: Internal server error: exceptions::mutation_write_timeout_exception (Failed to accept proposal(5a7b14fe-5b14-11f1-5e90-ea918e993997) for alternator_latte_hot_partition.latte_hot_partition: write timeout due to uncertainty. Replica errors: )
2026-05-29 04:10:39.766: [ERROR][Attempt 0/10][Retry in 91 ms] SdkError: Internal server error: exceptions::mutation_write_timeout_exception (Failed to accept proposal(5a4bf8c2-5b14-11f1-d951-4e70442b63ad) for alternator_latte_hot_partition.latte_hot_partition: write timeout due to uncertainty. Replica errors: )
2026-05-29 04:10:40.093: [ERROR][Attempt 0/10][Retry in 149 ms] SdkError: Internal server error: exceptions::mutation_write_timeout_exception (Failed to accept proposal(5a7daca0-5b14-11f1-ac1f-9870ea3adee9) for alternator_latte_hot_partition.latte_hot_partition: write timeout due to uncertainty. Replica errors: )
2026-05-29 04:10:39.848: [ERROR][Attempt 0/10][Retry in 99 ms] SdkError: Internal server error: exceptions::mutation_write_timeout_exception (Failed to accept proposal(5a58b0f8-5b14-11f1-dafb-193917a63449) for alternator_latte_hot_partition.latte_hot_partition: write timeout due to uncertainty. Replica errors: )
2026-05-29 04:10:40.624: [ERROR][Attempt 0/10][Retry in 81 ms] SdkError: Internal server error: exceptions::mutation_write_timeout_exception (Failed to accept proposal(5acec928-5b14-11f1-5989-cb0502c6043e) for alternator_latte_hot_partition.latte_hot_partition: write timeout due to uncertainty. Replica errors: )
...number of dropped error messages per sampling period: 91
 114.001      4036         0      4036           0.369    10.207    78.250   170.525   271.581   630.718   788.529  1244.660
2026-05-29 04:10:40.981: [ERROR][Attempt 0/10][Retry in 94 ms] SdkError: Internal server error: exceptions::mutation_write_timeout_exception (Failed to accept proposal(5b05194c-5b14-11f1-dc4d-166678bce301) for alternator_latte_hot_partition.latte_hot_partition: write timeout due to uncertainty. Replica errors: )
2026-05-29 04:10:41.452: [ERROR][Attempt 0/10][Retry in 119 ms] SdkError: Internal server error: exceptions::mutation_write_timeout_exception (Failed to accept proposal(5b4cd84a-5b14-11f1-b89c-3425ca8e3962) for alternator_latte_hot_partition.latte_hot_partition: write timeout due to uncertainty. Replica errors: )
2026-05-29 04:10:41.626: [ERROR][Attempt 0/10][Retry in 115 ms] SdkError: Internal server error: exceptions::mutation_write_timeout_exception (Failed to accept proposal(5b670de6-5b14-11f1-2724-9d69d97d3eb4) for alternator_latte_hot_partition.latte_hot_partition: write timeout due to uncertainty. Replica errors: )
2026-05-29 04:10:41.041: [ERROR][Attempt 0/10][Retry in 98 ms] SdkError: Internal server error: exceptions::mutation_write_timeout_exception (Failed to accept proposal(5b0ed8d8-5b14-11f1-9b9d-34992eb27587) for alternator_latte_hot_partition.latte_hot_partition: write timeout due to uncertainty. Replica errors: )
2026-05-29 04:10:40.819: [ERROR][Attempt 0/10][Retry in 54 ms] SdkError: Internal server error: exceptions::mutation_write_timeout_exception (Failed to accept proposal(5aed38c2-5b14-11f1-06ba-4214f5126119) for alternator_latte_hot_partition.latte_hot_partition: write timeout due to uncertainty. Replica errors: )
...number of dropped error messages per sampling period: 97
 115.001      4108         0      4108           0.355    10.936    85.656   192.414   284.688   569.901  1086.325  1537.212
2026-05-29 04:10:42.635: [ERROR][Attempt 0/10][Retry in 138 ms] SdkError: Internal server error: exceptions::mutation_write_timeout_exception (Failed to accept proposal(5c013e5c-5b14-11f1-c8c3-008f6f4baaae) for alternator_latte_hot_partition.latte_hot_partition: write timeout due to uncertainty. Replica errors: )
2026-05-29 04:10:42.545: [ERROR][Attempt 0/10][Retry in 60 ms] SdkError: Internal server error: exceptions::mutation_write_timeout_exception (Failed to accept proposal(5bf434f0-5b14-11f1-e2ca-88e1119fe4b6) for alternator_latte_hot_partition.latte_hot_partition: write timeout due to uncertainty. Replica errors: )
2026-05-29 04:10:42.558: [ERROR][Attempt 0/10][Retry in 81 ms] SdkError: Internal server error: exceptions::mutation_write_timeout_exception (Failed to accept proposal(5bf6267a-5b14-11f1-d2e9-8811d5e3dd01) for alternator_latte_hot_partition.latte_hot_partition: write timeout due to uncertainty. Replica errors: )
2026-05-29 04:10:41.858: [ERROR][Attempt 0/10][Retry in 124 ms] SdkError: Internal server error: exceptions::mutation_write_timeout_exception (Failed to accept proposal(5b8b5016-5b14-11f1-943a-7772fcfb7beb) for alternator_latte_hot_partition.latte_hot_partition: write timeout due to uncertainty. Replica errors: )
2026-05-29 04:10:42.706: [ERROR][Attempt 0/10][Retry in 57 ms] SdkError: Internal server error: exceptions::mutation_write_timeout_exception (Failed to accept proposal(5c0cd41a-5b14-11f1-f97e-5040fc8fd0f6) for alternator_latte_hot_partition.latte_hot_partition: write timeout due to uncertainty. Replica errors: )
...number of dropped error messages per sampling period: 124
 116.001      4047         0      4048           0.372    13.386    89.588   188.088   269.484   439.353   626.524  1384.120
2026-05-29 04:10:43.186: [ERROR][Attempt 0/10][Retry in 140 ms] SdkError: Internal server error: exceptions::mutation_write_timeout_exception (Failed to accept proposal(5c55e7d6-5b14-11f1-22de-100e2ceb3c8c) for alternator_latte_hot_partition.latte_hot_partition: write timeout due to uncertainty. Replica errors: )
2026-05-29 04:10:43.695: [ERROR][Attempt 0/10][Retry in 62 ms] SdkError: Internal server error: exceptions::mutation_write_timeout_exception (Failed to accept proposal(5ca393c8-5b14-11f1-b7da-0ac5be7920e1) for alternator_latte_hot_partition.latte_hot_partition: write timeout due to uncertainty. Replica errors: )
2026-05-29 04:10:42.794: [ERROR][Attempt 0/10][Retry in 119 ms] SdkError: Internal server error: exceptions::mutation_write_timeout_exception (Failed to accept proposal(5c1713e4-5b14-11f1-f9ea-eb9c737ead25) for alternator_latte_hot_partition.latte_hot_partition: write timeout due to uncertainty. Replica errors: )
2026-05-29 04:10:42.854: [ERROR][Attempt 0/10][Retry in 132 ms] SdkError: Internal server error: exceptions::mutation_write_timeout_exception (Failed to accept proposal(5c237940-5b14-11f1-1284-c299734df90f) for alternator_latte_hot_partition.latte_hot_partition: write timeout due to uncertainty. Replica errors: )
2026-05-29 04:10:43.632: [ERROR][Attempt 0/10][Retry in 55 ms] SdkError: Internal server error: exceptions::mutation_write_timeout_exception (Failed to accept proposal(5c9a43ae-5b14-11f1-40c3-8bfa14c53607) for alternator_latte_hot_partition.latte_hot_partition: write timeout due to uncertainty. Replica errors: )
...number of dropped error messages per sampling period: 91
 117.001      4234         0      4233           0.378    11.543    88.277   177.734   252.969   407.634   618.136  1043.333
2026-05-29 04:10:44.567: [ERROR][Attempt 0/10][Retry in 75 ms] SdkError: Internal server error: exceptions::mutation_write_timeout_exception (Failed to accept proposal(5d29071a-5b14-11f1-1296-7783ffea4aa1) for alternator_latte_hot_partition.latte_hot_partition: write timeout due to uncertainty. Replica errors: )
2026-05-29 04:10:44.012: [ERROR][Attempt 0/10][Retry in 77 ms] SdkError: Internal server error: exceptions::mutation_write_timeout_exception (Failed to accept proposal(5cd46110-5b14-11f1-450c-238d269bba0f) for alternator_latte_hot_partition.latte_hot_partition: write timeout due to uncertainty. Replica errors: )
2026-05-29 04:10:44.046: [ERROR][Attempt 0/10][Retry in 102 ms] SdkError: Internal server error: exceptions::mutation_write_timeout_exception (Failed to accept proposal(5cd9779a-5b14-11f1-2882-64e59bb10b7f) for alternator_latte_hot_partition.latte_hot_partition: write timeout due to uncertainty. Replica errors: )
2026-05-29 04:10:44.214: [ERROR][Attempt 0/10][Retry in 109 ms] SdkError: Internal server error: exceptions::mutation_write_timeout_exception (Failed to accept proposal(5cf2f4d6-5b14-11f1-b537-ca6d967d0ea7) for alternator_latte_hot_partition.latte_hot_partition: write timeout due to uncertainty. Replica errors: )
2026-05-29 04:10:44.606: [ERROR][Attempt 0/10][Retry in 63 ms] SdkError: Internal server error: exceptions::mutation_write_timeout_exception (Failed to accept proposal(5d2ecc5e-5b14-11f1-6af5-4034e3264330) for alternator_latte_hot_partition.latte_hot_partition: write timeout due to uncertainty. Replica errors: )
...number of dropped error messages per sampling period: 129
 118.001      4144         0      4144           0.368    11.575    85.590   188.875   262.799   421.265   644.350   863.502
2026-05-29 04:10:44.934: [ERROR][Attempt 0/10][Retry in 101 ms] SdkError: Internal server error: exceptions::mutation_write_timeout_exception (Failed to accept proposal(5d60a47c-5b14-11f1-0702-25fbecce80a0) for alternator_latte_hot_partition.latte_hot_partition: write timeout due to uncertainty. Replica errors: )
2026-05-29 04:10:45.574: [ERROR][Attempt 0/10][Retry in 57 ms] SdkError: Internal server error: exceptions::mutation_write_timeout_exception (Failed to accept proposal(5dc24ca4-5b14-11f1-518b-6e50a7bbf02d) for alternator_latte_hot_partition.latte_hot_partition: write timeout due to uncertainty. Replica errors: )
2026-05-29 04:10:44.884: [ERROR][Attempt 0/10][Retry in 108 ms] SdkError: Internal server error: exceptions::mutation_write_timeout_exception (Failed to accept proposal(5d5920e4-5b14-11f1-6b97-921dbd4513de) for alternator_latte_hot_partition.latte_hot_partition: write timeout due to uncertainty. Replica errors: )
2026-05-29 04:10:45.124: [ERROR][Attempt 0/10][Retry in 96 ms] SdkError: Internal server error: exceptions::mutation_write_timeout_exception (Failed to accept proposal(5d7d5c2a-5b14-11f1-737b-e489240b3585) for alternator_latte_hot_partition.latte_hot_partition: write timeout due to uncertainty. Replica errors: )
2026-05-29 04:10:45.045: [ERROR][Attempt 0/10][Retry in 114 ms] SdkError: Internal server error: exceptions::mutation_write_timeout_exception (Failed to accept proposal(5d7182ba-5b14-11f1-4912-51889e38c2f6) for alternator_latte_hot_partition.latte_hot_partition: write timeout due to uncertainty. Replica errors: )
...number of dropped error messages per sampling period: 104
 119.001      3902         0      3902           0.349     9.904    84.476   204.866   300.941   546.308   808.976  1512.047
2026-05-29 04:10:46.210: [ERROR][Attempt 0/10][Retry in 93 ms] SdkError: Internal server error: exceptions::mutation_write_timeout_exception (Failed to accept proposal(5e2380be-5b14-11f1-e9ec-ea571bd6e41a) for alternator_latte_hot_partition.latte_hot_partition: write timeout due to uncertainty. Replica errors: )
2026-05-29 04:10:46.060: [ERROR][Attempt 0/10][Retry in 51 ms] SdkError: Internal server error: exceptions::mutation_write_timeout_exception (Failed to accept proposal(5e0bb416-5b14-11f1-ae94-aee07abff48d) for alternator_latte_hot_partition.latte_hot_partition: write timeout due to uncertainty. Replica errors: )
2026-05-29 04:10:46.504: [ERROR][Attempt 0/10][Retry in 147 ms] SdkError: Internal server error: exceptions::mutation_write_timeout_exception (Failed to accept proposal(5e506caa-5b14-11f1-f45b-3d03b94af161) for alternator_latte_hot_partition.latte_hot_partition: write timeout due to uncertainty. Replica errors: )
2026-05-29 04:10:46.353: [ERROR][Attempt 0/10][Retry in 82 ms] SdkError: Internal server error: exceptions::mutation_write_timeout_exception (Failed to accept proposal(5e398094-5b14-11f1-0275-a12d427ee083) for alternator_latte_hot_partition.latte_hot_partition: write timeout due to uncertainty. Replica errors: )
2026-05-29 04:10:45.809: [ERROR][Attempt 0/10][Retry in 82 ms] SdkError: Internal server error: exceptions::mutation_write_timeout_exception (Failed to accept proposal(5de61102-5b14-11f1-cfbf-1f59746628aa) for alternator_latte_hot_partition.latte_hot_partition: write timeout due to uncertainty. Replica errors: )
...number of dropped error messages per sampling period: 99
 120.001      4108         0      4108           0.351     8.716    75.104   191.758   299.631   517.997   817.365   895.484
2026-05-29 04:10:46.831: [ERROR][Attempt 1/10][Retry in 155 ms] SdkError: Internal server error: exceptions::mutation_write_timeout_exception (Failed to accept proposal(5e823f1e-5b14-11f1-59c0-285c378794c3) for alternator_latte_hot_partition.latte_hot_partition: write timeout due to uncertainty. Replica errors: )
2026-05-29 04:10:46.754: [ERROR][Attempt 0/10][Retry in 144 ms] SdkError: Internal server error: exceptions::mutation_write_timeout_exception (Failed to accept proposal(5e76eb6e-5b14-11f1-83e2-01a292a36655) for alternator_latte_hot_partition.latte_hot_partition: write timeout due to uncertainty. Replica errors: )

 120.131       240         0      1850           3.572   128.713   225.313   429.654   638.058   805.831  1288.700  1288.700

SUMMARY STATS ══════════════════════════════════════════════════════════════════════════════════════════════════════════════
    Elapsed time       [s]    120.246                                                                 
        CPU time       [s]    116.245                                                                 
 CPU utilisation       [%]        6.0                                                                 
          Cycles      [op]     483364                                                                 
          Errors      [op]          0                                                                 
              └─       [%]        0.0                                                                 
        Requests     [req]     483364                                                                 
              └─  [req/op]        1.0                                                                 
         Retries     [ret]      13496                                                                 
              └─ [ret/req]    0.02792                                                                 
            Rows     [row]     142651                                                                 
              └─ [row/req]        0.3                                                                 
     Concurrency     [req]        433 ± 405                                                           
              └─       [%]       2709                                                                 
      Throughput    [op/s]       4020 ± 61                                                            
              ├─   [req/s]       4020 ± 61                                                            
              └─   [row/s]       1186 ± 18                                                            
   Cycle latency      [ms]     63.580 ± 0.747                                                         
 Request latency      [ms]     57.991 ± 0.493                                                         

CYCLE LATENCY for get [ms]  ════════════════════════════════════════════════════════════════════════════════════════════════
          Min                   0.318 ± 0.021                                                         
           25                   0.965 ± 0.005                                                         
           50                   1.363 ± 0.008                                                         
           75                   2.008 ± 0.014                                                         
           90                   2.890 ± 0.030                                                         
           95                   3.607 ± 0.042                                                         
           98                   4.489 ± 0.059                                                         
           99                   5.157 ± 0.086                                                         
           99.9                 7.717 ± 0.287                                                         
           99.99               11.379 ± 2.704                                                         
          Max                  17.826 ± 3.151                                                         

CYCLE LATENCY for update [ms]  ═════════════════════════════════════════════════════════════════════════════════════════════
          Min                   2.296 ± 0.080                                                         
           25                   9.044 ± 0.078                                                         
           50                  40.698 ± 0.822                                                         
           75                 120.717 ± 1.304                                                         
           90                 234.226 ± 2.479                                                         
           95                 332.399 ± 3.393                                                         
           98                 480.510 ± 7.108                                                         
           99                 603.455 ± 11.184                                                        
           99.9              1043.857 ± 34.496                                                        
           99.99             1454.375 ± 109.931                                                       
          Max                2585.788 ± 532.349                                                       

info: Saved report to /output/latte_1.json
TIMEFORMAT 151.626 119.506 26.407
