info: Loading workload script /workload/hot_partition.rn...
info: Connecting to ["http://172.31.15.196:8000", "http://172.31.0.121:8000", "http://172.31.2.195:8000"]... 
info: Connected to '' cluster running ScyllaDB 2026.1.0~dev-0.20251003.20aeed160740 with build-id d177add4e6a23f71d527ca6e182d27a1f9ad74b4
info: Preparing...
info: Warming up...
info: Running benchmark...
CONFIG ═════════════════════════════════════════════════════════════════════════════════════════════════════════════════════
            Date            Fri, 29 May 2026                                                          
            Time            14:06:36 +0000                                                            
         Cluster                                                                                      
      Datacenter                                                                                      
            Rack                                                                                      
      DB version            ScyllaDB 2026.1.0~dev-0.20251003.20aeed160740 with build-id d177add4e6a23f71d527ca6e182d27a1f9ad74b4                                            
        Workload            hot_partition.rn                                                          
     Function(s)            get:0.3, update:0.7                                                       
Request compression            Off                                                                       
Header whitelist            default                                                                   
 Active interval            default                                                                   
   Idle interval            default                                                                   
Routing fallback            default                                                                   
Key route affinity            default                                                                   
Key route affinity tables            none                                                                      
            Tags                                                                                      
────────────────────────────────────────────────────────────────────────────────────────────────────────────────────────────
-P alternator.consistentReads            false                                                                     
-P cold_partitions            900000                                                                    
   -P fieldcount            10                                                                        
  -P fieldlength            512                                                                       
-P hot_items_per_partition            3125                                                                      
-P hot_partitions            32                                                                        
-P hot_traffic_ratio            0.99                                                                      
-P requestdistribution            "uniform"                                                                 
    -P row_count            1000000                                                                   
        -P table            "latte_hot_partition"                                                     
────────────────────────────────────────────────────────────────────────────────────────────────────────────────────────────
         Threads                   16                                                                 
     Concurrency     [req]          8                                                                 
        Max rate    [op/s]       3500                                                                 
          Warmup       [s]         30                                                                 
              └─      [op]                                                                            
        Run time       [s]      120.0                                                                 
              └─      [op]                                                                            
        Sampling       [s]        1.0                                                                 
              └─      [op]                                                                            
 Request timeout       [s]          5                                                                 
         Retries                                                                                      
  ┌──────┴number                   10                                                                 
  ├─min interval      [ms]        100                                                                 
  └─max interval      [ms]       5000                                                                 

LOG ════════════════════════════════════════════════════════════════════════════════════════════════════════════════════════
    Time    Cycles    Errors    Thrpt.     ────────────────────────────────── Latency [ms/op] ──────────────────────────────
     [s]      [op]      [op]    [op/s]             Min        50        75        90        95        99      99.9       Max
2026-05-29 14:07:07.834: [ERROR][Attempt 0/10][Retry in 136 ms] SdkError: Internal server error: exceptions::mutation_write_timeout_exception (Failed to accept proposal(ada6650e-5b67-11f1-cc96-81338fb8f1dd) for alternator_latte_hot_partition.latte_hot_partition: write timeout due to uncertainty. Replica errors: )
2026-05-29 14:07:08.093: [ERROR][Attempt 0/10][Retry in 122 ms] SdkError: Internal server error: exceptions::mutation_write_timeout_exception (Failed to accept proposal(adcdcd38-5b67-11f1-1c61-bf5c26e27deb) for alternator_latte_hot_partition.latte_hot_partition: write timeout due to uncertainty. Replica errors: )
2026-05-29 14:07:08.220: [ERROR][Attempt 0/10][Retry in 71 ms] SdkError: Internal server error: exceptions::mutation_write_timeout_exception (Failed to accept proposal(ade11be0-5b67-11f1-53a9-2328f42b3ec8) for alternator_latte_hot_partition.latte_hot_partition: write timeout due to uncertainty. Replica errors: )
2026-05-29 14:07:07.481: [ERROR][Attempt 0/10][Retry in 80 ms] SdkError: Internal server error: exceptions::mutation_write_timeout_exception (Failed to accept proposal(ad7068d2-5b67-11f1-253c-09c16bc72646) for alternator_latte_hot_partition.latte_hot_partition: write timeout due to uncertainty. Replica errors: )
2026-05-29 14:07:08.021: [ERROR][Attempt 0/10][Retry in 107 ms] SdkError: Internal server error: exceptions::mutation_write_timeout_exception (Failed to accept proposal(adc2e3fa-5b67-11f1-cf0c-3a44b6e1e430) for alternator_latte_hot_partition.latte_hot_partition: write timeout due to uncertainty. Replica errors: )
...number of dropped error messages per sampling period: 61
   1.001      3445         0      3442           0.464     5.628     9.396    53.510    91.423   181.404   276.300   347.341
2026-05-29 14:07:08.434: [ERROR][Attempt 0/10][Retry in 60 ms] SdkError: Internal server error: exceptions::mutation_write_timeout_exception (Failed to accept proposal(ae01e73a-5b67-11f1-f313-c92015f85299) for alternator_latte_hot_partition.latte_hot_partition: write timeout due to uncertainty. Replica errors: )
2026-05-29 14:07:08.385: [ERROR][Attempt 0/10][Retry in 106 ms] SdkError: Internal server error: exceptions::mutation_write_timeout_exception (Failed to accept proposal(adfa7c52-5b67-11f1-e4a7-072d3d6728b7) for alternator_latte_hot_partition.latte_hot_partition: write timeout due to uncertainty. Replica errors: )
2026-05-29 14:07:08.559: [ERROR][Attempt 0/10][Retry in 93 ms] SdkError: Internal server error: exceptions::mutation_write_timeout_exception (Failed to accept proposal(ae14e498-5b67-11f1-ff35-74213e561a93) for alternator_latte_hot_partition.latte_hot_partition: write timeout due to uncertainty. Replica errors: )
2026-05-29 14:07:08.643: [ERROR][Attempt 0/10][Retry in 65 ms] SdkError: Internal server error: exceptions::mutation_write_timeout_exception (Failed to accept proposal(ae218ca2-5b67-11f1-6bf8-89cf51257bfd) for alternator_latte_hot_partition.latte_hot_partition: write timeout due to uncertainty. Replica errors: )
2026-05-29 14:07:08.760: [ERROR][Attempt 0/10][Retry in 102 ms] SdkError: Internal server error: exceptions::mutation_write_timeout_exception (Failed to accept proposal(ae336e40-5b67-11f1-c830-966989cf524e) for alternator_latte_hot_partition.latte_hot_partition: write timeout due to uncertainty. Replica errors: )
...number of dropped error messages per sampling period: 69
   2.001      3426         0      3426           0.354     6.812    15.024    75.760   113.902   218.890   289.407   411.566
2026-05-29 14:07:09.459: [ERROR][Attempt 0/10][Retry in 121 ms] SdkError: Internal server error: exceptions::mutation_write_timeout_exception (Failed to accept proposal(ae9e3b8a-5b67-11f1-c0dc-684532a00f89) for alternator_latte_hot_partition.latte_hot_partition: write timeout due to uncertainty. Replica errors: )
2026-05-29 14:07:09.875: [ERROR][Attempt 0/10][Retry in 50 ms] SdkError: Internal server error: exceptions::mutation_write_timeout_exception (Failed to accept proposal(aedd6c92-5b67-11f1-23d4-7c61ba0dc743) for alternator_latte_hot_partition.latte_hot_partition: write timeout due to uncertainty. Replica errors: )
2026-05-29 14:07:09.573: [ERROR][Attempt 0/10][Retry in 119 ms] SdkError: Internal server error: exceptions::mutation_write_timeout_exception (Failed to accept proposal(aeaf88f4-5b67-11f1-5d4e-26afa458d657) for alternator_latte_hot_partition.latte_hot_partition: write timeout due to uncertainty. Replica errors: )
2026-05-29 14:07:09.470: [ERROR][Attempt 0/10][Retry in 62 ms] SdkError: Internal server error: exceptions::mutation_write_timeout_exception (Failed to accept proposal(ae9fcc34-5b67-11f1-a283-3104c5ebbbdf) for alternator_latte_hot_partition.latte_hot_partition: write timeout due to uncertainty. Replica errors: )
2026-05-29 14:07:09.606: [ERROR][Attempt 0/10][Retry in 90 ms] SdkError: Internal server error: exceptions::mutation_write_timeout_exception (Failed to accept proposal(aeb45a96-5b67-11f1-fa3b-d672344e1688) for alternator_latte_hot_partition.latte_hot_partition: write timeout due to uncertainty. Replica errors: )
...number of dropped error messages per sampling period: 67
   3.001      3543         0      3543           0.418     8.667    40.862   106.496   144.835   302.514   428.605   532.414
2026-05-29 14:07:10.879: [ERROR][Attempt 0/10][Retry in 130 ms] SdkError: Internal server error: exceptions::mutation_write_timeout_exception (Failed to accept proposal(af771c34-5b67-11f1-4259-ac1f612dd355) for alternator_latte_hot_partition.latte_hot_partition: write timeout due to uncertainty. Replica errors: )
2026-05-29 14:07:10.840: [ERROR][Attempt 0/10][Retry in 142 ms] SdkError: Internal server error: exceptions::mutation_write_timeout_exception (Failed to accept proposal(af70df22-5b67-11f1-6ba4-ba72635c4f7a) for alternator_latte_hot_partition.latte_hot_partition: write timeout due to uncertainty. Replica errors: )
2026-05-29 14:07:10.625: [ERROR][Attempt 0/10][Retry in 144 ms] SdkError: Internal server error: exceptions::mutation_write_timeout_exception (Failed to accept proposal(af503a7e-5b67-11f1-919c-fc0e858659d0) for alternator_latte_hot_partition.latte_hot_partition: write timeout due to uncertainty. Replica errors: )
2026-05-29 14:07:10.474: [ERROR][Attempt 0/10][Retry in 85 ms] SdkError: Internal server error: exceptions::mutation_write_timeout_exception (Failed to accept proposal(af38aef4-5b67-11f1-aa94-f8ed0389805f) for alternator_latte_hot_partition.latte_hot_partition: write timeout due to uncertainty. Replica errors: )
2026-05-29 14:07:10.545: [ERROR][Attempt 0/10][Retry in 59 ms] SdkError: Internal server error: exceptions::mutation_write_timeout_exception (Failed to accept proposal(af43bad8-5b67-11f1-285d-9e17f5f3ade3) for alternator_latte_hot_partition.latte_hot_partition: write timeout due to uncertainty. Replica errors: )
...number of dropped error messages per sampling period: 65
   4.001      3489         0      3489           0.438     6.480    15.122    70.124   109.052   190.972   312.738   342.098
2026-05-29 14:07:11.454: [ERROR][Attempt 0/10][Retry in 68 ms] SdkError: Internal server error: exceptions::mutation_write_timeout_exception (Failed to accept proposal(afce7ea2-5b67-11f1-19e6-1a8b8b7c987c) for alternator_latte_hot_partition.latte_hot_partition: write timeout due to uncertainty. Replica errors: )
2026-05-29 14:07:11.767: [ERROR][Attempt 0/10][Retry in 95 ms] SdkError: Internal server error: exceptions::mutation_write_timeout_exception (Failed to accept proposal(affe4272-5b67-11f1-66fc-f04dbeb139f0) for alternator_latte_hot_partition.latte_hot_partition: write timeout due to uncertainty. Replica errors: )
2026-05-29 14:07:11.640: [ERROR][Attempt 0/10][Retry in 91 ms] SdkError: Internal server error: exceptions::mutation_write_timeout_exception (Failed to accept proposal(afeab7c0-5b67-11f1-2777-1fa0258aeedc) for alternator_latte_hot_partition.latte_hot_partition: write timeout due to uncertainty. Replica errors: )
2026-05-29 14:07:11.824: [ERROR][Attempt 0/10][Retry in 108 ms] SdkError: Internal server error: exceptions::mutation_write_timeout_exception (Failed to accept proposal(b007216c-5b67-11f1-ffdc-5b3215f24852) for alternator_latte_hot_partition.latte_hot_partition: write timeout due to uncertainty. Replica errors: )
2026-05-29 14:07:11.705: [ERROR][Attempt 0/10][Retry in 138 ms] SdkError: Internal server error: exceptions::mutation_write_timeout_exception (Failed to accept proposal(aff4a8c0-5b67-11f1-aeb0-26e5d23ee5ed) for alternator_latte_hot_partition.latte_hot_partition: write timeout due to uncertainty. Replica errors: )
...number of dropped error messages per sampling period: 64
   5.001      3511         0      3511           0.537     7.873    24.330    81.265   121.438   198.181   425.460   604.504
2026-05-29 14:07:13.252: [ERROR][Attempt 0/10][Retry in 75 ms] SdkError: Internal server error: exceptions::mutation_write_timeout_exception (Failed to accept proposal(b0e04500-5b67-11f1-8598-4c31b251b99d) for alternator_latte_hot_partition.latte_hot_partition: write timeout due to uncertainty. Replica errors: )
2026-05-29 14:07:12.457: [ERROR][Attempt 0/10][Retry in 147 ms] SdkError: Internal server error: exceptions::mutation_write_timeout_exception (Failed to accept proposal(b067d840-5b67-11f1-9923-098042c2d70e) for alternator_latte_hot_partition.latte_hot_partition: write timeout due to uncertainty. Replica errors: )
2026-05-29 14:07:12.461: [ERROR][Attempt 0/10][Retry in 79 ms] SdkError: Internal server error: exceptions::mutation_write_timeout_exception (Failed to accept proposal(b067eccc-5b67-11f1-0812-b6580de7187b) for alternator_latte_hot_partition.latte_hot_partition: write timeout due to uncertainty. Replica errors: )
2026-05-29 14:07:12.507: [ERROR][Attempt 0/10][Retry in 83 ms] SdkError: Internal server error: exceptions::mutation_write_timeout_exception (Failed to accept proposal(b06f1bb4-5b67-11f1-d843-0f177deec688) for alternator_latte_hot_partition.latte_hot_partition: write timeout due to uncertainty. Replica errors: )
2026-05-29 14:07:13.187: [ERROR][Attempt 0/10][Retry in 136 ms] SdkError: Internal server error: exceptions::mutation_write_timeout_exception (Failed to accept proposal(b0d6ae64-5b67-11f1-09ca-6fc141647ad4) for alternator_latte_hot_partition.latte_hot_partition: write timeout due to uncertainty. Replica errors: )
...number of dropped error messages per sampling period: 65
   6.001      3524         0      3524           0.461     5.759    11.190    64.356   103.678   193.593   307.495   435.421
2026-05-29 14:07:13.714: [ERROR][Attempt 0/10][Retry in 122 ms] SdkError: Internal server error: exceptions::mutation_write_timeout_exception (Failed to accept proposal(b1273dde-5b67-11f1-5358-692754689df9) for alternator_latte_hot_partition.latte_hot_partition: write timeout due to uncertainty. Replica errors: )
2026-05-29 14:07:13.620: [ERROR][Attempt 0/10][Retry in 98 ms] SdkError: Internal server error: exceptions::mutation_write_timeout_exception (Failed to accept proposal(b1190c46-5b67-11f1-1101-314f8a4dfccf) for alternator_latte_hot_partition.latte_hot_partition: write timeout due to uncertainty. Replica errors: )
2026-05-29 14:07:13.378: [ERROR][Attempt 0/10][Retry in 71 ms] SdkError: Internal server error: exceptions::mutation_write_timeout_exception (Failed to accept proposal(b0f41e4a-5b67-11f1-b0cf-2eb9697990fc) for alternator_latte_hot_partition.latte_hot_partition: write timeout due to uncertainty. Replica errors: )
2026-05-29 14:07:13.516: [ERROR][Attempt 0/10][Retry in 84 ms] SdkError: Internal server error: exceptions::mutation_write_timeout_exception (Failed to accept proposal(b1086152-5b67-11f1-b3f1-d76d1af2f3c2) for alternator_latte_hot_partition.latte_hot_partition: write timeout due to uncertainty. Replica errors: )
2026-05-29 14:07:14.243: [ERROR][Attempt 0/10][Retry in 54 ms] SdkError: Internal server error: exceptions::mutation_write_timeout_exception (Failed to accept proposal(b177f9a4-5b67-11f1-35a0-f42476fa53e2) for alternator_latte_hot_partition.latte_hot_partition: write timeout due to uncertainty. Replica errors: )
...number of dropped error messages per sampling period: 63
   7.001      3441         0      3441           0.484     6.898    14.262    69.861   107.479   200.016   356.778   529.793
2026-05-29 14:07:14.591: [ERROR][Attempt 0/10][Retry in 65 ms] SdkError: Internal server error: exceptions::mutation_write_timeout_exception (Failed to accept proposal(b1ad7eda-5b67-11f1-6ace-e6da93a02c29) for alternator_latte_hot_partition.latte_hot_partition: write timeout due to uncertainty. Replica errors: )
2026-05-29 14:07:15.197: [ERROR][Attempt 0/10][Retry in 137 ms] SdkError: Internal server error: exceptions::mutation_write_timeout_exception (Failed to accept proposal(b209546c-5b67-11f1-6309-08d624ebd699) for alternator_latte_hot_partition.latte_hot_partition: write timeout due to uncertainty. Replica errors: )
2026-05-29 14:07:14.895: [ERROR][Attempt 0/10][Retry in 149 ms] SdkError: Internal server error: exceptions::mutation_write_timeout_exception (Failed to accept proposal(b1db5b02-5b67-11f1-6313-eca1552e1583) for alternator_latte_hot_partition.latte_hot_partition: write timeout due to uncertainty. Replica errors: )
2026-05-29 14:07:14.789: [ERROR][Attempt 0/10][Retry in 64 ms] SdkError: Internal server error: exceptions::mutation_write_timeout_exception (Failed to accept proposal(b1cb103a-5b67-11f1-b82c-c63211f3a5c6) for alternator_latte_hot_partition.latte_hot_partition: write timeout due to uncertainty. Replica errors: )
2026-05-29 14:07:14.904: [ERROR][Attempt 0/10][Retry in 124 ms] SdkError: Internal server error: exceptions::mutation_write_timeout_exception (Failed to accept proposal(b1dcd630-5b67-11f1-e77b-338266b9f4f3) for alternator_latte_hot_partition.latte_hot_partition: write timeout due to uncertainty. Replica errors: )
...number of dropped error messages per sampling period: 78
   8.001      3550         0      3550           0.358     7.348    24.822    82.969   121.962   231.997   425.722   960.496
2026-05-29 14:07:15.739: [ERROR][Attempt 0/10][Retry in 58 ms] SdkError: Internal server error: exceptions::mutation_write_timeout_exception (Failed to accept proposal(b25c4014-5b67-11f1-fb08-884b3fddb2e7) for alternator_latte_hot_partition.latte_hot_partition: write timeout due to uncertainty. Replica errors: )
2026-05-29 14:07:15.544: [ERROR][Attempt 0/10][Retry in 53 ms] SdkError: Internal server error: exceptions::mutation_write_timeout_exception (Failed to accept proposal(b23edd1c-5b67-11f1-05a8-9de3da00e7b2) for alternator_latte_hot_partition.latte_hot_partition: write timeout due to uncertainty. Replica errors: )
2026-05-29 14:07:16.172: [ERROR][Attempt 0/10][Retry in 108 ms] SdkError: Internal server error: exceptions::mutation_write_timeout_exception (Failed to accept proposal(b29e261e-5b67-11f1-4db0-25838803513c) for alternator_latte_hot_partition.latte_hot_partition: write timeout due to uncertainty. Replica errors: )
2026-05-29 14:07:15.966: [ERROR][Attempt 0/10][Retry in 80 ms] SdkError: Internal server error: exceptions::mutation_write_timeout_exception (Failed to accept proposal(b27ef76c-5b67-11f1-8f9a-a79aec9e3cdd) for alternator_latte_hot_partition.latte_hot_partition: write timeout due to uncertainty. Replica errors: )
2026-05-29 14:07:15.443: [ERROR][Attempt 0/10][Retry in 67 ms] SdkError: Internal server error: exceptions::mutation_write_timeout_exception (Failed to accept proposal(b22f5cb6-5b67-11f1-afd3-cc816c7f27d7) for alternator_latte_hot_partition.latte_hot_partition: write timeout due to uncertainty. Replica errors: )
...number of dropped error messages per sampling period: 56
   9.001      3416         0      3417           0.384     6.472    13.771    64.979   103.809   208.929   334.758   913.834
2026-05-29 14:07:16.664: [ERROR][Attempt 0/10][Retry in 116 ms] SdkError: Internal server error: exceptions::mutation_write_timeout_exception (Failed to accept proposal(b2e97b46-5b67-11f1-4f73-c0b4feb1d44e) for alternator_latte_hot_partition.latte_hot_partition: write timeout due to uncertainty. Replica errors: )
2026-05-29 14:07:17.110: [ERROR][Attempt 0/10][Retry in 54 ms] SdkError: Internal server error: exceptions::mutation_write_timeout_exception (Failed to accept proposal(b32d51cc-5b67-11f1-ff2e-19714ddddba0) for alternator_latte_hot_partition.latte_hot_partition: write timeout due to uncertainty. Replica errors: )
2026-05-29 14:07:16.995: [ERROR][Attempt 0/10][Retry in 50 ms] SdkError: Internal server error: exceptions::mutation_write_timeout_exception (Failed to accept proposal(b31c0bd8-5b67-11f1-6bed-e12073b75438) for alternator_latte_hot_partition.latte_hot_partition: write timeout due to uncertainty. Replica errors: )
2026-05-29 14:07:16.692: [ERROR][Attempt 0/10][Retry in 114 ms] SdkError: Internal server error: exceptions::mutation_write_timeout_exception (Failed to accept proposal(b2edc368-5b67-11f1-7d36-a0d2ff846a40) for alternator_latte_hot_partition.latte_hot_partition: write timeout due to uncertainty. Replica errors: )
2026-05-29 14:07:16.452: [ERROR][Attempt 0/10][Retry in 145 ms] SdkError: Internal server error: exceptions::mutation_write_timeout_exception (Failed to accept proposal(b2c92c24-5b67-11f1-ffc0-12c5a8820f2d) for alternator_latte_hot_partition.latte_hot_partition: write timeout due to uncertainty. Replica errors: )
...number of dropped error messages per sampling period: 67
  10.001      3583         0      3583           0.454     8.536    34.243    92.471   129.958   229.900   363.069   462.422
2026-05-29 14:07:18.232: [ERROR][Attempt 0/10][Retry in 135 ms] SdkError: Internal server error: exceptions::mutation_write_timeout_exception (Failed to accept proposal(b3d8c9a8-5b67-11f1-5b3b-6e3e81d7858b) for alternator_latte_hot_partition.latte_hot_partition: write timeout due to uncertainty. Replica errors: )
2026-05-29 14:07:17.604: [ERROR][Attempt 0/10][Retry in 82 ms] SdkError: Internal server error: exceptions::mutation_write_timeout_exception (Failed to accept proposal(b378d502-5b67-11f1-7523-90ddebd599bd) for alternator_latte_hot_partition.latte_hot_partition: write timeout due to uncertainty. Replica errors: )
2026-05-29 14:07:17.696: [ERROR][Attempt 0/10][Retry in 78 ms] SdkError: Internal server error: exceptions::mutation_write_timeout_exception (Failed to accept proposal(b3875384-5b67-11f1-59ab-e9e6cf02718c) for alternator_latte_hot_partition.latte_hot_partition: write timeout due to uncertainty. Replica errors: )
2026-05-29 14:07:17.995: [ERROR][Attempt 0/10][Retry in 84 ms] SdkError: Internal server error: exceptions::mutation_write_timeout_exception (Failed to accept proposal(b3b467a2-5b67-11f1-02b5-47690aea4655) for alternator_latte_hot_partition.latte_hot_partition: write timeout due to uncertainty. Replica errors: )
2026-05-29 14:07:17.649: [ERROR][Attempt 0/10][Retry in 107 ms] SdkError: Internal server error: exceptions::mutation_write_timeout_exception (Failed to accept proposal(b37fb6ec-5b67-11f1-14fc-211cd1fdfc4d) for alternator_latte_hot_partition.latte_hot_partition: write timeout due to uncertainty. Replica errors: )
...number of dropped error messages per sampling period: 60
  11.001      3507         0      3506           0.490     5.513     9.044    49.742    95.027   175.374   340.263   470.811
2026-05-29 14:07:18.624: [ERROR][Attempt 0/10][Retry in 108 ms] SdkError: Internal server error: exceptions::mutation_write_timeout_exception (Failed to accept proposal(b4148a38-5b67-11f1-186a-a639dbd44676) for alternator_latte_hot_partition.latte_hot_partition: write timeout due to uncertainty. Replica errors: )
2026-05-29 14:07:19.233: [ERROR][Attempt 1/10][Retry in 186 ms] SdkError: Internal server error: exceptions::mutation_write_timeout_exception (Failed to accept proposal(b4712900-5b67-11f1-6630-2a287ab7e54c) for alternator_latte_hot_partition.latte_hot_partition: write timeout due to uncertainty. Replica errors: )
2026-05-29 14:07:19.013: [ERROR][Attempt 0/10][Retry in 149 ms] SdkError: Internal server error: exceptions::mutation_write_timeout_exception (Failed to accept proposal(b44ecf18-5b67-11f1-fc4f-7ad787cca9e6) for alternator_latte_hot_partition.latte_hot_partition: write timeout due to uncertainty. Replica errors: )
2026-05-29 14:07:19.195: [ERROR][Attempt 0/10][Retry in 114 ms] SdkError: Internal server error: exceptions::mutation_write_timeout_exception (Failed to accept proposal(b46ba5f2-5b67-11f1-1681-9d7a889be001) for alternator_latte_hot_partition.latte_hot_partition: write timeout due to uncertainty. Replica errors: )
2026-05-29 14:07:18.520: [ERROR][Attempt 0/10][Retry in 105 ms] SdkError: Internal server error: exceptions::mutation_write_timeout_exception (Failed to accept proposal(b404a6f4-5b67-11f1-9c18-b9e69e54764e) for alternator_latte_hot_partition.latte_hot_partition: write timeout due to uncertainty. Replica errors: )
...number of dropped error messages per sampling period: 75
  12.001      3373         0      3374           0.475     9.896    41.681    93.520   135.660   220.725   404.226   447.480
2026-05-29 14:07:19.935: [ERROR][Attempt 0/10][Retry in 114 ms] SdkError: Internal server error: exceptions::mutation_write_timeout_exception (Failed to accept proposal(b4dc73b8-5b67-11f1-75a2-5451b2095380) for alternator_latte_hot_partition.latte_hot_partition: write timeout due to uncertainty. Replica errors: )
2026-05-29 14:07:20.038: [ERROR][Attempt 1/10][Retry in 156 ms] SdkError: Internal server error: exceptions::mutation_write_timeout_exception (Failed to accept proposal(b4ec61d8-5b67-11f1-4fc3-4464643d2467) for alternator_latte_hot_partition.latte_hot_partition: write timeout due to uncertainty. Replica errors: )
2026-05-29 14:07:19.825: [ERROR][Attempt 0/10][Retry in 129 ms] SdkError: Internal server error: exceptions::mutation_write_timeout_exception (Failed to accept proposal(b4cbf52e-5b67-11f1-75d7-1b4d7b541fb1) for alternator_latte_hot_partition.latte_hot_partition: write timeout due to uncertainty. Replica errors: )
2026-05-29 14:07:20.138: [ERROR][Attempt 0/10][Retry in 120 ms] SdkError: Internal server error: exceptions::mutation_write_timeout_exception (Failed to accept proposal(b4fb919e-5b67-11f1-0251-91b0baa6f1b6) for alternator_latte_hot_partition.latte_hot_partition: write timeout due to uncertainty. Replica errors: )
2026-05-29 14:07:20.168: [ERROR][Attempt 0/10][Retry in 113 ms] SdkError: Internal server error: exceptions::mutation_write_timeout_exception (Failed to accept proposal(b5002e52-5b67-11f1-9b8c-b2ac44614fe1) for alternator_latte_hot_partition.latte_hot_partition: write timeout due to uncertainty. Replica errors: )
...number of dropped error messages per sampling period: 68
  13.001      3627         0      3627           0.431     8.032    42.140   115.474   148.111   278.659   479.199   704.119
2026-05-29 14:07:20.577: [ERROR][Attempt 0/10][Retry in 73 ms] SdkError: Internal server error: exceptions::mutation_write_timeout_exception (Failed to accept proposal(b53e9264-5b67-11f1-d1af-f11b0f79c0d8) for alternator_latte_hot_partition.latte_hot_partition: write timeout due to uncertainty. Replica errors: )
2026-05-29 14:07:20.857: [ERROR][Attempt 0/10][Retry in 54 ms] SdkError: Internal server error: exceptions::mutation_write_timeout_exception (Failed to accept proposal(b568f8c4-5b67-11f1-81bd-6e3c1212231c) for alternator_latte_hot_partition.latte_hot_partition: write timeout due to uncertainty. Replica errors: )
2026-05-29 14:07:20.784: [ERROR][Attempt 0/10][Retry in 85 ms] SdkError: Internal server error: exceptions::mutation_write_timeout_exception (Failed to accept proposal(b55e3498-5b67-11f1-f121-f929e74a9d69) for alternator_latte_hot_partition.latte_hot_partition: write timeout due to uncertainty. Replica errors: )
2026-05-29 14:07:20.481: [ERROR][Attempt 0/10][Retry in 139 ms] SdkError: Internal server error: exceptions::mutation_write_timeout_exception (Failed to accept proposal(b52ff90c-5b67-11f1-30d6-ef7c6e13db09) for alternator_latte_hot_partition.latte_hot_partition: write timeout due to uncertainty. Replica errors: )
2026-05-29 14:07:20.910: [ERROR][Attempt 0/10][Retry in 83 ms] SdkError: Internal server error: exceptions::mutation_write_timeout_exception (Failed to accept proposal(b5711fc2-5b67-11f1-6ce8-965e51876a7a) for alternator_latte_hot_partition.latte_hot_partition: write timeout due to uncertainty. Replica errors: )
...number of dropped error messages per sampling period: 53
  14.001      3444         0      3444           0.455     6.324    13.320    66.879   107.151   185.598   306.708   363.594
2026-05-29 14:07:21.639: [ERROR][Attempt 0/10][Retry in 138 ms] SdkError: Internal server error: exceptions::mutation_write_timeout_exception (Failed to accept proposal(b5e081be-5b67-11f1-50e3-413cdae3e149) for alternator_latte_hot_partition.latte_hot_partition: write timeout due to uncertainty. Replica errors: )
2026-05-29 14:07:21.513: [ERROR][Attempt 0/10][Retry in 83 ms] SdkError: Internal server error: exceptions::mutation_write_timeout_exception (Failed to accept proposal(b5cd4298-5b67-11f1-b68e-9f2df39fcab1) for alternator_latte_hot_partition.latte_hot_partition: write timeout due to uncertainty. Replica errors: )
2026-05-29 14:07:21.824: [ERROR][Attempt 0/10][Retry in 123 ms] SdkError: Internal server error: exceptions::mutation_write_timeout_exception (Failed to accept proposal(b5fc7d2e-5b67-11f1-f795-50a512f2a296) for alternator_latte_hot_partition.latte_hot_partition: write timeout due to uncertainty. Replica errors: )
2026-05-29 14:07:21.519: [ERROR][Attempt 0/10][Retry in 122 ms] SdkError: Internal server error: exceptions::mutation_write_timeout_exception (Failed to accept proposal(b5cdf4d6-5b67-11f1-803b-eec46464168e) for alternator_latte_hot_partition.latte_hot_partition: write timeout due to uncertainty. Replica errors: )
2026-05-29 14:07:21.470: [ERROR][Attempt 0/10][Retry in 141 ms] SdkError: Internal server error: exceptions::mutation_write_timeout_exception (Failed to accept proposal(b5c64330-5b67-11f1-d834-dc92f184dc8e) for alternator_latte_hot_partition.latte_hot_partition: write timeout due to uncertainty. Replica errors: )
...number of dropped error messages per sampling period: 88
  15.001      3536         0      3536           0.416     8.446    30.360    88.801   126.353   243.794   386.925   461.636
2026-05-29 14:07:22.807: [ERROR][Attempt 0/10][Retry in 80 ms] SdkError: Internal server error: exceptions::mutation_write_timeout_exception (Failed to accept proposal(b6930cc6-5b67-11f1-0c5c-65abb2285a39) for alternator_latte_hot_partition.latte_hot_partition: write timeout due to uncertainty. Replica errors: )
2026-05-29 14:07:22.714: [ERROR][Attempt 0/10][Retry in 96 ms] SdkError: Internal server error: exceptions::mutation_write_timeout_exception (Failed to accept proposal(b684aac8-5b67-11f1-1f80-18f7d12108c4) for alternator_latte_hot_partition.latte_hot_partition: write timeout due to uncertainty. Replica errors: )
2026-05-29 14:07:22.731: [ERROR][Attempt 0/10][Retry in 63 ms] SdkError: Internal server error: exceptions::mutation_write_timeout_exception (Failed to accept proposal(b68738ba-5b67-11f1-f53f-b466d8cc6dc8) for alternator_latte_hot_partition.latte_hot_partition: write timeout due to uncertainty. Replica errors: )
2026-05-29 14:07:22.575: [ERROR][Attempt 0/10][Retry in 70 ms] SdkError: Internal server error: exceptions::mutation_write_timeout_exception (Failed to accept proposal(b66f79dc-5b67-11f1-6b80-08a7f16b9ee5) for alternator_latte_hot_partition.latte_hot_partition: write timeout due to uncertainty. Replica errors: )
2026-05-29 14:07:22.906: [ERROR][Attempt 0/10][Retry in 76 ms] SdkError: Internal server error: exceptions::mutation_write_timeout_exception (Failed to accept proposal(b6a1ce14-5b67-11f1-02a5-6f1bf92cee9d) for alternator_latte_hot_partition.latte_hot_partition: write timeout due to uncertainty. Replica errors: )
...number of dropped error messages per sampling period: 46
  16.002      3519         0      3519           0.408     5.267     8.544    51.380    85.393   154.796   312.738   615.514
2026-05-29 14:07:23.949: [ERROR][Attempt 0/10][Retry in 97 ms] SdkError: Internal server error: exceptions::mutation_write_timeout_exception (Failed to accept proposal(b7412afe-5b67-11f1-f919-7b327af948d7) for alternator_latte_hot_partition.latte_hot_partition: write timeout due to uncertainty. Replica errors: )
2026-05-29 14:07:23.832: [ERROR][Attempt 0/10][Retry in 143 ms] SdkError: Internal server error: exceptions::mutation_write_timeout_exception (Failed to accept proposal(b72ec724-5b67-11f1-b938-491f647c0d90) for alternator_latte_hot_partition.latte_hot_partition: write timeout due to uncertainty. Replica errors: )
2026-05-29 14:07:23.685: [ERROR][Attempt 0/10][Retry in 51 ms] SdkError: Internal server error: exceptions::mutation_write_timeout_exception (Failed to accept proposal(b7190362-5b67-11f1-6e41-5ae43f01ad99) for alternator_latte_hot_partition.latte_hot_partition: write timeout due to uncertainty. Replica errors: )
2026-05-29 14:07:24.190: [ERROR][Attempt 0/10][Retry in 66 ms] SdkError: Internal server error: exceptions::mutation_write_timeout_exception (Failed to accept proposal(b7661878-5b67-11f1-ab1b-c70ab7995110) for alternator_latte_hot_partition.latte_hot_partition: write timeout due to uncertainty. Replica errors: )
2026-05-29 14:07:23.873: [ERROR][Attempt 0/10][Retry in 137 ms] SdkError: Internal server error: exceptions::mutation_write_timeout_exception (Failed to accept proposal(b73578f8-5b67-11f1-757f-916958cccdce) for alternator_latte_hot_partition.latte_hot_partition: write timeout due to uncertainty. Replica errors: )
...number of dropped error messages per sampling period: 83
  17.001      3100         0      3100           0.448    30.015    93.454   158.597   202.113   311.165   509.608   645.399
2026-05-29 14:07:24.475: [ERROR][Attempt 0/10][Retry in 83 ms] SdkError: Internal server error: exceptions::mutation_write_timeout_exception (Failed to accept proposal(b7918a76-5b67-11f1-f612-24c12bc94975) for alternator_latte_hot_partition.latte_hot_partition: write timeout due to uncertainty. Replica errors: )
2026-05-29 14:07:25.328: [ERROR][Attempt 0/10][Retry in 128 ms] SdkError: Internal server error: exceptions::mutation_write_timeout_exception (Failed to accept proposal(b813b104-5b67-11f1-5ac7-d874a34e3ba1) for alternator_latte_hot_partition.latte_hot_partition: write timeout due to uncertainty. Replica errors: )
2026-05-29 14:07:25.012: [ERROR][Attempt 0/10][Retry in 84 ms] SdkError: Internal server error: exceptions::mutation_write_timeout_exception (Failed to accept proposal(b7e37f2a-5b67-11f1-adc0-7497371e60f6) for alternator_latte_hot_partition.latte_hot_partition: write timeout due to uncertainty. Replica errors: )
2026-05-29 14:07:24.964: [ERROR][Attempt 0/10][Retry in 121 ms] SdkError: Internal server error: exceptions::mutation_write_timeout_exception (Failed to accept proposal(b7dbdb94-5b67-11f1-b9af-523490df2a82) for alternator_latte_hot_partition.latte_hot_partition: write timeout due to uncertainty. Replica errors: )
2026-05-29 14:07:24.624: [ERROR][Attempt 0/10][Retry in 66 ms] SdkError: Internal server error: exceptions::mutation_write_timeout_exception (Failed to accept proposal(b7a77f48-5b67-11f1-86fd-275b014ea5bc) for alternator_latte_hot_partition.latte_hot_partition: write timeout due to uncertainty. Replica errors: )
...number of dropped error messages per sampling period: 64
  18.000      3681         0      3681           0.656   113.574   191.365   276.300   319.554   492.044   720.896   756.023
2026-05-29 14:07:25.504: [ERROR][Attempt 0/10][Retry in 60 ms] SdkError: Internal server error: exceptions::mutation_write_timeout_exception (Failed to accept proposal(b82e7520-5b67-11f1-e2b6-853ca7b00862) for alternator_latte_hot_partition.latte_hot_partition: write timeout due to uncertainty. Replica errors: )
2026-05-29 14:07:25.984: [ERROR][Attempt 0/10][Retry in 62 ms] SdkError: Internal server error: exceptions::mutation_write_timeout_exception (Failed to accept proposal(b877f286-5b67-11f1-e466-3ac38a322c67) for alternator_latte_hot_partition.latte_hot_partition: write timeout due to uncertainty. Replica errors: )
2026-05-29 14:07:25.521: [ERROR][Attempt 0/10][Retry in 75 ms] SdkError: Internal server error: exceptions::mutation_write_timeout_exception (Failed to accept proposal(b8311370-5b67-11f1-53ca-8be86d623a65) for alternator_latte_hot_partition.latte_hot_partition: write timeout due to uncertainty. Replica errors: )
2026-05-29 14:07:26.126: [ERROR][Attempt 0/10][Retry in 56 ms] SdkError: Internal server error: exceptions::mutation_write_timeout_exception (Failed to accept proposal(b88c712a-5b67-11f1-28bc-93174457861a) for alternator_latte_hot_partition.latte_hot_partition: write timeout due to uncertainty. Replica errors: )
2026-05-29 14:07:25.512: [ERROR][Attempt 0/10][Retry in 106 ms] SdkError: Internal server error: exceptions::mutation_write_timeout_exception (Failed to accept proposal(b82fb6ec-5b67-11f1-016d-6cf9f06ef30a) for alternator_latte_hot_partition.latte_hot_partition: write timeout due to uncertainty. Replica errors: )
...number of dropped error messages per sampling period: 89
  19.001      3690         0      3689           0.498    11.526    55.935   130.154   186.515   296.747   514.064   598.213
2026-05-29 14:07:26.664: [ERROR][Attempt 0/10][Retry in 110 ms] SdkError: Internal server error: exceptions::mutation_write_timeout_exception (Failed to accept proposal(b8df5714-5b67-11f1-cb1a-0a3aeac15084) for alternator_latte_hot_partition.latte_hot_partition: write timeout due to uncertainty. Replica errors: )
2026-05-29 14:07:26.633: [ERROR][Attempt 0/10][Retry in 144 ms] SdkError: Internal server error: exceptions::mutation_write_timeout_exception (Failed to accept proposal(b8daa656-5b67-11f1-aaad-05c0be09ec23) for alternator_latte_hot_partition.latte_hot_partition: write timeout due to uncertainty. Replica errors: )
2026-05-29 14:07:26.670: [ERROR][Attempt 0/10][Retry in 102 ms] SdkError: Internal server error: exceptions::mutation_write_timeout_exception (Failed to accept proposal(b8e07b94-5b67-11f1-2f95-9bdfd5f9c9a7) for alternator_latte_hot_partition.latte_hot_partition: write timeout due to uncertainty. Replica errors: )
2026-05-29 14:07:26.778: [ERROR][Attempt 0/10][Retry in 137 ms] SdkError: Internal server error: exceptions::mutation_write_timeout_exception (Failed to accept proposal(b8f0dc6e-5b67-11f1-1dbb-8a5f20c4f7f9) for alternator_latte_hot_partition.latte_hot_partition: write timeout due to uncertainty. Replica errors: )
2026-05-29 14:07:26.947: [ERROR][Attempt 0/10][Retry in 67 ms] SdkError: Internal server error: exceptions::mutation_write_timeout_exception (Failed to accept proposal(b90a642c-5b67-11f1-25fa-f1ea2368af4a) for alternator_latte_hot_partition.latte_hot_partition: write timeout due to uncertainty. Replica errors: )
...number of dropped error messages per sampling period: 71
  20.001      3521         0      3521           0.461     7.344    19.055    83.886   120.062   251.265   428.081   611.320
2026-05-29 14:07:28.232: [ERROR][Attempt 0/10][Retry in 70 ms] SdkError: Internal server error: exceptions::mutation_write_timeout_exception (Failed to accept proposal(b9ce4ad6-5b67-11f1-5d32-1e3f14d6f995) for alternator_latte_hot_partition.latte_hot_partition: write timeout due to uncertainty. Replica errors: )
2026-05-29 14:07:27.805: [ERROR][Attempt 0/10][Retry in 100 ms] SdkError: Internal server error: exceptions::mutation_write_timeout_exception (Failed to accept proposal(b98d9400-5b67-11f1-b3b8-c543517e1444) for alternator_latte_hot_partition.latte_hot_partition: write timeout due to uncertainty. Replica errors: )
2026-05-29 14:07:27.695: [ERROR][Attempt 0/10][Retry in 112 ms] SdkError: Internal server error: exceptions::mutation_write_timeout_exception (Failed to accept proposal(b97d041e-5b67-11f1-c41f-beec3f210205) for alternator_latte_hot_partition.latte_hot_partition: write timeout due to uncertainty. Replica errors: )
2026-05-29 14:07:27.983: [ERROR][Attempt 0/10][Retry in 97 ms] SdkError: Internal server error: exceptions::mutation_write_timeout_exception (Failed to accept proposal(b9a8e872-5b67-11f1-3411-f5df2df5fa96) for alternator_latte_hot_partition.latte_hot_partition: write timeout due to uncertainty. Replica errors: )
2026-05-29 14:07:27.390: [ERROR][Attempt 0/10][Retry in 57 ms] SdkError: Internal server error: exceptions::mutation_write_timeout_exception (Failed to accept proposal(b94df9bc-5b67-11f1-96cd-cc89d33c6b04) for alternator_latte_hot_partition.latte_hot_partition: write timeout due to uncertainty. Replica errors: )
...number of dropped error messages per sampling period: 63
  21.001      3496         0      3496           0.482     5.517     8.856    47.645    88.801   157.549   282.329   349.176
2026-05-29 14:07:28.935: [ERROR][Attempt 0/10][Retry in 137 ms] SdkError: Internal server error: exceptions::mutation_write_timeout_exception (Failed to accept proposal(ba397540-5b67-11f1-6ea7-626a3722e31c) for alternator_latte_hot_partition.latte_hot_partition: write timeout due to uncertainty. Replica errors: )
2026-05-29 14:07:28.716: [ERROR][Attempt 0/10][Retry in 137 ms] SdkError: Internal server error: exceptions::mutation_write_timeout_exception (Failed to accept proposal(ba18429e-5b67-11f1-1fc7-48e0c2a58342) for alternator_latte_hot_partition.latte_hot_partition: write timeout due to uncertainty. Replica errors: )
2026-05-29 14:07:28.541: [ERROR][Attempt 0/10][Retry in 112 ms] SdkError: Internal server error: exceptions::mutation_write_timeout_exception (Failed to accept proposal(b9fdf48e-5b67-11f1-2219-5d1f12e5bceb) for alternator_latte_hot_partition.latte_hot_partition: write timeout due to uncertainty. Replica errors: )
2026-05-29 14:07:28.560: [ERROR][Attempt 1/10][Retry in 214 ms] SdkError: Internal server error: exceptions::mutation_write_timeout_exception (Failed to accept proposal(ba00d4c4-5b67-11f1-2490-2a6986cf8aab) for alternator_latte_hot_partition.latte_hot_partition: write timeout due to uncertainty. Replica errors: )
2026-05-29 14:07:29.085: [ERROR][Attempt 0/10][Retry in 129 ms] SdkError: Internal server error: exceptions::mutation_write_timeout_exception (Failed to accept proposal(ba50b278-5b67-11f1-b942-32c08f25bc46) for alternator_latte_hot_partition.latte_hot_partition: write timeout due to uncertainty. Replica errors: )
...number of dropped error messages per sampling period: 76
  22.001      3423         0      3423           0.461     8.290    29.835    88.736   124.322   224.920   349.176   437.256
2026-05-29 14:07:29.411: [ERROR][Attempt 0/10][Retry in 137 ms] SdkError: Internal server error: exceptions::mutation_write_timeout_exception (Failed to accept proposal(ba82922a-5b67-11f1-e2a0-b40f69a7072f) for alternator_latte_hot_partition.latte_hot_partition: write timeout due to uncertainty. Replica errors: )
2026-05-29 14:07:30.220: [ERROR][Attempt 0/10][Retry in 106 ms] SdkError: Internal server error: exceptions::mutation_write_timeout_exception (Failed to accept proposal(bafe04f0-5b67-11f1-ba40-78802a2e1557) for alternator_latte_hot_partition.latte_hot_partition: write timeout due to uncertainty. Replica errors: )
2026-05-29 14:07:29.770: [ERROR][Attempt 0/10][Retry in 143 ms] SdkError: Internal server error: exceptions::mutation_write_timeout_exception (Failed to accept proposal(bab995d6-5b67-11f1-b482-1fda137645d5) for alternator_latte_hot_partition.latte_hot_partition: write timeout due to uncertainty. Replica errors: )
2026-05-29 14:07:29.996: [ERROR][Attempt 0/10][Retry in 76 ms] SdkError: Internal server error: exceptions::mutation_write_timeout_exception (Failed to accept proposal(badb469a-5b67-11f1-6966-cad7538b218d) for alternator_latte_hot_partition.latte_hot_partition: write timeout due to uncertainty. Replica errors: )
2026-05-29 14:07:30.215: [ERROR][Attempt 0/10][Retry in 71 ms] SdkError: Internal server error: exceptions::mutation_write_timeout_exception (Failed to accept proposal(bafd5dfc-5b67-11f1-5944-b2727df76aad) for alternator_latte_hot_partition.latte_hot_partition: write timeout due to uncertainty. Replica errors: )
...number of dropped error messages per sampling period: 68
  23.001      3595         0      3595           0.458     8.503    44.794   101.253   138.150   237.502   442.761   519.045
2026-05-29 14:07:30.659: [ERROR][Attempt 0/10][Retry in 122 ms] SdkError: Internal server error: exceptions::mutation_write_timeout_exception (Failed to accept proposal(bb4103ea-5b67-11f1-9ebf-96f0f8e24bf3) for alternator_latte_hot_partition.latte_hot_partition: write timeout due to uncertainty. Replica errors: )
2026-05-29 14:07:31.329: [ERROR][Attempt 0/10][Retry in 141 ms] SdkError: Internal server error: exceptions::mutation_write_timeout_exception (Failed to accept proposal(bba74128-5b67-11f1-b02f-cedae0294b39) for alternator_latte_hot_partition.latte_hot_partition: write timeout due to uncertainty. Replica errors: )
2026-05-29 14:07:30.452: [ERROR][Attempt 0/10][Retry in 60 ms] SdkError: Internal server error: exceptions::mutation_write_timeout_exception (Failed to accept proposal(bb21749e-5b67-11f1-9c1c-dd1de112e0bf) for alternator_latte_hot_partition.latte_hot_partition: write timeout due to uncertainty. Replica errors: )
2026-05-29 14:07:30.830: [ERROR][Attempt 0/10][Retry in 109 ms] SdkError: Internal server error: exceptions::mutation_write_timeout_exception (Failed to accept proposal(bb5a9c60-5b67-11f1-a54d-9c23b775dd45) for alternator_latte_hot_partition.latte_hot_partition: write timeout due to uncertainty. Replica errors: )
2026-05-29 14:07:30.869: [ERROR][Attempt 0/10][Retry in 148 ms] SdkError: Internal server error: exceptions::mutation_write_timeout_exception (Failed to accept proposal(bb6104a6-5b67-11f1-eb93-22e386ef904c) for alternator_latte_hot_partition.latte_hot_partition: write timeout due to uncertainty. Replica errors: )
...number of dropped error messages per sampling period: 56
  24.002      3449         0      3449           0.388     6.181    11.960    63.046    95.945   173.408   274.465   286.786
2026-05-29 14:07:32.101: [ERROR][Attempt 0/10][Retry in 129 ms] SdkError: Internal server error: exceptions::mutation_write_timeout_exception (Failed to accept proposal(bc1d32e8-5b67-11f1-69e7-d0776e2db3df) for alternator_latte_hot_partition.latte_hot_partition: write timeout due to uncertainty. Replica errors: )
2026-05-29 14:07:31.525: [ERROR][Attempt 0/10][Retry in 143 ms] SdkError: Internal server error: exceptions::mutation_write_timeout_exception (Failed to accept proposal(bbc51874-5b67-11f1-78c2-829371fd922a) for alternator_latte_hot_partition.latte_hot_partition: write timeout due to uncertainty. Replica errors: )
2026-05-29 14:07:31.849: [ERROR][Attempt 0/10][Retry in 110 ms] SdkError: Internal server error: exceptions::mutation_write_timeout_exception (Failed to accept proposal(bbf61244-5b67-11f1-6d8d-360b08fcbf4c) for alternator_latte_hot_partition.latte_hot_partition: write timeout due to uncertainty. Replica errors: )
2026-05-29 14:07:32.143: [ERROR][Attempt 0/10][Retry in 127 ms] SdkError: Internal server error: exceptions::mutation_write_timeout_exception (Failed to accept proposal(bc235ea2-5b67-11f1-dbc4-75e22d7f2bc7) for alternator_latte_hot_partition.latte_hot_partition: write timeout due to uncertainty. Replica errors: )
2026-05-29 14:07:32.001: [ERROR][Attempt 0/10][Retry in 57 ms] SdkError: Internal server error: exceptions::mutation_write_timeout_exception (Failed to accept proposal(bc0d916c-5b67-11f1-1e3d-b235919c8fde) for alternator_latte_hot_partition.latte_hot_partition: write timeout due to uncertainty. Replica errors: )
...number of dropped error messages per sampling period: 69
  25.002      3530         0      3530           0.429     8.757    31.621    88.539   128.909   231.211   362.283   482.083
2026-05-29 14:07:32.979: [ERROR][Attempt 0/10][Retry in 90 ms] SdkError: Internal server error: exceptions::mutation_write_timeout_exception (Failed to accept proposal(bca3349c-5b67-11f1-4a92-66c51b7c56de) for alternator_latte_hot_partition.latte_hot_partition: write timeout due to uncertainty. Replica errors: )
2026-05-29 14:07:32.682: [ERROR][Attempt 0/10][Retry in 92 ms] SdkError: Internal server error: exceptions::mutation_write_timeout_exception (Failed to accept proposal(bc75c1f6-5b67-11f1-f9d1-a1002d301cb6) for alternator_latte_hot_partition.latte_hot_partition: write timeout due to uncertainty. Replica errors: )
2026-05-29 14:07:32.664: [ERROR][Attempt 0/10][Retry in 65 ms] SdkError: Internal server error: exceptions::mutation_write_timeout_exception (Failed to accept proposal(bc72bf88-5b67-11f1-7b85-395b85e857ad) for alternator_latte_hot_partition.latte_hot_partition: write timeout due to uncertainty. Replica errors: )
2026-05-29 14:07:32.600: [ERROR][Attempt 0/10][Retry in 65 ms] SdkError: Internal server error: exceptions::mutation_write_timeout_exception (Failed to accept proposal(bc6927ac-5b67-11f1-704a-6387cf1004fa) for alternator_latte_hot_partition.latte_hot_partition: write timeout due to uncertainty. Replica errors: )
2026-05-29 14:07:32.387: [ERROR][Attempt 0/10][Retry in 66 ms] SdkError: Internal server error: exceptions::mutation_write_timeout_exception (Failed to accept proposal(bc48861e-5b67-11f1-b468-2251ebc61c3a) for alternator_latte_hot_partition.latte_hot_partition: write timeout due to uncertainty. Replica errors: )
...number of dropped error messages per sampling period: 56
  26.001      3517         0      3518           0.477     5.747     9.544    58.393    96.469   170.787   298.058   343.671
2026-05-29 14:07:33.819: [ERROR][Attempt 0/10][Retry in 93 ms] SdkError: Internal server error: exceptions::mutation_write_timeout_exception (Failed to accept proposal(bd2307c6-5b67-11f1-92ed-dcd94fdec853) for alternator_latte_hot_partition.latte_hot_partition: write timeout due to uncertainty. Replica errors: )
2026-05-29 14:07:33.630: [ERROR][Attempt 0/10][Retry in 58 ms] SdkError: Internal server error: exceptions::mutation_write_timeout_exception (Failed to accept proposal(bd063fb0-5b67-11f1-7753-fd7a70bbf5bc) for alternator_latte_hot_partition.latte_hot_partition: write timeout due to uncertainty. Replica errors: )
2026-05-29 14:07:34.234: [ERROR][Attempt 0/10][Retry in 95 ms] SdkError: Internal server error: exceptions::mutation_write_timeout_exception (Failed to accept proposal(bd625908-5b67-11f1-8b53-4bd3da2bf3c7) for alternator_latte_hot_partition.latte_hot_partition: write timeout due to uncertainty. Replica errors: )
2026-05-29 14:07:34.295: [ERROR][Attempt 0/10][Retry in 141 ms] SdkError: Internal server error: exceptions::mutation_write_timeout_exception (Failed to accept proposal(bd6b9ea0-5b67-11f1-6782-242b754a51fc) for alternator_latte_hot_partition.latte_hot_partition: write timeout due to uncertainty. Replica errors: )
2026-05-29 14:07:33.383: [ERROR][Attempt 0/10][Retry in 102 ms] SdkError: Internal server error: exceptions::mutation_write_timeout_exception (Failed to accept proposal(bce09756-5b67-11f1-0d9f-70f55295f534) for alternator_latte_hot_partition.latte_hot_partition: write timeout due to uncertainty. Replica errors: )
...number of dropped error messages per sampling period: 69
  27.001      3434         0      3434           0.549     9.470    44.925    97.780   136.577   262.799   481.034   584.057
2026-05-29 14:07:34.907: [ERROR][Attempt 0/10][Retry in 115 ms] SdkError: Internal server error: exceptions::mutation_write_timeout_exception (Failed to accept proposal(bdc90ff4-5b67-11f1-d590-bd738579929d) for alternator_latte_hot_partition.latte_hot_partition: write timeout due to uncertainty. Replica errors: )
2026-05-29 14:07:35.029: [ERROR][Attempt 0/10][Retry in 108 ms] SdkError: Internal server error: exceptions::mutation_write_timeout_exception (Failed to accept proposal(bddb7db0-5b67-11f1-6a22-a8c4ec34f77a) for alternator_latte_hot_partition.latte_hot_partition: write timeout due to uncertainty. Replica errors: )
2026-05-29 14:07:35.153: [ERROR][Attempt 0/10][Retry in 109 ms] SdkError: Internal server error: exceptions::mutation_write_timeout_exception (Failed to accept proposal(bdeed8ce-5b67-11f1-c693-0eca5a002032) for alternator_latte_hot_partition.latte_hot_partition: write timeout due to uncertainty. Replica errors: )
2026-05-29 14:07:34.505: [ERROR][Attempt 0/10][Retry in 97 ms] SdkError: Internal server error: exceptions::mutation_write_timeout_exception (Failed to accept proposal(bd8b9890-5b67-11f1-f6f0-ced1511be596) for alternator_latte_hot_partition.latte_hot_partition: write timeout due to uncertainty. Replica errors: )
2026-05-29 14:07:34.581: [ERROR][Attempt 0/10][Retry in 142 ms] SdkError: Internal server error: exceptions::mutation_write_timeout_exception (Failed to accept proposal(bd976120-5b67-11f1-b3e7-82810ede1209) for alternator_latte_hot_partition.latte_hot_partition: write timeout due to uncertainty. Replica errors: )
...number of dropped error messages per sampling period: 62
  28.001      3557         0      3557           0.519     6.808    20.185    82.051   118.227   224.657   352.322   533.201
2026-05-29 14:07:36.306: [ERROR][Attempt 0/10][Retry in 72 ms] SdkError: Internal server error: exceptions::mutation_write_timeout_exception (Failed to accept proposal(be9da304-5b67-11f1-dda7-f8cac6ac08c3) for alternator_latte_hot_partition.latte_hot_partition: write timeout due to uncertainty. Replica errors: )
2026-05-29 14:07:35.598: [ERROR][Attempt 0/10][Retry in 69 ms] SdkError: Internal server error: exceptions::mutation_write_timeout_exception (Failed to accept proposal(be32d3ee-5b67-11f1-3490-bbad56eec095) for alternator_latte_hot_partition.latte_hot_partition: write timeout due to uncertainty. Replica errors: )
2026-05-29 14:07:36.049: [ERROR][Attempt 0/10][Retry in 92 ms] SdkError: Internal server error: exceptions::mutation_write_timeout_exception (Failed to accept proposal(be773c0a-5b67-11f1-e949-dc49c9679e11) for alternator_latte_hot_partition.latte_hot_partition: write timeout due to uncertainty. Replica errors: )
2026-05-29 14:07:36.351: [ERROR][Attempt 0/10][Retry in 67 ms] SdkError: Internal server error: exceptions::mutation_write_timeout_exception (Failed to accept proposal(bea593a2-5b67-11f1-59ad-1c3c11395dd2) for alternator_latte_hot_partition.latte_hot_partition: write timeout due to uncertainty. Replica errors: )
2026-05-29 14:07:36.283: [ERROR][Attempt 0/10][Retry in 71 ms] SdkError: Internal server error: exceptions::mutation_write_timeout_exception (Failed to accept proposal(be9afb0e-5b67-11f1-db10-0554e72a9ede) for alternator_latte_hot_partition.latte_hot_partition: write timeout due to uncertainty. Replica errors: )
...number of dropped error messages per sampling period: 60
  29.001      3494         0      3494           0.466     5.677     8.831    48.693    91.619   178.651   437.256   883.950
2026-05-29 14:07:36.409: [ERROR][Attempt 0/10][Retry in 83 ms] SdkError: Internal server error: exceptions::mutation_write_timeout_exception (Failed to accept proposal(beaeacda-5b67-11f1-09b9-990a00b0a974) for alternator_latte_hot_partition.latte_hot_partition: write timeout due to uncertainty. Replica errors: )
2026-05-29 14:07:36.913: [ERROR][Attempt 0/10][Retry in 93 ms] SdkError: Internal server error: exceptions::mutation_write_timeout_exception (Failed to accept proposal(befb28ee-5b67-11f1-5b10-cee18f3c8ab5) for alternator_latte_hot_partition.latte_hot_partition: write timeout due to uncertainty. Replica errors: )
2026-05-29 14:07:36.370: [ERROR][Attempt 0/10][Retry in 117 ms] SdkError: Internal server error: exceptions::mutation_write_timeout_exception (Failed to accept proposal(bea82dc4-5b67-11f1-ebf6-7d03f4773d1a) for alternator_latte_hot_partition.latte_hot_partition: write timeout due to uncertainty. Replica errors: )
2026-05-29 14:07:36.436: [ERROR][Attempt 0/10][Retry in 98 ms] SdkError: Internal server error: exceptions::mutation_write_timeout_exception (Failed to accept proposal(beb1e904-5b67-11f1-5242-759597ccf1ee) for alternator_latte_hot_partition.latte_hot_partition: write timeout due to uncertainty. Replica errors: )
2026-05-29 14:07:36.488: [ERROR][Attempt 0/10][Retry in 134 ms] SdkError: Internal server error: exceptions::mutation_write_timeout_exception (Failed to accept proposal(beba0620-5b67-11f1-0c40-5bbdff1b2dc7) for alternator_latte_hot_partition.latte_hot_partition: write timeout due to uncertainty. Replica errors: )
...number of dropped error messages per sampling period: 61
  30.002      3480         0      3480           0.536     8.012    27.001    81.265   112.198   198.574   285.737   414.712
2026-05-29 14:07:37.429: [ERROR][Attempt 0/10][Retry in 136 ms] SdkError: Internal server error: exceptions::mutation_write_timeout_exception (Failed to accept proposal(bf49abcc-5b67-11f1-9b29-e7598d80ddf5) for alternator_latte_hot_partition.latte_hot_partition: write timeout due to uncertainty. Replica errors: )
2026-05-29 14:07:37.939: [ERROR][Attempt 0/10][Retry in 93 ms] SdkError: Internal server error: exceptions::mutation_write_timeout_exception (Failed to accept proposal(bf97f700-5b67-11f1-0017-c177f3c2f87f) for alternator_latte_hot_partition.latte_hot_partition: write timeout due to uncertainty. Replica errors: )
2026-05-29 14:07:37.453: [ERROR][Attempt 0/10][Retry in 84 ms] SdkError: Internal server error: exceptions::mutation_write_timeout_exception (Failed to accept proposal(bf4d9124-5b67-11f1-6bab-bd2baed65621) for alternator_latte_hot_partition.latte_hot_partition: write timeout due to uncertainty. Replica errors: )
2026-05-29 14:07:37.703: [ERROR][Attempt 0/10][Retry in 87 ms] SdkError: Internal server error: exceptions::mutation_write_timeout_exception (Failed to accept proposal(bf73c65a-5b67-11f1-df41-cd45703e76bd) for alternator_latte_hot_partition.latte_hot_partition: write timeout due to uncertainty. Replica errors: )
2026-05-29 14:07:37.989: [ERROR][Attempt 0/10][Retry in 83 ms] SdkError: Internal server error: exceptions::mutation_write_timeout_exception (Failed to accept proposal(bf9f3ee8-5b67-11f1-fccb-63fcfc2e2d0d) for alternator_latte_hot_partition.latte_hot_partition: write timeout due to uncertainty. Replica errors: )
...number of dropped error messages per sampling period: 74
  31.001      3525         0      3525           0.431     6.636    16.507    77.988   115.868   212.861   340.525   447.218
2026-05-29 14:07:38.512: [ERROR][Attempt 0/10][Retry in 112 ms] SdkError: Internal server error: exceptions::mutation_write_timeout_exception (Failed to accept proposal(bfef40be-5b67-11f1-9664-d55a0f9514be) for alternator_latte_hot_partition.latte_hot_partition: write timeout due to uncertainty. Replica errors: )
2026-05-29 14:07:38.900: [ERROR][Attempt 1/10][Retry in 193 ms] SdkError: Internal server error: exceptions::mutation_write_timeout_exception (Failed to accept proposal(c02a659a-5b67-11f1-9147-1932926e7ba5) for alternator_latte_hot_partition.latte_hot_partition: write timeout due to uncertainty. Replica errors: )
2026-05-29 14:07:38.896: [ERROR][Attempt 0/10][Retry in 121 ms] SdkError: Internal server error: exceptions::mutation_write_timeout_exception (Failed to accept proposal(c0296dd4-5b67-11f1-4c32-586be8f16863) for alternator_latte_hot_partition.latte_hot_partition: write timeout due to uncertainty. Replica errors: )
2026-05-29 14:07:39.256: [ERROR][Attempt 0/10][Retry in 88 ms] SdkError: Internal server error: exceptions::mutation_write_timeout_exception (Failed to accept proposal(c060c928-5b67-11f1-2e13-d4e4e6fcdde7) for alternator_latte_hot_partition.latte_hot_partition: write timeout due to uncertainty. Replica errors: )
2026-05-29 14:07:38.407: [ERROR][Attempt 0/10][Retry in 51 ms] SdkError: Internal server error: exceptions::mutation_write_timeout_exception (Failed to accept proposal(bfdedfe4-5b67-11f1-2422-3d5c4304c1c2) for alternator_latte_hot_partition.latte_hot_partition: write timeout due to uncertainty. Replica errors: )
...number of dropped error messages per sampling period: 58
  32.001      3469         0      3468           0.458     6.873    15.974    75.891   111.149   201.458   288.621   519.307
2026-05-29 14:07:40.208: [ERROR][Attempt 0/10][Retry in 99 ms] SdkError: Internal server error: exceptions::mutation_write_timeout_exception (Failed to accept proposal(c0f1f560-5b67-11f1-b61e-355072c05505) for alternator_latte_hot_partition.latte_hot_partition: write timeout due to uncertainty. Replica errors: )
2026-05-29 14:07:39.380: [ERROR][Attempt 0/10][Retry in 118 ms] SdkError: Internal server error: exceptions::mutation_write_timeout_exception (Failed to accept proposal(c0736998-5b67-11f1-008e-68aca4a28aa6) for alternator_latte_hot_partition.latte_hot_partition: write timeout due to uncertainty. Replica errors: )
2026-05-29 14:07:39.363: [ERROR][Attempt 0/10][Retry in 50 ms] SdkError: Internal server error: exceptions::mutation_write_timeout_exception (Failed to accept proposal(c070e114-5b67-11f1-a2d3-b6989f9247af) for alternator_latte_hot_partition.latte_hot_partition: write timeout due to uncertainty. Replica errors: )
2026-05-29 14:07:40.214: [ERROR][Attempt 0/10][Retry in 128 ms] SdkError: Internal server error: exceptions::mutation_write_timeout_exception (Failed to accept proposal(c0f2d34a-5b67-11f1-7b57-93995e940cb7) for alternator_latte_hot_partition.latte_hot_partition: write timeout due to uncertainty. Replica errors: )
2026-05-29 14:07:39.588: [ERROR][Attempt 0/10][Retry in 81 ms] SdkError: Internal server error: exceptions::mutation_write_timeout_exception (Failed to accept proposal(c0939a60-5b67-11f1-52fd-8200fdbfe71d) for alternator_latte_hot_partition.latte_hot_partition: write timeout due to uncertainty. Replica errors: )
...number of dropped error messages per sampling period: 54
  33.001      3530         0      3530           0.518     6.734    17.465    74.383   106.496   185.729   310.116   474.481
2026-05-29 14:07:40.918: [ERROR][Attempt 0/10][Retry in 146 ms] SdkError: Internal server error: exceptions::mutation_write_timeout_exception (Failed to accept proposal(c15e7686-5b67-11f1-3706-9477f2534718) for alternator_latte_hot_partition.latte_hot_partition: write timeout due to uncertainty. Replica errors: )
2026-05-29 14:07:40.481: [ERROR][Attempt 0/10][Retry in 93 ms] SdkError: Internal server error: exceptions::mutation_write_timeout_exception (Failed to accept proposal(c11b94ba-5b67-11f1-c6be-a8b654f1ec3e) for alternator_latte_hot_partition.latte_hot_partition: write timeout due to uncertainty. Replica errors: )
2026-05-29 14:07:41.320: [ERROR][Attempt 0/10][Retry in 129 ms] SdkError: Internal server error: exceptions::mutation_write_timeout_exception (Failed to accept proposal(c19bd238-5b67-11f1-e8ad-06655ce4239e) for alternator_latte_hot_partition.latte_hot_partition: write timeout due to uncertainty. Replica errors: )
2026-05-29 14:07:40.561: [ERROR][Attempt 0/10][Retry in 123 ms] SdkError: Internal server error: exceptions::mutation_write_timeout_exception (Failed to accept proposal(c127a89a-5b67-11f1-49a5-edc004a80c9f) for alternator_latte_hot_partition.latte_hot_partition: write timeout due to uncertainty. Replica errors: )
2026-05-29 14:07:40.472: [ERROR][Attempt 0/10][Retry in 119 ms] SdkError: Internal server error: exceptions::mutation_write_timeout_exception (Failed to accept proposal(c11a9d94-5b67-11f1-eba1-b6541bf068bd) for alternator_latte_hot_partition.latte_hot_partition: write timeout due to uncertainty. Replica errors: )
...number of dropped error messages per sampling period: 73
  34.001      3501         0      3501           0.507     6.550    12.632    64.913   105.382   179.044   256.246   291.766
2026-05-29 14:07:41.853: [ERROR][Attempt 0/10][Retry in 135 ms] SdkError: Internal server error: exceptions::mutation_write_timeout_exception (Failed to accept proposal(c1ece682-5b67-11f1-7d75-2b2139a42c89) for alternator_latte_hot_partition.latte_hot_partition: write timeout due to uncertainty. Replica errors: )
2026-05-29 14:07:41.947: [ERROR][Attempt 0/10][Retry in 108 ms] SdkError: Internal server error: exceptions::mutation_write_timeout_exception (Failed to accept proposal(c1fa7dba-5b67-11f1-da59-c2fe21b8fe2d) for alternator_latte_hot_partition.latte_hot_partition: write timeout due to uncertainty. Replica errors: )
2026-05-29 14:07:41.839: [ERROR][Attempt 0/10][Retry in 101 ms] SdkError: Internal server error: exceptions::mutation_write_timeout_exception (Failed to accept proposal(c1eadea0-5b67-11f1-44e1-06a864190be7) for alternator_latte_hot_partition.latte_hot_partition: write timeout due to uncertainty. Replica errors: )
2026-05-29 14:07:41.568: [ERROR][Attempt 0/10][Retry in 88 ms] SdkError: Internal server error: exceptions::mutation_write_timeout_exception (Failed to accept proposal(c1c19cfc-5b67-11f1-6b88-72ad564c3789) for alternator_latte_hot_partition.latte_hot_partition: write timeout due to uncertainty. Replica errors: )
2026-05-29 14:07:42.094: [ERROR][Attempt 0/10][Retry in 147 ms] SdkError: Internal server error: exceptions::mutation_write_timeout_exception (Failed to accept proposal(c211d47e-5b67-11f1-4527-6cd257566942) for alternator_latte_hot_partition.latte_hot_partition: write timeout due to uncertainty. Replica errors: )
...number of dropped error messages per sampling period: 76
  35.001      3484         0      3484           0.428     7.381    20.906    79.495   113.639   204.210   396.100   461.373
2026-05-29 14:07:43.031: [ERROR][Attempt 0/10][Retry in 57 ms] SdkError: Internal server error: exceptions::mutation_write_timeout_exception (Failed to accept proposal(c2a102b6-5b67-11f1-ed5f-b4a76d42fd68) for alternator_latte_hot_partition.latte_hot_partition: write timeout due to uncertainty. Replica errors: )
2026-05-29 14:07:43.137: [ERROR][Attempt 0/10][Retry in 128 ms] SdkError: Internal server error: exceptions::mutation_write_timeout_exception (Failed to accept proposal(c2b08196-5b67-11f1-6203-0c1c7ba47021) for alternator_latte_hot_partition.latte_hot_partition: write timeout due to uncertainty. Replica errors: )
2026-05-29 14:07:43.320: [ERROR][Attempt 0/10][Retry in 105 ms] SdkError: Internal server error: exceptions::mutation_write_timeout_exception (Failed to accept proposal(c2ccb56e-5b67-11f1-6346-fc9f9c60fd40) for alternator_latte_hot_partition.latte_hot_partition: write timeout due to uncertainty. Replica errors: )
2026-05-29 14:07:42.584: [ERROR][Attempt 0/10][Retry in 51 ms] SdkError: Internal server error: exceptions::mutation_write_timeout_exception (Failed to accept proposal(c25cc010-5b67-11f1-073a-44c668808913) for alternator_latte_hot_partition.latte_hot_partition: write timeout due to uncertainty. Replica errors: )
2026-05-29 14:07:43.224: [ERROR][Attempt 0/10][Retry in 137 ms] SdkError: Internal server error: exceptions::mutation_write_timeout_exception (Failed to accept proposal(c2be4448-5b67-11f1-3e91-3717d58afd48) for alternator_latte_hot_partition.latte_hot_partition: write timeout due to uncertainty. Replica errors: )
...number of dropped error messages per sampling period: 59
  36.001      3510         0      3509           0.464     6.222    11.256    62.915    94.568   175.243   290.980   390.595
2026-05-29 14:07:43.781: [ERROR][Attempt 0/10][Retry in 76 ms] SdkError: Internal server error: exceptions::mutation_write_timeout_exception (Failed to accept proposal(c3134d58-5b67-11f1-2220-f84c7bd68d83) for alternator_latte_hot_partition.latte_hot_partition: write timeout due to uncertainty. Replica errors: )
2026-05-29 14:07:43.431: [ERROR][Attempt 0/10][Retry in 125 ms] SdkError: Internal server error: exceptions::mutation_write_timeout_exception (Failed to accept proposal(c2dde564-5b67-11f1-19f1-9c6be5d490f2) for alternator_latte_hot_partition.latte_hot_partition: write timeout due to uncertainty. Replica errors: )
2026-05-29 14:07:44.187: [ERROR][Attempt 0/10][Retry in 105 ms] SdkError: Internal server error: exceptions::mutation_write_timeout_exception (Failed to accept proposal(c35120ec-5b67-11f1-46cc-63c2066bbd85) for alternator_latte_hot_partition.latte_hot_partition: write timeout due to uncertainty. Replica errors: )
2026-05-29 14:07:44.160: [ERROR][Attempt 0/10][Retry in 63 ms] SdkError: Internal server error: exceptions::mutation_write_timeout_exception (Failed to accept proposal(c34d2528-5b67-11f1-b356-88ae662b602e) for alternator_latte_hot_partition.latte_hot_partition: write timeout due to uncertainty. Replica errors: )
2026-05-29 14:07:43.594: [ERROR][Attempt 0/10][Retry in 64 ms] SdkError: Internal server error: exceptions::mutation_write_timeout_exception (Failed to accept proposal(c2f6951e-5b67-11f1-1824-88b1933761fe) for alternator_latte_hot_partition.latte_hot_partition: write timeout due to uncertainty. Replica errors: )
...number of dropped error messages per sampling period: 54
  37.001      3515         0      3515           0.479     6.836    14.000    71.107   107.807   189.923   339.214   396.362
2026-05-29 14:07:45.039: [ERROR][Attempt 0/10][Retry in 143 ms] SdkError: Internal server error: exceptions::mutation_write_timeout_exception (Failed to accept proposal(c3d2bcb0-5b67-11f1-83bf-3a4d01cdfecc) for alternator_latte_hot_partition.latte_hot_partition: write timeout due to uncertainty. Replica errors: )
2026-05-29 14:07:44.624: [ERROR][Attempt 0/10][Retry in 72 ms] SdkError: Internal server error: exceptions::mutation_write_timeout_exception (Failed to accept proposal(c394108c-5b67-11f1-d107-478555b97d71) for alternator_latte_hot_partition.latte_hot_partition: write timeout due to uncertainty. Replica errors: )
2026-05-29 14:07:44.382: [ERROR][Attempt 0/10][Retry in 124 ms] SdkError: Internal server error: exceptions::mutation_write_timeout_exception (Failed to accept proposal(c36f3f96-5b67-11f1-02ca-7225995d4db0) for alternator_latte_hot_partition.latte_hot_partition: write timeout due to uncertainty. Replica errors: )
2026-05-29 14:07:44.953: [ERROR][Attempt 0/10][Retry in 92 ms] SdkError: Internal server error: exceptions::mutation_write_timeout_exception (Failed to accept proposal(c3c5de0a-5b67-11f1-e9b5-0a61c92ac0ac) for alternator_latte_hot_partition.latte_hot_partition: write timeout due to uncertainty. Replica errors: )
2026-05-29 14:07:44.985: [ERROR][Attempt 0/10][Retry in 73 ms] SdkError: Internal server error: exceptions::mutation_write_timeout_exception (Failed to accept proposal(c3cab830-5b67-11f1-caef-c72c4cecd1a5) for alternator_latte_hot_partition.latte_hot_partition: write timeout due to uncertainty. Replica errors: )
...number of dropped error messages per sampling period: 83
  38.002      3437         0      3437           0.483     7.225    20.333    73.466   113.377   193.593   359.399   414.188
2026-05-29 14:07:45.500: [ERROR][Attempt 0/10][Retry in 54 ms] SdkError: Internal server error: exceptions::mutation_write_timeout_exception (Failed to accept proposal(c4196cf0-5b67-11f1-7e54-bbb70155f241) for alternator_latte_hot_partition.latte_hot_partition: write timeout due to uncertainty. Replica errors: )
2026-05-29 14:07:46.273: [ERROR][Attempt 0/10][Retry in 95 ms] SdkError: Internal server error: exceptions::mutation_write_timeout_exception (Failed to accept proposal(c48f998e-5b67-11f1-31c3-faecac09c236) for alternator_latte_hot_partition.latte_hot_partition: write timeout due to uncertainty. Replica errors: )
2026-05-29 14:07:46.112: [ERROR][Attempt 0/10][Retry in 123 ms] SdkError: Internal server error: exceptions::mutation_write_timeout_exception (Failed to accept proposal(c4770752-5b67-11f1-419f-5473c65a5bbb) for alternator_latte_hot_partition.latte_hot_partition: write timeout due to uncertainty. Replica errors: )
2026-05-29 14:07:46.004: [ERROR][Attempt 0/10][Retry in 72 ms] SdkError: Internal server error: exceptions::mutation_write_timeout_exception (Failed to accept proposal(c4668044-5b67-11f1-a51b-7e56d02b6d88) for alternator_latte_hot_partition.latte_hot_partition: write timeout due to uncertainty. Replica errors: )
2026-05-29 14:07:45.505: [ERROR][Attempt 0/10][Retry in 65 ms] SdkError: Internal server error: exceptions::mutation_write_timeout_exception (Failed to accept proposal(c419fe5e-5b67-11f1-91c0-b429101f15d8) for alternator_latte_hot_partition.latte_hot_partition: write timeout due to uncertainty. Replica errors: )
...number of dropped error messages per sampling period: 53
  39.001      3547         0      3547           0.418     7.569    21.119    82.903   123.077   206.832   350.749   381.157
2026-05-29 14:07:47.256: [ERROR][Attempt 0/10][Retry in 56 ms] SdkError: Internal server error: exceptions::mutation_write_timeout_exception (Failed to accept proposal(c52532d2-5b67-11f1-517c-acd9b14d5e29) for alternator_latte_hot_partition.latte_hot_partition: write timeout due to uncertainty. Replica errors: )
2026-05-29 14:07:46.859: [ERROR][Attempt 0/10][Retry in 91 ms] SdkError: Internal server error: exceptions::mutation_write_timeout_exception (Failed to accept proposal(c4e8f948-5b67-11f1-6398-7d66297bda23) for alternator_latte_hot_partition.latte_hot_partition: write timeout due to uncertainty. Replica errors: )
2026-05-29 14:07:46.624: [ERROR][Attempt 0/10][Retry in 114 ms] SdkError: Internal server error: exceptions::mutation_write_timeout_exception (Failed to accept proposal(c4c53918-5b67-11f1-3afb-03a5b19cdf00) for alternator_latte_hot_partition.latte_hot_partition: write timeout due to uncertainty. Replica errors: )
2026-05-29 14:07:46.999: [ERROR][Attempt 0/10][Retry in 142 ms] SdkError: Internal server error: exceptions::mutation_write_timeout_exception (Failed to accept proposal(c4fe4ab4-5b67-11f1-600b-454fc49e450d) for alternator_latte_hot_partition.latte_hot_partition: write timeout due to uncertainty. Replica errors: )
2026-05-29 14:07:46.833: [ERROR][Attempt 0/10][Retry in 112 ms] SdkError: Internal server error: exceptions::mutation_write_timeout_exception (Failed to accept proposal(c4e4e114-5b67-11f1-2a5b-9eb8faf928ef) for alternator_latte_hot_partition.latte_hot_partition: write timeout due to uncertainty. Replica errors: )
...number of dropped error messages per sampling period: 77
  40.002      3497         0      3497           0.469     6.824    15.868    71.893   109.773   190.448   378.798   801.636
2026-05-29 14:07:47.737: [ERROR][Attempt 0/10][Retry in 66 ms] SdkError: Internal server error: exceptions::mutation_write_timeout_exception (Failed to accept proposal(c56ee7ba-5b67-11f1-a729-c9fd1c29119f) for alternator_latte_hot_partition.latte_hot_partition: write timeout due to uncertainty. Replica errors: )
2026-05-29 14:07:47.873: [ERROR][Attempt 0/10][Retry in 59 ms] SdkError: Internal server error: exceptions::mutation_write_timeout_exception (Failed to accept proposal(c583e822-5b67-11f1-099d-bd50f8e529c4) for alternator_latte_hot_partition.latte_hot_partition: write timeout due to uncertainty. Replica errors: )
2026-05-29 14:07:47.741: [ERROR][Attempt 0/10][Retry in 119 ms] SdkError: Internal server error: exceptions::mutation_write_timeout_exception (Failed to accept proposal(c56f8a08-5b67-11f1-66b7-fe3cf43c197c) for alternator_latte_hot_partition.latte_hot_partition: write timeout due to uncertainty. Replica errors: )
2026-05-29 14:07:48.101: [ERROR][Attempt 0/10][Retry in 89 ms] SdkError: Internal server error: exceptions::mutation_write_timeout_exception (Failed to accept proposal(c5a5dfb8-5b67-11f1-e33c-fbeed42b4cae) for alternator_latte_hot_partition.latte_hot_partition: write timeout due to uncertainty. Replica errors: )
2026-05-29 14:07:47.662: [ERROR][Attempt 0/10][Retry in 133 ms] SdkError: Internal server error: exceptions::mutation_write_timeout_exception (Failed to accept proposal(c562f6d0-5b67-11f1-6f0a-18a39336aabf) for alternator_latte_hot_partition.latte_hot_partition: write timeout due to uncertainty. Replica errors: )
...number of dropped error messages per sampling period: 55
  41.001      3493         0      3493           0.567     6.681    15.098    78.053   109.445   193.462   387.711   574.095
2026-05-29 14:07:49.073: [ERROR][Attempt 0/10][Retry in 50 ms] SdkError: Internal server error: exceptions::mutation_write_timeout_exception (Failed to accept proposal(c63a7d6c-5b67-11f1-4f45-cf9cd76b0c2d) for alternator_latte_hot_partition.latte_hot_partition: write timeout due to uncertainty. Replica errors: )
2026-05-29 14:07:48.560: [ERROR][Attempt 0/10][Retry in 144 ms] SdkError: Internal server error: exceptions::mutation_write_timeout_exception (Failed to accept proposal(c5eca934-5b67-11f1-cbf9-84d68d736254) for alternator_latte_hot_partition.latte_hot_partition: write timeout due to uncertainty. Replica errors: )
2026-05-29 14:07:48.445: [ERROR][Attempt 0/10][Retry in 102 ms] SdkError: Internal server error: exceptions::mutation_write_timeout_exception (Failed to accept proposal(c5dabdd2-5b67-11f1-668f-9a9ba32bd406) for alternator_latte_hot_partition.latte_hot_partition: write timeout due to uncertainty. Replica errors: )
2026-05-29 14:07:48.764: [ERROR][Attempt 0/10][Retry in 79 ms] SdkError: Internal server error: exceptions::mutation_write_timeout_exception (Failed to accept proposal(c60baf96-5b67-11f1-a0db-81760f3cfd3c) for alternator_latte_hot_partition.latte_hot_partition: write timeout due to uncertainty. Replica errors: )
2026-05-29 14:07:48.492: [ERROR][Attempt 0/10][Retry in 59 ms] SdkError: Internal server error: exceptions::mutation_write_timeout_exception (Failed to accept proposal(c5e1cc44-5b67-11f1-c900-f716a254dbeb) for alternator_latte_hot_partition.latte_hot_partition: write timeout due to uncertainty. Replica errors: )
...number of dropped error messages per sampling period: 79
  42.001      3504         0      3504           0.460     7.111    16.581    73.073   117.441   217.711   317.194   433.586
2026-05-29 14:07:50.126: [ERROR][Attempt 0/10][Retry in 107 ms] SdkError: Internal server error: exceptions::mutation_write_timeout_exception (Failed to accept proposal(c6db04bc-5b67-11f1-241c-bdbbf55d1839) for alternator_latte_hot_partition.latte_hot_partition: write timeout due to uncertainty. Replica errors: )
2026-05-29 14:07:49.738: [ERROR][Attempt 0/10][Retry in 76 ms] SdkError: Internal server error: exceptions::mutation_write_timeout_exception (Failed to accept proposal(c69fd5d6-5b67-11f1-e950-4903b8ff477e) for alternator_latte_hot_partition.latte_hot_partition: write timeout due to uncertainty. Replica errors: )
2026-05-29 14:07:49.507: [ERROR][Attempt 0/10][Retry in 103 ms] SdkError: Internal server error: exceptions::mutation_write_timeout_exception (Failed to accept proposal(c67ceada-5b67-11f1-c9c5-de14c3311a94) for alternator_latte_hot_partition.latte_hot_partition: write timeout due to uncertainty. Replica errors: )
2026-05-29 14:07:49.531: [ERROR][Attempt 0/10][Retry in 68 ms] SdkError: Internal server error: exceptions::mutation_write_timeout_exception (Failed to accept proposal(c6805166-5b67-11f1-a005-1f70b1776f25) for alternator_latte_hot_partition.latte_hot_partition: write timeout due to uncertainty. Replica errors: )
2026-05-29 14:07:49.770: [ERROR][Attempt 0/10][Retry in 67 ms] SdkError: Internal server error: exceptions::mutation_write_timeout_exception (Failed to accept proposal(c6a52f9a-5b67-11f1-b623-f3a6da8181c8) for alternator_latte_hot_partition.latte_hot_partition: write timeout due to uncertainty. Replica errors: )
...number of dropped error messages per sampling period: 64
  43.001      3424         0      3424           0.515     8.831    36.667    93.782   139.330   261.620   478.675   595.591
2026-05-29 14:07:50.589: [ERROR][Attempt 0/10][Retry in 61 ms] SdkError: Internal server error: exceptions::mutation_write_timeout_exception (Failed to accept proposal(c7216e20-5b67-11f1-3647-04afa02b90c2) for alternator_latte_hot_partition.latte_hot_partition: write timeout due to uncertainty. Replica errors: )
2026-05-29 14:07:50.981: [ERROR][Attempt 0/10][Retry in 88 ms] SdkError: Internal server error: exceptions::mutation_write_timeout_exception (Failed to accept proposal(c75d7122-5b67-11f1-c17d-8f90f45d70db) for alternator_latte_hot_partition.latte_hot_partition: write timeout due to uncertainty. Replica errors: )
2026-05-29 14:07:50.680: [ERROR][Attempt 0/10][Retry in 80 ms] SdkError: Internal server error: exceptions::mutation_write_timeout_exception (Failed to accept proposal(c72fff08-5b67-11f1-f151-ed11771dfa09) for alternator_latte_hot_partition.latte_hot_partition: write timeout due to uncertainty. Replica errors: )
2026-05-29 14:07:50.793: [ERROR][Attempt 0/10][Retry in 69 ms] SdkError: Internal server error: exceptions::mutation_write_timeout_exception (Failed to accept proposal(c740aed4-5b67-11f1-af82-1f7f16e2d20b) for alternator_latte_hot_partition.latte_hot_partition: write timeout due to uncertainty. Replica errors: )
2026-05-29 14:07:50.987: [ERROR][Attempt 0/10][Retry in 94 ms] SdkError: Internal server error: exceptions::mutation_write_timeout_exception (Failed to accept proposal(c75e524a-5b67-11f1-5dcd-e22600de1722) for alternator_latte_hot_partition.latte_hot_partition: write timeout due to uncertainty. Replica errors: )
...number of dropped error messages per sampling period: 74
  44.002      3469         0      3469           0.488    30.491    76.808   137.363   184.287   289.931   495.976   715.129
2026-05-29 14:07:51.455: [ERROR][Attempt 0/10][Retry in 123 ms] SdkError: Internal server error: exceptions::mutation_write_timeout_exception (Failed to accept proposal(c7a5ca58-5b67-11f1-3dd3-dd2f8bacb85e) for alternator_latte_hot_partition.latte_hot_partition: write timeout due to uncertainty. Replica errors: )
2026-05-29 14:07:51.613: [ERROR][Attempt 0/10][Retry in 132 ms] SdkError: Internal server error: exceptions::mutation_write_timeout_exception (Failed to accept proposal(c7bdff06-5b67-11f1-46d2-aa49c0059b3c) for alternator_latte_hot_partition.latte_hot_partition: write timeout due to uncertainty. Replica errors: )
2026-05-29 14:07:51.718: [ERROR][Attempt 0/10][Retry in 83 ms] SdkError: Internal server error: exceptions::mutation_write_timeout_exception (Failed to accept proposal(c7ce4168-5b67-11f1-c5d8-cf8e8312cf28) for alternator_latte_hot_partition.latte_hot_partition: write timeout due to uncertainty. Replica errors: )
2026-05-29 14:07:51.476: [ERROR][Attempt 0/10][Retry in 67 ms] SdkError: Internal server error: exceptions::mutation_write_timeout_exception (Failed to accept proposal(c7a989ae-5b67-11f1-0c9d-a4d220341a2f) for alternator_latte_hot_partition.latte_hot_partition: write timeout due to uncertainty. Replica errors: )
2026-05-29 14:07:51.815: [ERROR][Attempt 0/10][Retry in 119 ms] SdkError: Internal server error: exceptions::mutation_write_timeout_exception (Failed to accept proposal(c7db3a1c-5b67-11f1-0fae-f540c50712aa) for alternator_latte_hot_partition.latte_hot_partition: write timeout due to uncertainty. Replica errors: )
...number of dropped error messages per sampling period: 88
  45.001      3512         0      3512           0.438    40.468    88.015   144.966   184.943   320.864   556.794   761.266
2026-05-29 14:07:52.699: [ERROR][Attempt 0/10][Retry in 61 ms] SdkError: Internal server error: exceptions::mutation_write_timeout_exception (Failed to accept proposal(c8640522-5b67-11f1-b268-f7d620b36780) for alternator_latte_hot_partition.latte_hot_partition: write timeout due to uncertainty. Replica errors: )
2026-05-29 14:07:52.406: [ERROR][Attempt 0/10][Retry in 146 ms] SdkError: Internal server error: exceptions::mutation_write_timeout_exception (Failed to accept proposal(c8370716-5b67-11f1-ec8e-9789e2fb3ac5) for alternator_latte_hot_partition.latte_hot_partition: write timeout due to uncertainty. Replica errors: )
2026-05-29 14:07:52.949: [ERROR][Attempt 0/10][Retry in 115 ms] SdkError: Internal server error: exceptions::mutation_write_timeout_exception (Failed to accept proposal(c88a0ea2-5b67-11f1-edf3-6e8c90b0b57d) for alternator_latte_hot_partition.latte_hot_partition: write timeout due to uncertainty. Replica errors: )
2026-05-29 14:07:52.938: [ERROR][Attempt 0/10][Retry in 112 ms] SdkError: Internal server error: exceptions::mutation_write_timeout_exception (Failed to accept proposal(c8887830-5b67-11f1-8488-7898324940ea) for alternator_latte_hot_partition.latte_hot_partition: write timeout due to uncertainty. Replica errors: )
2026-05-29 14:07:52.930: [ERROR][Attempt 0/10][Retry in 77 ms] SdkError: Internal server error: exceptions::mutation_write_timeout_exception (Failed to accept proposal(c886de80-5b67-11f1-afad-7df040c7cb7d) for alternator_latte_hot_partition.latte_hot_partition: write timeout due to uncertainty. Replica errors: )
...number of dropped error messages per sampling period: 70
  46.001      3518         0      3518           0.555    10.510    47.383   119.276   162.660   269.484   374.604   507.511
2026-05-29 14:07:53.745: [ERROR][Attempt 0/10][Retry in 134 ms] SdkError: Internal server error: exceptions::mutation_write_timeout_exception (Failed to accept proposal(c902b50a-5b67-11f1-adf3-be4419796bcf) for alternator_latte_hot_partition.latte_hot_partition: write timeout due to uncertainty. Replica errors: )
2026-05-29 14:07:53.587: [ERROR][Attempt 0/10][Retry in 122 ms] SdkError: Internal server error: exceptions::mutation_write_timeout_exception (Failed to accept proposal(c8eba6e4-5b67-11f1-81ac-5745e0d6c034) for alternator_latte_hot_partition.latte_hot_partition: write timeout due to uncertainty. Replica errors: )
2026-05-29 14:07:53.438: [ERROR][Attempt 1/10][Retry in 225 ms] SdkError: Internal server error: exceptions::mutation_write_timeout_exception (Failed to accept proposal(c8d4854a-5b67-11f1-977c-254139d270e1) for alternator_latte_hot_partition.latte_hot_partition: write timeout due to uncertainty. Replica errors: )
2026-05-29 14:07:53.762: [ERROR][Attempt 0/10][Retry in 101 ms] SdkError: Internal server error: exceptions::mutation_write_timeout_exception (Failed to accept proposal(c90645d0-5b67-11f1-d4af-28dea23124a9) for alternator_latte_hot_partition.latte_hot_partition: write timeout due to uncertainty. Replica errors: )
2026-05-29 14:07:53.435: [ERROR][Attempt 0/10][Retry in 57 ms] SdkError: Internal server error: exceptions::mutation_write_timeout_exception (Failed to accept proposal(c8d42686-5b67-11f1-34cb-13cc43f38e60) for alternator_latte_hot_partition.latte_hot_partition: write timeout due to uncertainty. Replica errors: )
...number of dropped error messages per sampling period: 81
  47.001      3452         0      3452           0.464    14.279    51.937   109.314   153.747   230.162   531.104   755.499
2026-05-29 14:07:55.157: [ERROR][Attempt 0/10][Retry in 142 ms] SdkError: Internal server error: exceptions::mutation_write_timeout_exception (Failed to accept proposal(c9db1a4e-5b67-11f1-8155-2d7b010df2d2) for alternator_latte_hot_partition.latte_hot_partition: write timeout due to uncertainty. Replica errors: )
2026-05-29 14:07:54.817: [ERROR][Attempt 0/10][Retry in 138 ms] SdkError: Internal server error: exceptions::mutation_write_timeout_exception (Failed to accept proposal(c9a74372-5b67-11f1-a839-096a8c0f7547) for alternator_latte_hot_partition.latte_hot_partition: write timeout due to uncertainty. Replica errors: )
2026-05-29 14:07:54.674: [ERROR][Attempt 0/10][Retry in 133 ms] SdkError: Internal server error: exceptions::mutation_write_timeout_exception (Failed to accept proposal(c99033e4-5b67-11f1-546d-feb668b2c42a) for alternator_latte_hot_partition.latte_hot_partition: write timeout due to uncertainty. Replica errors: )
2026-05-29 14:07:54.535: [ERROR][Attempt 0/10][Retry in 78 ms] SdkError: Internal server error: exceptions::mutation_write_timeout_exception (Failed to accept proposal(c97bda98-5b67-11f1-7367-08bd5a021dbb) for alternator_latte_hot_partition.latte_hot_partition: write timeout due to uncertainty. Replica errors: )
2026-05-29 14:07:54.831: [ERROR][Attempt 0/10][Retry in 131 ms] SdkError: Internal server error: exceptions::mutation_write_timeout_exception (Failed to accept proposal(c9a93b6e-5b67-11f1-b223-04ca37a60275) for alternator_latte_hot_partition.latte_hot_partition: write timeout due to uncertainty. Replica errors: )
...number of dropped error messages per sampling period: 65
  48.002      3524         0      3523           0.470    36.405    86.245   153.223   195.559   373.031   697.827   776.995
2026-05-29 14:07:55.912: [ERROR][Attempt 0/10][Retry in 122 ms] SdkError: Internal server error: exceptions::mutation_write_timeout_exception (Failed to accept proposal(ca4e09f0-5b67-11f1-4de0-151e11cf333c) for alternator_latte_hot_partition.latte_hot_partition: write timeout due to uncertainty. Replica errors: )
2026-05-29 14:07:56.313: [ERROR][Attempt 0/10][Retry in 82 ms] SdkError: Internal server error: exceptions::mutation_write_timeout_exception (Failed to accept proposal(ca8ac99e-5b67-11f1-62d2-9edeb706199b) for alternator_latte_hot_partition.latte_hot_partition: write timeout due to uncertainty. Replica errors: )
2026-05-29 14:07:55.730: [ERROR][Attempt 0/10][Retry in 125 ms] SdkError: Internal server error: exceptions::mutation_write_timeout_exception (Failed to accept proposal(ca323b94-5b67-11f1-adbc-a1d63a42591c) for alternator_latte_hot_partition.latte_hot_partition: write timeout due to uncertainty. Replica errors: )
2026-05-29 14:07:55.968: [ERROR][Attempt 0/10][Retry in 107 ms] SdkError: Internal server error: exceptions::mutation_write_timeout_exception (Failed to accept proposal(ca56c1b2-5b67-11f1-cc8d-67725f635358) for alternator_latte_hot_partition.latte_hot_partition: write timeout due to uncertainty. Replica errors: )
2026-05-29 14:07:55.794: [ERROR][Attempt 0/10][Retry in 111 ms] SdkError: Internal server error: exceptions::mutation_write_timeout_exception (Failed to accept proposal(ca3c6bfa-5b67-11f1-db8c-51235f25c708) for alternator_latte_hot_partition.latte_hot_partition: write timeout due to uncertainty. Replica errors: )
...number of dropped error messages per sampling period: 81
  49.001      3580         0      3580           0.490    14.303    66.355   134.349   179.175   349.176   888.668  1261.437
2026-05-29 14:07:56.769: [ERROR][Attempt 0/10][Retry in 86 ms] SdkError: Internal server error: exceptions::mutation_write_timeout_exception (Failed to accept proposal(cad034ca-5b67-11f1-003a-e81ac3444408) for alternator_latte_hot_partition.latte_hot_partition: write timeout due to uncertainty. Replica errors: )
2026-05-29 14:07:56.716: [ERROR][Attempt 0/10][Retry in 140 ms] SdkError: Internal server error: exceptions::mutation_write_timeout_exception (Failed to accept proposal(cac92770-5b67-11f1-4c83-0e759fb7c775) for alternator_latte_hot_partition.latte_hot_partition: write timeout due to uncertainty. Replica errors: )
2026-05-29 14:07:56.499: [ERROR][Attempt 1/10][Retry in 222 ms] SdkError: Internal server error: exceptions::mutation_write_timeout_exception (Failed to accept proposal(caa749d4-5b67-11f1-eb10-033e4496e018) for alternator_latte_hot_partition.latte_hot_partition: write timeout due to uncertainty. Replica errors: )
2026-05-29 14:07:56.590: [ERROR][Attempt 0/10][Retry in 78 ms] SdkError: Internal server error: exceptions::mutation_write_timeout_exception (Failed to accept proposal(cab5ab82-5b67-11f1-28b0-1e556a995586) for alternator_latte_hot_partition.latte_hot_partition: write timeout due to uncertainty. Replica errors: )
2026-05-29 14:07:56.951: [ERROR][Attempt 0/10][Retry in 137 ms] SdkError: Internal server error: exceptions::mutation_write_timeout_exception (Failed to accept proposal(caec6c94-5b67-11f1-7984-d377ded443f3) for alternator_latte_hot_partition.latte_hot_partition: write timeout due to uncertainty. Replica errors: )
...number of dropped error messages per sampling period: 80
  50.001      3524         0      3524           0.476     6.902    17.416    83.427   116.392   219.283   405.275   508.297
2026-05-29 14:07:58.058: [ERROR][Attempt 0/10][Retry in 130 ms] SdkError: Internal server error: exceptions::mutation_write_timeout_exception (Failed to accept proposal(cb95cadc-5b67-11f1-00a7-8d38c8548b8e) for alternator_latte_hot_partition.latte_hot_partition: write timeout due to uncertainty. Replica errors: )
2026-05-29 14:07:57.711: [ERROR][Attempt 0/10][Retry in 134 ms] SdkError: Internal server error: exceptions::mutation_write_timeout_exception (Failed to accept proposal(cb60a2c6-5b67-11f1-d5c0-078593affccf) for alternator_latte_hot_partition.latte_hot_partition: write timeout due to uncertainty. Replica errors: )
2026-05-29 14:07:57.901: [ERROR][Attempt 0/10][Retry in 129 ms] SdkError: Internal server error: exceptions::mutation_write_timeout_exception (Failed to accept proposal(cb7dabd2-5b67-11f1-68f7-e9bcd41cf03d) for alternator_latte_hot_partition.latte_hot_partition: write timeout due to uncertainty. Replica errors: )
2026-05-29 14:07:57.519: [ERROR][Attempt 0/10][Retry in 147 ms] SdkError: Internal server error: exceptions::mutation_write_timeout_exception (Failed to accept proposal(cb437a70-5b67-11f1-870a-573a65a19317) for alternator_latte_hot_partition.latte_hot_partition: write timeout due to uncertainty. Replica errors: )
2026-05-29 14:07:57.867: [ERROR][Attempt 0/10][Retry in 79 ms] SdkError: Internal server error: exceptions::mutation_write_timeout_exception (Failed to accept proposal(cb78b028-5b67-11f1-9838-e817b9aa581b) for alternator_latte_hot_partition.latte_hot_partition: write timeout due to uncertainty. Replica errors: )
...number of dropped error messages per sampling period: 52
  51.001      3505         0      3506           0.438     6.328    11.166    60.948   105.120   197.001   336.855   460.063
2026-05-29 14:07:58.729: [ERROR][Attempt 0/10][Retry in 144 ms] SdkError: Internal server error: exceptions::mutation_write_timeout_exception (Failed to accept proposal(cbfc48a2-5b67-11f1-0a39-dfe922ad81f1) for alternator_latte_hot_partition.latte_hot_partition: write timeout due to uncertainty. Replica errors: )
2026-05-29 14:07:58.541: [ERROR][Attempt 0/10][Retry in 58 ms] SdkError: Internal server error: exceptions::mutation_write_timeout_exception (Failed to accept proposal(cbdf80c8-5b67-11f1-3c14-aa3a7fdd6aa5) for alternator_latte_hot_partition.latte_hot_partition: write timeout due to uncertainty. Replica errors: )
2026-05-29 14:07:58.711: [ERROR][Attempt 0/10][Retry in 144 ms] SdkError: Internal server error: exceptions::mutation_write_timeout_exception (Failed to accept proposal(cbf876dc-5b67-11f1-b994-4b1761290c41) for alternator_latte_hot_partition.latte_hot_partition: write timeout due to uncertainty. Replica errors: )
2026-05-29 14:07:58.771: [ERROR][Attempt 0/10][Retry in 145 ms] SdkError: Internal server error: exceptions::mutation_write_timeout_exception (Failed to accept proposal(cc028b4a-5b67-11f1-6077-1c222b4d9fe2) for alternator_latte_hot_partition.latte_hot_partition: write timeout due to uncertainty. Replica errors: )
2026-05-29 14:07:58.415: [ERROR][Attempt 0/10][Retry in 123 ms] SdkError: Internal server error: exceptions::mutation_write_timeout_exception (Failed to accept proposal(cbcbc36c-5b67-11f1-0970-ca3b9a432248) for alternator_latte_hot_partition.latte_hot_partition: write timeout due to uncertainty. Replica errors: )
...number of dropped error messages per sampling period: 57
  52.001      3352         0      3351           0.420     9.675    35.324    96.338   133.628   269.746   499.122   575.144
2026-05-29 14:07:59.838: [ERROR][Attempt 0/10][Retry in 117 ms] SdkError: Internal server error: exceptions::mutation_write_timeout_exception (Failed to accept proposal(cca536ec-5b67-11f1-8f01-973a54ee5ffd) for alternator_latte_hot_partition.latte_hot_partition: write timeout due to uncertainty. Replica errors: )
2026-05-29 14:08:00.117: [ERROR][Attempt 0/10][Retry in 62 ms] SdkError: Internal server error: exceptions::mutation_write_timeout_exception (Failed to accept proposal(cccfcb0a-5b67-11f1-5e5a-20374edd2c40) for alternator_latte_hot_partition.latte_hot_partition: write timeout due to uncertainty. Replica errors: )
2026-05-29 14:07:59.792: [ERROR][Attempt 0/10][Retry in 112 ms] SdkError: Internal server error: exceptions::mutation_write_timeout_exception (Failed to accept proposal(cc9e1dbc-5b67-11f1-0971-9223f6c387e8) for alternator_latte_hot_partition.latte_hot_partition: write timeout due to uncertainty. Replica errors: )
2026-05-29 14:08:00.174: [ERROR][Attempt 0/10][Retry in 91 ms] SdkError: Internal server error: exceptions::mutation_write_timeout_exception (Failed to accept proposal(ccd8584c-5b67-11f1-0a94-e0558e44bac5) for alternator_latte_hot_partition.latte_hot_partition: write timeout due to uncertainty. Replica errors: )
2026-05-29 14:07:59.715: [ERROR][Attempt 0/10][Retry in 80 ms] SdkError: Internal server error: exceptions::mutation_write_timeout_exception (Failed to accept proposal(cc9279da-5b67-11f1-7523-ef010f013b26) for alternator_latte_hot_partition.latte_hot_partition: write timeout due to uncertainty. Replica errors: )
...number of dropped error messages per sampling period: 86
  53.000      3647         0      3648           0.550    12.100    58.065   118.620   167.248   293.339   515.637   601.358
2026-05-29 14:08:01.136: [ERROR][Attempt 0/10][Retry in 105 ms] SdkError: Internal server error: exceptions::mutation_write_timeout_exception (Failed to accept proposal(cd6b73c0-5b67-11f1-5f3d-f571cb290318) for alternator_latte_hot_partition.latte_hot_partition: write timeout due to uncertainty. Replica errors: )
2026-05-29 14:08:00.751: [ERROR][Attempt 0/10][Retry in 90 ms] SdkError: Internal server error: exceptions::mutation_write_timeout_exception (Failed to accept proposal(cd30e340-5b67-11f1-ec9c-17c33978988a) for alternator_latte_hot_partition.latte_hot_partition: write timeout due to uncertainty. Replica errors: )
2026-05-29 14:08:00.912: [ERROR][Attempt 0/10][Retry in 142 ms] SdkError: Internal server error: exceptions::mutation_write_timeout_exception (Failed to accept proposal(cd489f30-5b67-11f1-1598-d00b1e517443) for alternator_latte_hot_partition.latte_hot_partition: write timeout due to uncertainty. Replica errors: )
2026-05-29 14:08:01.162: [ERROR][Attempt 0/10][Retry in 115 ms] SdkError: Internal server error: exceptions::mutation_write_timeout_exception (Failed to accept proposal(cd6e3f7e-5b67-11f1-24ec-edd1238806e9) for alternator_latte_hot_partition.latte_hot_partition: write timeout due to uncertainty. Replica errors: )
2026-05-29 14:08:00.737: [ERROR][Attempt 0/10][Retry in 53 ms] SdkError: Internal server error: exceptions::mutation_write_timeout_exception (Failed to accept proposal(cd2eb67e-5b67-11f1-b99c-67b0e7f6edac) for alternator_latte_hot_partition.latte_hot_partition: write timeout due to uncertainty. Replica errors: )
...number of dropped error messages per sampling period: 65
  54.001      3492         0      3492           0.412     7.586    24.674    87.687   125.698   229.376   338.690   450.363
2026-05-29 14:08:02.072: [ERROR][Attempt 0/10][Retry in 53 ms] SdkError: Internal server error: exceptions::mutation_write_timeout_exception (Failed to accept proposal(cdfa6058-5b67-11f1-a03e-51effecf4dca) for alternator_latte_hot_partition.latte_hot_partition: write timeout due to uncertainty. Replica errors: )
2026-05-29 14:08:02.257: [ERROR][Attempt 0/10][Retry in 56 ms] SdkError: Internal server error: exceptions::mutation_write_timeout_exception (Failed to accept proposal(ce162cb6-5b67-11f1-44b3-d89d77ee0af8) for alternator_latte_hot_partition.latte_hot_partition: write timeout due to uncertainty. Replica errors: )
2026-05-29 14:08:01.916: [ERROR][Attempt 0/10][Retry in 141 ms] SdkError: Internal server error: exceptions::mutation_write_timeout_exception (Failed to accept proposal(cde232bc-5b67-11f1-8ab8-d454626c0b64) for alternator_latte_hot_partition.latte_hot_partition: write timeout due to uncertainty. Replica errors: )
2026-05-29 14:08:01.945: [ERROR][Attempt 0/10][Retry in 141 ms] SdkError: Internal server error: exceptions::mutation_write_timeout_exception (Failed to accept proposal(cde6e21c-5b67-11f1-2deb-94db7de02065) for alternator_latte_hot_partition.latte_hot_partition: write timeout due to uncertainty. Replica errors: )
2026-05-29 14:08:01.909: [ERROR][Attempt 0/10][Retry in 83 ms] SdkError: Internal server error: exceptions::mutation_write_timeout_exception (Failed to accept proposal(cde1735e-5b67-11f1-e5ae-ca79e0b662a7) for alternator_latte_hot_partition.latte_hot_partition: write timeout due to uncertainty. Replica errors: )
...number of dropped error messages per sampling period: 53
  55.001      3475         0      3475           0.465     5.980    11.051    62.652   103.285   186.253   325.845   487.850
2026-05-29 14:08:03.109: [ERROR][Attempt 0/10][Retry in 145 ms] SdkError: Internal server error: exceptions::mutation_write_timeout_exception (Failed to accept proposal(ce987d1a-5b67-11f1-9628-316ca483b47d) for alternator_latte_hot_partition.latte_hot_partition: write timeout due to uncertainty. Replica errors: )
2026-05-29 14:08:03.322: [ERROR][Attempt 0/10][Retry in 123 ms] SdkError: Internal server error: exceptions::mutation_write_timeout_exception (Failed to accept proposal(ceb8f284-5b67-11f1-2ca5-193c88adfe87) for alternator_latte_hot_partition.latte_hot_partition: write timeout due to uncertainty. Replica errors: )
2026-05-29 14:08:02.810: [ERROR][Attempt 0/10][Retry in 123 ms] SdkError: Internal server error: exceptions::mutation_write_timeout_exception (Failed to accept proposal(ce6b04c0-5b67-11f1-d83c-54b1bf05835e) for alternator_latte_hot_partition.latte_hot_partition: write timeout due to uncertainty. Replica errors: )
2026-05-29 14:08:02.370: [ERROR][Attempt 0/10][Retry in 132 ms] SdkError: Internal server error: exceptions::mutation_write_timeout_exception (Failed to accept proposal(ce27951e-5b67-11f1-bfe4-7b2a2e9a49f3) for alternator_latte_hot_partition.latte_hot_partition: write timeout due to uncertainty. Replica errors: )
2026-05-29 14:08:03.019: [ERROR][Attempt 0/10][Retry in 121 ms] SdkError: Internal server error: exceptions::mutation_write_timeout_exception (Failed to accept proposal(ce8ab8ba-5b67-11f1-c3c2-620bd1e3226b) for alternator_latte_hot_partition.latte_hot_partition: write timeout due to uncertainty. Replica errors: )
...number of dropped error messages per sampling period: 66
  56.001      3501         0      3501           0.425    11.141    49.152   112.067   149.553   265.814   385.352   456.131
2026-05-29 14:08:03.852: [ERROR][Attempt 1/10][Retry in 159 ms] SdkError: Internal server error: exceptions::mutation_write_timeout_exception (Failed to accept proposal(cf097eb6-5b67-11f1-7b0b-f185cb9b17c3) for alternator_latte_hot_partition.latte_hot_partition: write timeout due to uncertainty. Replica errors: )
2026-05-29 14:08:03.509: [ERROR][Attempt 0/10][Retry in 134 ms] SdkError: Internal server error: exceptions::mutation_write_timeout_exception (Failed to accept proposal(ced57d32-5b67-11f1-94f8-cc8abe4fde2c) for alternator_latte_hot_partition.latte_hot_partition: write timeout due to uncertainty. Replica errors: )
2026-05-29 14:08:03.490: [ERROR][Attempt 0/10][Retry in 124 ms] SdkError: Internal server error: exceptions::mutation_write_timeout_exception (Failed to accept proposal(ced2815e-5b67-11f1-38b3-79a56e50ba11) for alternator_latte_hot_partition.latte_hot_partition: write timeout due to uncertainty. Replica errors: )
2026-05-29 14:08:04.295: [ERROR][Attempt 0/10][Retry in 74 ms] SdkError: Internal server error: exceptions::mutation_write_timeout_exception (Failed to accept proposal(cf4d8a3e-5b67-11f1-fb18-722cc69d8db1) for alternator_latte_hot_partition.latte_hot_partition: write timeout due to uncertainty. Replica errors: )
2026-05-29 14:08:03.794: [ERROR][Attempt 0/10][Retry in 55 ms] SdkError: Internal server error: exceptions::mutation_write_timeout_exception (Failed to accept proposal(cf013788-5b67-11f1-7e77-b63b74ba97fe) for alternator_latte_hot_partition.latte_hot_partition: write timeout due to uncertainty. Replica errors: )
...number of dropped error messages per sampling period: 62
  57.001      3542         0      3542           0.475     5.878    11.403    62.423    98.501   211.157   337.379   443.286
2026-05-29 14:08:05.051: [ERROR][Attempt 0/10][Retry in 115 ms] SdkError: Internal server error: exceptions::mutation_write_timeout_exception (Failed to accept proposal(cfc0933a-5b67-11f1-e0db-550b459f0475) for alternator_latte_hot_partition.latte_hot_partition: write timeout due to uncertainty. Replica errors: )
2026-05-29 14:08:05.192: [ERROR][Attempt 0/10][Retry in 122 ms] SdkError: Internal server error: exceptions::mutation_write_timeout_exception (Failed to accept proposal(cfd6102a-5b67-11f1-e2c7-e71b98997661) for alternator_latte_hot_partition.latte_hot_partition: write timeout due to uncertainty. Replica errors: )
2026-05-29 14:08:05.033: [ERROR][Attempt 0/10][Retry in 135 ms] SdkError: Internal server error: exceptions::mutation_write_timeout_exception (Failed to accept proposal(cfbde8f6-5b67-11f1-c5da-6158be4601a8) for alternator_latte_hot_partition.latte_hot_partition: write timeout due to uncertainty. Replica errors: )
2026-05-29 14:08:04.902: [ERROR][Attempt 0/10][Retry in 50 ms] SdkError: Internal server error: exceptions::mutation_write_timeout_exception (Failed to accept proposal(cfa9fdbe-5b67-11f1-3afa-9394b2be1829) for alternator_latte_hot_partition.latte_hot_partition: write timeout due to uncertainty. Replica errors: )
2026-05-29 14:08:04.730: [ERROR][Attempt 0/10][Retry in 106 ms] SdkError: Internal server error: exceptions::mutation_write_timeout_exception (Failed to accept proposal(cf8f7304-5b67-11f1-1fb0-bd3d5b8ad7ef) for alternator_latte_hot_partition.latte_hot_partition: write timeout due to uncertainty. Replica errors: )
...number of dropped error messages per sampling period: 62
  58.001      3414         0      3414           0.493     8.806    34.996    91.554   132.252   243.401   374.079   607.650
2026-05-29 14:08:06.154: [ERROR][Attempt 0/10][Retry in 104 ms] SdkError: Internal server error: exceptions::mutation_write_timeout_exception (Failed to accept proposal(d0693e72-5b67-11f1-e358-96acac2c58f4) for alternator_latte_hot_partition.latte_hot_partition: write timeout due to uncertainty. Replica errors: )
2026-05-29 14:08:05.448: [ERROR][Attempt 0/10][Retry in 95 ms] SdkError: Internal server error: exceptions::mutation_write_timeout_exception (Failed to accept proposal(cffd397a-5b67-11f1-8f2d-b46331962405) for alternator_latte_hot_partition.latte_hot_partition: write timeout due to uncertainty. Replica errors: )
2026-05-29 14:08:05.848: [ERROR][Attempt 0/10][Retry in 124 ms] SdkError: Internal server error: exceptions::mutation_write_timeout_exception (Failed to accept proposal(d03a57d8-5b67-11f1-46ed-644ff420653c) for alternator_latte_hot_partition.latte_hot_partition: write timeout due to uncertainty. Replica errors: )
2026-05-29 14:08:05.789: [ERROR][Attempt 0/10][Retry in 60 ms] SdkError: Internal server error: exceptions::mutation_write_timeout_exception (Failed to accept proposal(d031566a-5b67-11f1-af41-57dbae1f8de2) for alternator_latte_hot_partition.latte_hot_partition: write timeout due to uncertainty. Replica errors: )
2026-05-29 14:08:05.435: [ERROR][Attempt 0/10][Retry in 67 ms] SdkError: Internal server error: exceptions::mutation_write_timeout_exception (Failed to accept proposal(cffb925a-5b67-11f1-6193-2f73ea4f6a6f) for alternator_latte_hot_partition.latte_hot_partition: write timeout due to uncertainty. Replica errors: )
...number of dropped error messages per sampling period: 70
  59.001      3585         0      3585           0.490     9.347    40.993    99.418   143.393   230.294   375.128   612.893
2026-05-29 14:08:06.538: [ERROR][Attempt 0/10][Retry in 76 ms] SdkError: Internal server error: exceptions::mutation_write_timeout_exception (Failed to accept proposal(d0a3d6a4-5b67-11f1-8f69-6e8c21a42679) for alternator_latte_hot_partition.latte_hot_partition: write timeout due to uncertainty. Replica errors: )
2026-05-29 14:08:06.625: [ERROR][Attempt 0/10][Retry in 114 ms] SdkError: Internal server error: exceptions::mutation_write_timeout_exception (Failed to accept proposal(d0b0fe56-5b67-11f1-4bb3-754b2f109195) for alternator_latte_hot_partition.latte_hot_partition: write timeout due to uncertainty. Replica errors: )
2026-05-29 14:08:06.478: [ERROR][Attempt 0/10][Retry in 58 ms] SdkError: Internal server error: exceptions::mutation_write_timeout_exception (Failed to accept proposal(d09a84aa-5b67-11f1-dc3c-1b6ba8550a20) for alternator_latte_hot_partition.latte_hot_partition: write timeout due to uncertainty. Replica errors: )
2026-05-29 14:08:06.974: [ERROR][Attempt 0/10][Retry in 54 ms] SdkError: Internal server error: exceptions::mutation_write_timeout_exception (Failed to accept proposal(d0e6791e-5b67-11f1-2007-435225e81725) for alternator_latte_hot_partition.latte_hot_partition: write timeout due to uncertainty. Replica errors: )
2026-05-29 14:08:06.593: [ERROR][Attempt 0/10][Retry in 88 ms] SdkError: Internal server error: exceptions::mutation_write_timeout_exception (Failed to accept proposal(d0abbd9c-5b67-11f1-8dbe-7a2f6fb43c8b) for alternator_latte_hot_partition.latte_hot_partition: write timeout due to uncertainty. Replica errors: )
...number of dropped error messages per sampling period: 61
  60.001      3470         0      3470           0.405     6.025    11.231    62.882    99.418   175.636   324.534   415.498
2026-05-29 14:08:07.987: [ERROR][Attempt 0/10][Retry in 111 ms] SdkError: Internal server error: exceptions::mutation_write_timeout_exception (Failed to accept proposal(d180459e-5b67-11f1-b083-ca2303a520b5) for alternator_latte_hot_partition.latte_hot_partition: write timeout due to uncertainty. Replica errors: )
2026-05-29 14:08:07.461: [ERROR][Attempt 0/10][Retry in 103 ms] SdkError: Internal server error: exceptions::mutation_write_timeout_exception (Failed to accept proposal(d1300642-5b67-11f1-6958-88953ef4796d) for alternator_latte_hot_partition.latte_hot_partition: write timeout due to uncertainty. Replica errors: )
2026-05-29 14:08:07.869: [ERROR][Attempt 0/10][Retry in 67 ms] SdkError: Internal server error: exceptions::mutation_write_timeout_exception (Failed to accept proposal(d16d4f48-5b67-11f1-4e5e-df72ff1513b6) for alternator_latte_hot_partition.latte_hot_partition: write timeout due to uncertainty. Replica errors: )
2026-05-29 14:08:08.244: [ERROR][Attempt 0/10][Retry in 66 ms] SdkError: Internal server error: exceptions::mutation_write_timeout_exception (Failed to accept proposal(d1a7e806-5b67-11f1-c7ee-ce573ae71e5e) for alternator_latte_hot_partition.latte_hot_partition: write timeout due to uncertainty. Replica errors: )
2026-05-29 14:08:07.390: [ERROR][Attempt 0/10][Retry in 129 ms] SdkError: Internal server error: exceptions::mutation_write_timeout_exception (Failed to accept proposal(d125856e-5b67-11f1-db95-f48a04d1533e) for alternator_latte_hot_partition.latte_hot_partition: write timeout due to uncertainty. Replica errors: )
...number of dropped error messages per sampling period: 75
  61.001      3442         0      3442           0.462    16.351    52.822   117.244   154.272   281.805   471.859   568.328
2026-05-29 14:08:08.530: [ERROR][Attempt 0/10][Retry in 84 ms] SdkError: Internal server error: exceptions::mutation_write_timeout_exception (Failed to accept proposal(d1d27b34-5b67-11f1-a641-682c0009d138) for alternator_latte_hot_partition.latte_hot_partition: write timeout due to uncertainty. Replica errors: )
2026-05-29 14:08:08.467: [ERROR][Attempt 0/10][Retry in 55 ms] SdkError: Internal server error: exceptions::mutation_write_timeout_exception (Failed to accept proposal(d1ca175a-5b67-11f1-605e-b7b23486f608) for alternator_latte_hot_partition.latte_hot_partition: write timeout due to uncertainty. Replica errors: )
2026-05-29 14:08:08.529: [ERROR][Attempt 0/10][Retry in 128 ms] SdkError: Internal server error: exceptions::mutation_write_timeout_exception (Failed to accept proposal(d1d152a4-5b67-11f1-493f-8ae48ae26de1) for alternator_latte_hot_partition.latte_hot_partition: write timeout due to uncertainty. Replica errors: )
2026-05-29 14:08:08.417: [ERROR][Attempt 0/10][Retry in 132 ms] SdkError: Internal server error: exceptions::mutation_write_timeout_exception (Failed to accept proposal(d1c17352-5b67-11f1-75be-0bde0afe1361) for alternator_latte_hot_partition.latte_hot_partition: write timeout due to uncertainty. Replica errors: )
2026-05-29 14:08:08.931: [ERROR][Attempt 0/10][Retry in 134 ms] SdkError: Internal server error: exceptions::mutation_write_timeout_exception (Failed to accept proposal(d210d014-5b67-11f1-0d19-6404c9348d4e) for alternator_latte_hot_partition.latte_hot_partition: write timeout due to uncertainty. Replica errors: )
...number of dropped error messages per sampling period: 64
  62.002      3592         0      3592           0.431     7.287    39.485   101.581   154.534   258.474   453.247   717.750
2026-05-29 14:08:09.459: [ERROR][Attempt 1/10][Retry in 155 ms] SdkError: Internal server error: exceptions::mutation_write_timeout_exception (Failed to accept proposal(d26110ce-5b67-11f1-541b-8f33786645c4) for alternator_latte_hot_partition.latte_hot_partition: write timeout due to uncertainty. Replica errors: )
2026-05-29 14:08:10.032: [ERROR][Attempt 0/10][Retry in 125 ms] SdkError: Internal server error: exceptions::mutation_write_timeout_exception (Failed to accept proposal(d2b85b5e-5b67-11f1-02f1-002aac59c2c2) for alternator_latte_hot_partition.latte_hot_partition: write timeout due to uncertainty. Replica errors: )
2026-05-29 14:08:09.780: [ERROR][Attempt 0/10][Retry in 86 ms] SdkError: Internal server error: exceptions::mutation_write_timeout_exception (Failed to accept proposal(d291d010-5b67-11f1-a872-b2bc2d314489) for alternator_latte_hot_partition.latte_hot_partition: write timeout due to uncertainty. Replica errors: )
2026-05-29 14:08:09.669: [ERROR][Attempt 0/10][Retry in 132 ms] SdkError: Internal server error: exceptions::mutation_write_timeout_exception (Failed to accept proposal(d281a848-5b67-11f1-22c4-c534bb4b6b67) for alternator_latte_hot_partition.latte_hot_partition: write timeout due to uncertainty. Replica errors: )
2026-05-29 14:08:09.997: [ERROR][Attempt 0/10][Retry in 84 ms] SdkError: Internal server error: exceptions::mutation_write_timeout_exception (Failed to accept proposal(d2b36676-5b67-11f1-7500-2784a1dc8001) for alternator_latte_hot_partition.latte_hot_partition: write timeout due to uncertainty. Replica errors: )
...number of dropped error messages per sampling period: 71
  63.001      3461         0      3462           0.496     8.503    24.052    91.881   125.764   209.322   320.078   363.856
2026-05-29 14:08:10.715: [ERROR][Attempt 1/10][Retry in 170 ms] SdkError: Internal server error: exceptions::mutation_write_timeout_exception (Failed to accept proposal(d32020ae-5b67-11f1-9919-412cd17f23b8) for alternator_latte_hot_partition.latte_hot_partition: write timeout due to uncertainty. Replica errors: )
2026-05-29 14:08:10.709: [ERROR][Attempt 0/10][Retry in 78 ms] SdkError: Internal server error: exceptions::mutation_write_timeout_exception (Failed to accept proposal(d31f208c-5b67-11f1-aeaf-d594b510c01a) for alternator_latte_hot_partition.latte_hot_partition: write timeout due to uncertainty. Replica errors: )
2026-05-29 14:08:11.016: [ERROR][Attempt 0/10][Retry in 108 ms] SdkError: Internal server error: exceptions::mutation_write_timeout_exception (Failed to accept proposal(d34e5b04-5b67-11f1-2c99-bd5b126c313f) for alternator_latte_hot_partition.latte_hot_partition: write timeout due to uncertainty. Replica errors: )
2026-05-29 14:08:10.776: [ERROR][Attempt 0/10][Retry in 58 ms] SdkError: Internal server error: exceptions::mutation_write_timeout_exception (Failed to accept proposal(d329cf82-5b67-11f1-39f4-d628ca040792) for alternator_latte_hot_partition.latte_hot_partition: write timeout due to uncertainty. Replica errors: )
2026-05-29 14:08:10.732: [ERROR][Attempt 0/10][Retry in 90 ms] SdkError: Internal server error: exceptions::mutation_write_timeout_exception (Failed to accept proposal(d3236f20-5b67-11f1-f450-c627847b8edf) for alternator_latte_hot_partition.latte_hot_partition: write timeout due to uncertainty. Replica errors: )
...number of dropped error messages per sampling period: 57
  64.001      3555         0      3554           0.541     8.069    31.261    88.670   121.700   202.113   339.476   750.256
2026-05-29 14:08:12.356: [ERROR][Attempt 0/10][Retry in 54 ms] SdkError: Internal server error: exceptions::mutation_write_timeout_exception (Failed to accept proposal(d41b93d0-5b67-11f1-2704-34fab16e1735) for alternator_latte_hot_partition.latte_hot_partition: write timeout due to uncertainty. Replica errors: )
2026-05-29 14:08:11.973: [ERROR][Attempt 0/10][Retry in 133 ms] SdkError: Internal server error: exceptions::mutation_write_timeout_exception (Failed to accept proposal(d3e00464-5b67-11f1-a580-35aa93629857) for alternator_latte_hot_partition.latte_hot_partition: write timeout due to uncertainty. Replica errors: )
2026-05-29 14:08:12.048: [ERROR][Attempt 0/10][Retry in 84 ms] SdkError: Internal server error: exceptions::mutation_write_timeout_exception (Failed to accept proposal(d3ec445e-5b67-11f1-3c69-2dba8eba6313) for alternator_latte_hot_partition.latte_hot_partition: write timeout due to uncertainty. Replica errors: )
2026-05-29 14:08:11.956: [ERROR][Attempt 0/10][Retry in 134 ms] SdkError: Internal server error: exceptions::mutation_write_timeout_exception (Failed to accept proposal(d3de54e8-5b67-11f1-3053-78412b5eea85) for alternator_latte_hot_partition.latte_hot_partition: write timeout due to uncertainty. Replica errors: )
2026-05-29 14:08:12.099: [ERROR][Attempt 0/10][Retry in 148 ms] SdkError: Internal server error: exceptions::mutation_write_timeout_exception (Failed to accept proposal(d3f301a4-5b67-11f1-4a1e-76170f1c913d) for alternator_latte_hot_partition.latte_hot_partition: write timeout due to uncertainty. Replica errors: )
...number of dropped error messages per sampling period: 67
  65.001      3463         0      3463           0.445     5.738    10.764    58.425    92.865   178.127   327.156   564.658
2026-05-29 14:08:12.723: [ERROR][Attempt 0/10][Retry in 140 ms] SdkError: Internal server error: exceptions::mutation_write_timeout_exception (Failed to accept proposal(d4532d2c-5b67-11f1-395f-e18e61a152e8) for alternator_latte_hot_partition.latte_hot_partition: write timeout due to uncertainty. Replica errors: )
2026-05-29 14:08:13.260: [ERROR][Attempt 0/10][Retry in 58 ms] SdkError: Internal server error: exceptions::mutation_write_timeout_exception (Failed to accept proposal(d4a56876-5b67-11f1-b032-55e9ce3a0d54) for alternator_latte_hot_partition.latte_hot_partition: write timeout due to uncertainty. Replica errors: )
2026-05-29 14:08:12.918: [ERROR][Attempt 0/10][Retry in 101 ms] SdkError: Internal server error: exceptions::mutation_write_timeout_exception (Failed to accept proposal(d470f03c-5b67-11f1-a532-c509b259c0c3) for alternator_latte_hot_partition.latte_hot_partition: write timeout due to uncertainty. Replica errors: )
2026-05-29 14:08:12.406: [ERROR][Attempt 0/10][Retry in 64 ms] SdkError: Internal server error: exceptions::mutation_write_timeout_exception (Failed to accept proposal(d422c5ce-5b67-11f1-baab-3dc4fe1b6191) for alternator_latte_hot_partition.latte_hot_partition: write timeout due to uncertainty. Replica errors: )
2026-05-29 14:08:12.416: [ERROR][Attempt 0/10][Retry in 133 ms] SdkError: Internal server error: exceptions::mutation_write_timeout_exception (Failed to accept proposal(d4248b16-5b67-11f1-0358-a1f1f1d40301) for alternator_latte_hot_partition.latte_hot_partition: write timeout due to uncertainty. Replica errors: )
...number of dropped error messages per sampling period: 66
  66.001      3493         0      3493           0.481     7.778    18.104    81.461   112.460   211.812   349.700   424.411
2026-05-29 14:08:13.715: [ERROR][Attempt 0/10][Retry in 74 ms] SdkError: Internal server error: exceptions::mutation_write_timeout_exception (Failed to accept proposal(d4ea855a-5b67-11f1-e870-84355154be8b) for alternator_latte_hot_partition.latte_hot_partition: write timeout due to uncertainty. Replica errors: )
2026-05-29 14:08:13.432: [ERROR][Attempt 0/10][Retry in 93 ms] SdkError: Internal server error: exceptions::mutation_write_timeout_exception (Failed to accept proposal(d4bf2b44-5b67-11f1-c11e-bca21f05a5fc) for alternator_latte_hot_partition.latte_hot_partition: write timeout due to uncertainty. Replica errors: )
2026-05-29 14:08:13.724: [ERROR][Attempt 0/10][Retry in 103 ms] SdkError: Internal server error: exceptions::mutation_write_timeout_exception (Failed to accept proposal(d4ebf7fa-5b67-11f1-ccc5-abbe0d2647d4) for alternator_latte_hot_partition.latte_hot_partition: write timeout due to uncertainty. Replica errors: )
2026-05-29 14:08:14.044: [ERROR][Attempt 0/10][Retry in 85 ms] SdkError: Internal server error: exceptions::mutation_write_timeout_exception (Failed to accept proposal(d51c3794-5b67-11f1-c1c3-c9100c688261) for alternator_latte_hot_partition.latte_hot_partition: write timeout due to uncertainty. Replica errors: )
2026-05-29 14:08:13.649: [ERROR][Attempt 0/10][Retry in 84 ms] SdkError: Internal server error: exceptions::mutation_write_timeout_exception (Failed to accept proposal(d4e0716e-5b67-11f1-3e12-669d499a9607) for alternator_latte_hot_partition.latte_hot_partition: write timeout due to uncertainty. Replica errors: )
...number of dropped error messages per sampling period: 58
  67.001      3531         0      3532           0.453     6.521    22.626    82.969   117.572   220.463   387.711   644.874
2026-05-29 14:08:14.662: [ERROR][Attempt 0/10][Retry in 132 ms] SdkError: Internal server error: exceptions::mutation_write_timeout_exception (Failed to accept proposal(d578b5e6-5b67-11f1-60b8-8bb49f62f502) for alternator_latte_hot_partition.latte_hot_partition: write timeout due to uncertainty. Replica errors: )
2026-05-29 14:08:14.583: [ERROR][Attempt 0/10][Retry in 101 ms] SdkError: Internal server error: exceptions::mutation_write_timeout_exception (Failed to accept proposal(d56e56a0-5b67-11f1-de67-db65a95fa982) for alternator_latte_hot_partition.latte_hot_partition: write timeout due to uncertainty. Replica errors: )
2026-05-29 14:08:14.385: [ERROR][Attempt 0/10][Retry in 148 ms] SdkError: Internal server error: exceptions::mutation_write_timeout_exception (Failed to accept proposal(d550e6d8-5b67-11f1-7d57-52c23b1bdc4a) for alternator_latte_hot_partition.latte_hot_partition: write timeout due to uncertainty. Replica errors: )
2026-05-29 14:08:14.894: [ERROR][Attempt 0/10][Retry in 129 ms] SdkError: Internal server error: exceptions::mutation_write_timeout_exception (Failed to accept proposal(d59e97b6-5b67-11f1-275f-68d36c7d9d86) for alternator_latte_hot_partition.latte_hot_partition: write timeout due to uncertainty. Replica errors: )
2026-05-29 14:08:14.860: [ERROR][Attempt 0/10][Retry in 52 ms] SdkError: Internal server error: exceptions::mutation_write_timeout_exception (Failed to accept proposal(d5998dca-5b67-11f1-4270-7bc10d544d7d) for alternator_latte_hot_partition.latte_hot_partition: write timeout due to uncertainty. Replica errors: )
...number of dropped error messages per sampling period: 63
  68.001      3360         0      3360           0.390     8.339    29.590    87.949   127.140   243.532   351.797   403.964
2026-05-29 14:08:15.683: [ERROR][Attempt 0/10][Retry in 144 ms] SdkError: Internal server error: exceptions::mutation_write_timeout_exception (Failed to accept proposal(d61716a0-5b67-11f1-4b3d-fecde027fd0a) for alternator_latte_hot_partition.latte_hot_partition: write timeout due to uncertainty. Replica errors: )
2026-05-29 14:08:16.002: [ERROR][Attempt 0/10][Retry in 69 ms] SdkError: Internal server error: exceptions::mutation_write_timeout_exception (Failed to accept proposal(d647fad6-5b67-11f1-88de-e04f558dda1a) for alternator_latte_hot_partition.latte_hot_partition: write timeout due to uncertainty. Replica errors: )
2026-05-29 14:08:16.079: [ERROR][Attempt 0/10][Retry in 120 ms] SdkError: Internal server error: exceptions::mutation_write_timeout_exception (Failed to accept proposal(d653714a-5b67-11f1-d49b-76d7fb1746ea) for alternator_latte_hot_partition.latte_hot_partition: write timeout due to uncertainty. Replica errors: )
2026-05-29 14:08:15.977: [ERROR][Attempt 0/10][Retry in 142 ms] SdkError: Internal server error: exceptions::mutation_write_timeout_exception (Failed to accept proposal(d6436732-5b67-11f1-7094-b7702d28e174) for alternator_latte_hot_partition.latte_hot_partition: write timeout due to uncertainty. Replica errors: )
2026-05-29 14:08:15.793: [ERROR][Attempt 0/10][Retry in 68 ms] SdkError: Internal server error: exceptions::mutation_write_timeout_exception (Failed to accept proposal(d6275a2e-5b67-11f1-d556-2a3ea404c539) for alternator_latte_hot_partition.latte_hot_partition: write timeout due to uncertainty. Replica errors: )
...number of dropped error messages per sampling period: 69
  69.001      3416         0      3415           0.621    48.628   104.464   185.205   274.727   425.460   708.837   807.928
2026-05-29 14:08:16.640: [ERROR][Attempt 0/10][Retry in 51 ms] SdkError: Internal server error: exceptions::mutation_write_timeout_exception (Failed to accept proposal(d6a8f5de-5b67-11f1-2424-99619b178a89) for alternator_latte_hot_partition.latte_hot_partition: write timeout due to uncertainty. Replica errors: )
2026-05-29 14:08:16.934: [ERROR][Attempt 0/10][Retry in 119 ms] SdkError: Internal server error: exceptions::mutation_write_timeout_exception (Failed to accept proposal(d6d60dbc-5b67-11f1-7c96-9c4c385c6b12) for alternator_latte_hot_partition.latte_hot_partition: write timeout due to uncertainty. Replica errors: )
2026-05-29 14:08:16.613: [ERROR][Attempt 0/10][Retry in 87 ms] SdkError: Internal server error: exceptions::mutation_write_timeout_exception (Failed to accept proposal(d6a4da62-5b67-11f1-49e8-69bf430ac93f) for alternator_latte_hot_partition.latte_hot_partition: write timeout due to uncertainty. Replica errors: )
2026-05-29 14:08:17.298: [ERROR][Attempt 0/10][Retry in 124 ms] SdkError: Internal server error: exceptions::mutation_write_timeout_exception (Failed to accept proposal(d70d6d48-5b67-11f1-7801-3fa1783fb466) for alternator_latte_hot_partition.latte_hot_partition: write timeout due to uncertainty. Replica errors: )
2026-05-29 14:08:16.729: [ERROR][Attempt 0/10][Retry in 102 ms] SdkError: Internal server error: exceptions::mutation_write_timeout_exception (Failed to accept proposal(d6b6c510-5b67-11f1-8ace-daf3fcc971e1) for alternator_latte_hot_partition.latte_hot_partition: write timeout due to uncertainty. Replica errors: )
...number of dropped error messages per sampling period: 74
  70.002      3725         0      3725           0.439     7.254    36.864   108.200   168.690   311.427   497.025   619.184
2026-05-29 14:08:17.422: [ERROR][Attempt 0/10][Retry in 102 ms] SdkError: Internal server error: exceptions::mutation_write_timeout_exception (Failed to accept proposal(d7206358-5b67-11f1-c129-64876f4f72ed) for alternator_latte_hot_partition.latte_hot_partition: write timeout due to uncertainty. Replica errors: )
2026-05-29 14:08:18.050: [ERROR][Attempt 0/10][Retry in 143 ms] SdkError: Internal server error: exceptions::mutation_write_timeout_exception (Failed to accept proposal(d7803cb0-5b67-11f1-4e92-5f3317348b4d) for alternator_latte_hot_partition.latte_hot_partition: write timeout due to uncertainty. Replica errors: )
2026-05-29 14:08:17.858: [ERROR][Attempt 0/10][Retry in 61 ms] SdkError: Internal server error: exceptions::mutation_write_timeout_exception (Failed to accept proposal(d761b3a8-5b67-11f1-561c-b28da6367f9b) for alternator_latte_hot_partition.latte_hot_partition: write timeout due to uncertainty. Replica errors: )
2026-05-29 14:08:17.823: [ERROR][Attempt 0/10][Retry in 135 ms] SdkError: Internal server error: exceptions::mutation_write_timeout_exception (Failed to accept proposal(d75cead0-5b67-11f1-7e0b-400e711904bd) for alternator_latte_hot_partition.latte_hot_partition: write timeout due to uncertainty. Replica errors: )
2026-05-29 14:08:17.561: [ERROR][Attempt 0/10][Retry in 123 ms] SdkError: Internal server error: exceptions::mutation_write_timeout_exception (Failed to accept proposal(d735cc84-5b67-11f1-5df4-45f72d9ccf39) for alternator_latte_hot_partition.latte_hot_partition: write timeout due to uncertainty. Replica errors: )
...number of dropped error messages per sampling period: 75
  71.000      3352         0      3352           0.455    11.420    47.186    97.649   135.266   215.220   298.582   379.060
2026-05-29 14:08:18.963: [ERROR][Attempt 0/10][Retry in 56 ms] SdkError: Internal server error: exceptions::mutation_write_timeout_exception (Failed to accept proposal(d80b9cba-5b67-11f1-8533-1bb598915a2e) for alternator_latte_hot_partition.latte_hot_partition: write timeout due to uncertainty. Replica errors: )
2026-05-29 14:08:18.375: [ERROR][Attempt 0/10][Retry in 74 ms] SdkError: Internal server error: exceptions::mutation_write_timeout_exception (Failed to accept proposal(d7b19936-5b67-11f1-e1b5-4b380aa0f397) for alternator_latte_hot_partition.latte_hot_partition: write timeout due to uncertainty. Replica errors: )
2026-05-29 14:08:18.376: [ERROR][Attempt 0/10][Retry in 88 ms] SdkError: Internal server error: exceptions::mutation_write_timeout_exception (Failed to accept proposal(d7b208a8-5b67-11f1-45cc-d1586b76c45a) for alternator_latte_hot_partition.latte_hot_partition: write timeout due to uncertainty. Replica errors: )
2026-05-29 14:08:18.623: [ERROR][Attempt 0/10][Retry in 92 ms] SdkError: Internal server error: exceptions::mutation_write_timeout_exception (Failed to accept proposal(d7d79154-5b67-11f1-89f3-a2e8f8851d55) for alternator_latte_hot_partition.latte_hot_partition: write timeout due to uncertainty. Replica errors: )
2026-05-29 14:08:18.543: [ERROR][Attempt 0/10][Retry in 104 ms] SdkError: Internal server error: exceptions::mutation_write_timeout_exception (Failed to accept proposal(d7cbc50e-5b67-11f1-2ccc-542eeb859f93) for alternator_latte_hot_partition.latte_hot_partition: write timeout due to uncertainty. Replica errors: )
...number of dropped error messages per sampling period: 78
  72.001      3580         0      3580           0.474    24.035    67.633   124.912   169.869   253.755   370.934   455.344
2026-05-29 14:08:20.067: [ERROR][Attempt 0/10][Retry in 148 ms] SdkError: Internal server error: exceptions::mutation_write_timeout_exception (Failed to accept proposal(d8b3e654-5b67-11f1-53ed-51728650b036) for alternator_latte_hot_partition.latte_hot_partition: write timeout due to uncertainty. Replica errors: )
2026-05-29 14:08:20.329: [ERROR][Attempt 0/10][Retry in 117 ms] SdkError: Internal server error: exceptions::mutation_write_timeout_exception (Failed to accept proposal(d8dbbbac-5b67-11f1-8cad-02288f6eee9e) for alternator_latte_hot_partition.latte_hot_partition: write timeout due to uncertainty. Replica errors: )
2026-05-29 14:08:19.695: [ERROR][Attempt 0/10][Retry in 131 ms] SdkError: Internal server error: exceptions::mutation_write_timeout_exception (Failed to accept proposal(d87b30a2-5b67-11f1-a888-0572640d5bc4) for alternator_latte_hot_partition.latte_hot_partition: write timeout due to uncertainty. Replica errors: )
2026-05-29 14:08:19.460: [ERROR][Attempt 0/10][Retry in 57 ms] SdkError: Internal server error: exceptions::mutation_write_timeout_exception (Failed to accept proposal(d8573832-5b67-11f1-d66e-64b70e5f155e) for alternator_latte_hot_partition.latte_hot_partition: write timeout due to uncertainty. Replica errors: )
2026-05-29 14:08:19.789: [ERROR][Attempt 0/10][Retry in 111 ms] SdkError: Internal server error: exceptions::mutation_write_timeout_exception (Failed to accept proposal(d88932b0-5b67-11f1-ce8b-8d04048e202d) for alternator_latte_hot_partition.latte_hot_partition: write timeout due to uncertainty. Replica errors: )
...number of dropped error messages per sampling period: 81
  73.001      3531         0      3531           0.531    15.491    68.944   123.339   172.753   273.940   421.790   511.967
2026-05-29 14:08:20.757: [ERROR][Attempt 0/10][Retry in 54 ms] SdkError: Internal server error: exceptions::mutation_write_timeout_exception (Failed to accept proposal(d91d3852-5b67-11f1-7d12-2c8b65ed27a0) for alternator_latte_hot_partition.latte_hot_partition: write timeout due to uncertainty. Replica errors: )
2026-05-29 14:08:21.001: [ERROR][Attempt 0/10][Retry in 94 ms] SdkError: Internal server error: exceptions::mutation_write_timeout_exception (Failed to accept proposal(d942a6f0-5b67-11f1-11d9-5b7d0b98cc28) for alternator_latte_hot_partition.latte_hot_partition: write timeout due to uncertainty. Replica errors: )
2026-05-29 14:08:20.802: [ERROR][Attempt 0/10][Retry in 140 ms] SdkError: Internal server error: exceptions::mutation_write_timeout_exception (Failed to accept proposal(d9243472-5b67-11f1-a051-28eddcfad2c9) for alternator_latte_hot_partition.latte_hot_partition: write timeout due to uncertainty. Replica errors: )
2026-05-29 14:08:21.128: [ERROR][Attempt 0/10][Retry in 62 ms] SdkError: Internal server error: exceptions::mutation_write_timeout_exception (Failed to accept proposal(d9562536-5b67-11f1-158e-e4afce128b4d) for alternator_latte_hot_partition.latte_hot_partition: write timeout due to uncertainty. Replica errors: )
2026-05-29 14:08:21.223: [ERROR][Attempt 0/10][Retry in 140 ms] SdkError: Internal server error: exceptions::mutation_write_timeout_exception (Failed to accept proposal(d964647a-5b67-11f1-b6e4-1e39bd6a6844) for alternator_latte_hot_partition.latte_hot_partition: write timeout due to uncertainty. Replica errors: )
...number of dropped error messages per sampling period: 58
  74.001      3475         0      3475           0.476     7.967    23.708    85.852   121.373   209.191   305.398   463.733
2026-05-29 14:08:21.715: [ERROR][Attempt 0/10][Retry in 142 ms] SdkError: Internal server error: exceptions::mutation_write_timeout_exception (Failed to accept proposal(d9af90bc-5b67-11f1-6653-ba0dc56ac001) for alternator_latte_hot_partition.latte_hot_partition: write timeout due to uncertainty. Replica errors: )
2026-05-29 14:08:22.102: [ERROR][Attempt 0/10][Retry in 85 ms] SdkError: Internal server error: exceptions::mutation_write_timeout_exception (Failed to accept proposal(d9ea4b6c-5b67-11f1-6f3b-8007a9b2a140) for alternator_latte_hot_partition.latte_hot_partition: write timeout due to uncertainty. Replica errors: )
2026-05-29 14:08:21.740: [ERROR][Attempt 0/10][Retry in 141 ms] SdkError: Internal server error: exceptions::mutation_write_timeout_exception (Failed to accept proposal(d9b32380-5b67-11f1-5de8-53bd801971dc) for alternator_latte_hot_partition.latte_hot_partition: write timeout due to uncertainty. Replica errors: )
2026-05-29 14:08:21.429: [ERROR][Attempt 0/10][Retry in 68 ms] SdkError: Internal server error: exceptions::mutation_write_timeout_exception (Failed to accept proposal(d983f0ec-5b67-11f1-d2bb-1a649ecc878c) for alternator_latte_hot_partition.latte_hot_partition: write timeout due to uncertainty. Replica errors: )
2026-05-29 14:08:21.796: [ERROR][Attempt 0/10][Retry in 92 ms] SdkError: Internal server error: exceptions::mutation_write_timeout_exception (Failed to accept proposal(d9bb9f10-5b67-11f1-d250-d2dde6f69af4) for alternator_latte_hot_partition.latte_hot_partition: write timeout due to uncertainty. Replica errors: )
...number of dropped error messages per sampling period: 60
  75.001      3535         0      3535           0.407     6.513    17.580    81.002   122.814   225.313   333.185   454.296
2026-05-29 14:08:22.365: [ERROR][Attempt 0/10][Retry in 55 ms] SdkError: Internal server error: exceptions::mutation_write_timeout_exception (Failed to accept proposal(da12a3b4-5b67-11f1-ef76-614f89ec848d) for alternator_latte_hot_partition.latte_hot_partition: write timeout due to uncertainty. Replica errors: )
2026-05-29 14:08:23.017: [ERROR][Attempt 0/10][Retry in 115 ms] SdkError: Internal server error: exceptions::mutation_write_timeout_exception (Failed to accept proposal(da751c74-5b67-11f1-6e34-756c48c31cd1) for alternator_latte_hot_partition.latte_hot_partition: write timeout due to uncertainty. Replica errors: )
2026-05-29 14:08:22.663: [ERROR][Attempt 0/10][Retry in 61 ms] SdkError: Internal server error: exceptions::mutation_write_timeout_exception (Failed to accept proposal(da3fdb4a-5b67-11f1-71af-959d32f169b9) for alternator_latte_hot_partition.latte_hot_partition: write timeout due to uncertainty. Replica errors: )
2026-05-29 14:08:22.886: [ERROR][Attempt 0/10][Retry in 84 ms] SdkError: Internal server error: exceptions::mutation_write_timeout_exception (Failed to accept proposal(da615e50-5b67-11f1-db3f-7ea2404735fa) for alternator_latte_hot_partition.latte_hot_partition: write timeout due to uncertainty. Replica errors: )
2026-05-29 14:08:22.696: [ERROR][Attempt 0/10][Retry in 114 ms] SdkError: Internal server error: exceptions::mutation_write_timeout_exception (Failed to accept proposal(da44c998-5b67-11f1-b97d-a2220e76e1ce) for alternator_latte_hot_partition.latte_hot_partition: write timeout due to uncertainty. Replica errors: )
...number of dropped error messages per sampling period: 63
  76.001      3508         0      3507           0.501     7.188    15.303    70.910   106.496   208.929   384.041   480.772
2026-05-29 14:08:23.876: [ERROR][Attempt 0/10][Retry in 94 ms] SdkError: Internal server error: exceptions::mutation_write_timeout_exception (Failed to accept proposal(daf8e7b6-5b67-11f1-5522-26dd0fa7b9d6) for alternator_latte_hot_partition.latte_hot_partition: write timeout due to uncertainty. Replica errors: )
2026-05-29 14:08:23.916: [ERROR][Attempt 0/10][Retry in 62 ms] SdkError: Internal server error: exceptions::mutation_write_timeout_exception (Failed to accept proposal(daff349a-5b67-11f1-8e24-5161a8582476) for alternator_latte_hot_partition.latte_hot_partition: write timeout due to uncertainty. Replica errors: )
2026-05-29 14:08:24.245: [ERROR][Attempt 0/10][Retry in 91 ms] SdkError: Internal server error: exceptions::mutation_write_timeout_exception (Failed to accept proposal(db314eee-5b67-11f1-1097-3113025d6741) for alternator_latte_hot_partition.latte_hot_partition: write timeout due to uncertainty. Replica errors: )
2026-05-29 14:08:23.456: [ERROR][Attempt 0/10][Retry in 64 ms] SdkError: Internal server error: exceptions::mutation_write_timeout_exception (Failed to accept proposal(dab96e56-5b67-11f1-4ece-a2638dd442fa) for alternator_latte_hot_partition.latte_hot_partition: write timeout due to uncertainty. Replica errors: )
2026-05-29 14:08:23.389: [ERROR][Attempt 0/10][Retry in 140 ms] SdkError: Internal server error: exceptions::mutation_write_timeout_exception (Failed to accept proposal(daaeefa8-5b67-11f1-d675-f6d58786245c) for alternator_latte_hot_partition.latte_hot_partition: write timeout due to uncertainty. Replica errors: )
...number of dropped error messages per sampling period: 62
  77.001      3505         0      3505           0.506     6.353    12.747    64.389    98.894   171.311   270.533   362.545
2026-05-29 14:08:24.738: [ERROR][Attempt 0/10][Retry in 78 ms] SdkError: Internal server error: exceptions::mutation_write_timeout_exception (Failed to accept proposal(db7cadf8-5b67-11f1-be77-061ff589edbd) for alternator_latte_hot_partition.latte_hot_partition: write timeout due to uncertainty. Replica errors: )
2026-05-29 14:08:24.945: [ERROR][Attempt 0/10][Retry in 138 ms] SdkError: Internal server error: exceptions::mutation_write_timeout_exception (Failed to accept proposal(db9c0540-5b67-11f1-8c16-6a402298d28c) for alternator_latte_hot_partition.latte_hot_partition: write timeout due to uncertainty. Replica errors: )
2026-05-29 14:08:24.850: [ERROR][Attempt 0/10][Retry in 112 ms] SdkError: Internal server error: exceptions::mutation_write_timeout_exception (Failed to accept proposal(db8dd68c-5b67-11f1-03e2-e50dcb775a98) for alternator_latte_hot_partition.latte_hot_partition: write timeout due to uncertainty. Replica errors: )
2026-05-29 14:08:25.336: [ERROR][Attempt 0/10][Retry in 68 ms] SdkError: Internal server error: exceptions::mutation_write_timeout_exception (Failed to accept proposal(dbd822b4-5b67-11f1-603e-316dfa4f88ba) for alternator_latte_hot_partition.latte_hot_partition: write timeout due to uncertainty. Replica errors: )
2026-05-29 14:08:25.260: [ERROR][Attempt 0/10][Retry in 62 ms] SdkError: Internal server error: exceptions::mutation_write_timeout_exception (Failed to accept proposal(dbcc7c0c-5b67-11f1-c3f7-6a4730265d22) for alternator_latte_hot_partition.latte_hot_partition: write timeout due to uncertainty. Replica errors: )
...number of dropped error messages per sampling period: 53
  78.001      3495         0      3496           0.508     6.382    11.608    62.292   100.139   187.564   293.339   440.402
2026-05-29 14:08:26.321: [ERROR][Attempt 0/10][Retry in 66 ms] SdkError: Internal server error: exceptions::mutation_write_timeout_exception (Failed to accept proposal(dc6e758e-5b67-11f1-4caa-9ae9aea4b383) for alternator_latte_hot_partition.latte_hot_partition: write timeout due to uncertainty. Replica errors: )
2026-05-29 14:08:25.706: [ERROR][Attempt 0/10][Retry in 131 ms] SdkError: Internal server error: exceptions::mutation_write_timeout_exception (Failed to accept proposal(dc102362-5b67-11f1-1340-953352bdcf2e) for alternator_latte_hot_partition.latte_hot_partition: write timeout due to uncertainty. Replica errors: )
2026-05-29 14:08:25.934: [ERROR][Attempt 0/10][Retry in 65 ms] SdkError: Internal server error: exceptions::mutation_write_timeout_exception (Failed to accept proposal(dc3313ea-5b67-11f1-ccd4-1fd63788805a) for alternator_latte_hot_partition.latte_hot_partition: write timeout due to uncertainty. Replica errors: )
2026-05-29 14:08:25.996: [ERROR][Attempt 0/10][Retry in 148 ms] SdkError: Internal server error: exceptions::mutation_write_timeout_exception (Failed to accept proposal(dc3cc1d8-5b67-11f1-3dbe-6702caf02de1) for alternator_latte_hot_partition.latte_hot_partition: write timeout due to uncertainty. Replica errors: )
2026-05-29 14:08:25.510: [ERROR][Attempt 0/10][Retry in 127 ms] SdkError: Internal server error: exceptions::mutation_write_timeout_exception (Failed to accept proposal(dbf25c24-5b67-11f1-8715-69c5067ab8c6) for alternator_latte_hot_partition.latte_hot_partition: write timeout due to uncertainty. Replica errors: )
...number of dropped error messages per sampling period: 56
  79.002      3465         0      3465           0.467     7.676    19.186    83.362   112.722   181.404   308.806   368.050
2026-05-29 14:08:26.528: [ERROR][Attempt 0/10][Retry in 68 ms] SdkError: Internal server error: exceptions::mutation_write_timeout_exception (Failed to accept proposal(dc8da65c-5b67-11f1-fd77-69b73dbd6491) for alternator_latte_hot_partition.latte_hot_partition: write timeout due to uncertainty. Replica errors: )
2026-05-29 14:08:27.320: [ERROR][Attempt 0/10][Retry in 140 ms] SdkError: Internal server error: exceptions::mutation_write_timeout_exception (Failed to accept proposal(dd0691fc-5b67-11f1-5d05-322eee0ac1e3) for alternator_latte_hot_partition.latte_hot_partition: write timeout due to uncertainty. Replica errors: )
2026-05-29 14:08:26.529: [ERROR][Attempt 0/10][Retry in 124 ms] SdkError: Internal server error: exceptions::mutation_write_timeout_exception (Failed to accept proposal(dc8e0d90-5b67-11f1-589a-382558fd7832) for alternator_latte_hot_partition.latte_hot_partition: write timeout due to uncertainty. Replica errors: )
2026-05-29 14:08:27.054: [ERROR][Attempt 0/10][Retry in 140 ms] SdkError: Internal server error: exceptions::mutation_write_timeout_exception (Failed to accept proposal(dcde642a-5b67-11f1-44d7-85d5291f040e) for alternator_latte_hot_partition.latte_hot_partition: write timeout due to uncertainty. Replica errors: )
2026-05-29 14:08:26.873: [ERROR][Attempt 0/10][Retry in 72 ms] SdkError: Internal server error: exceptions::mutation_write_timeout_exception (Failed to accept proposal(dcc24696-5b67-11f1-3c4c-0fede70d0ae4) for alternator_latte_hot_partition.latte_hot_partition: write timeout due to uncertainty. Replica errors: )
...number of dropped error messages per sampling period: 85
  80.001      3504         0      3504           0.457     7.361    24.396    83.624   128.778   239.600   349.962   452.198
2026-05-29 14:08:27.994: [ERROR][Attempt 0/10][Retry in 119 ms] SdkError: Internal server error: exceptions::mutation_write_timeout_exception (Failed to accept proposal(dd6dade2-5b67-11f1-71aa-6354b16208bc) for alternator_latte_hot_partition.latte_hot_partition: write timeout due to uncertainty. Replica errors: )
2026-05-29 14:08:27.550: [ERROR][Attempt 0/10][Retry in 103 ms] SdkError: Internal server error: exceptions::mutation_write_timeout_exception (Failed to accept proposal(dd29f1ce-5b67-11f1-6ffc-0d3f3dbbd211) for alternator_latte_hot_partition.latte_hot_partition: write timeout due to uncertainty. Replica errors: )
2026-05-29 14:08:27.506: [ERROR][Attempt 0/10][Retry in 52 ms] SdkError: Internal server error: exceptions::mutation_write_timeout_exception (Failed to accept proposal(dd234c5c-5b67-11f1-8b47-0415d89df7da) for alternator_latte_hot_partition.latte_hot_partition: write timeout due to uncertainty. Replica errors: )
2026-05-29 14:08:27.525: [ERROR][Attempt 0/10][Retry in 87 ms] SdkError: Internal server error: exceptions::mutation_write_timeout_exception (Failed to accept proposal(dd25b438-5b67-11f1-a9f7-2252b5acf86c) for alternator_latte_hot_partition.latte_hot_partition: write timeout due to uncertainty. Replica errors: )
2026-05-29 14:08:27.455: [ERROR][Attempt 0/10][Retry in 52 ms] SdkError: Internal server error: exceptions::mutation_write_timeout_exception (Failed to accept proposal(dd1b3f30-5b67-11f1-a55c-dc3eebe16a63) for alternator_latte_hot_partition.latte_hot_partition: write timeout due to uncertainty. Replica errors: )
...number of dropped error messages per sampling period: 57
  81.001      3513         0      3513           0.408     8.888    29.950    92.537   132.776   209.846   355.467   400.294
2026-05-29 14:08:28.987: [ERROR][Attempt 0/10][Retry in 131 ms] SdkError: Internal server error: exceptions::mutation_write_timeout_exception (Failed to accept proposal(de04b822-5b67-11f1-425b-60b7c8e15ab1) for alternator_latte_hot_partition.latte_hot_partition: write timeout due to uncertainty. Replica errors: )
2026-05-29 14:08:28.902: [ERROR][Attempt 0/10][Retry in 103 ms] SdkError: Internal server error: exceptions::mutation_write_timeout_exception (Failed to accept proposal(ddf81cfc-5b67-11f1-a058-bb1f6f6194c6) for alternator_latte_hot_partition.latte_hot_partition: write timeout due to uncertainty. Replica errors: )
2026-05-29 14:08:29.326: [ERROR][Attempt 0/10][Retry in 59 ms] SdkError: Internal server error: exceptions::mutation_write_timeout_exception (Failed to accept proposal(de387c02-5b67-11f1-bfd5-bfd119fb92ec) for alternator_latte_hot_partition.latte_hot_partition: write timeout due to uncertainty. Replica errors: )
2026-05-29 14:08:28.365: [ERROR][Attempt 0/10][Retry in 52 ms] SdkError: Internal server error: exceptions::mutation_write_timeout_exception (Failed to accept proposal(dda65566-5b67-11f1-0d6e-fcee866b21fb) for alternator_latte_hot_partition.latte_hot_partition: write timeout due to uncertainty. Replica errors: )
2026-05-29 14:08:29.221: [ERROR][Attempt 0/10][Retry in 79 ms] SdkError: Internal server error: exceptions::mutation_write_timeout_exception (Failed to accept proposal(de288126-5b67-11f1-3775-67daa5544ef9) for alternator_latte_hot_partition.latte_hot_partition: write timeout due to uncertainty. Replica errors: )
...number of dropped error messages per sampling period: 60
  82.000      3506         0      3506           0.503     7.254    17.056    75.760   119.144   216.007   390.070   541.065
2026-05-29 14:08:29.951: [ERROR][Attempt 0/10][Retry in 87 ms] SdkError: Internal server error: exceptions::mutation_write_timeout_exception (Failed to accept proposal(de9842d6-5b67-11f1-1e1d-a9c613e3834f) for alternator_latte_hot_partition.latte_hot_partition: write timeout due to uncertainty. Replica errors: )
2026-05-29 14:08:29.430: [ERROR][Attempt 0/10][Retry in 135 ms] SdkError: Internal server error: exceptions::mutation_write_timeout_exception (Failed to accept proposal(de486612-5b67-11f1-163b-ce1d640e3e00) for alternator_latte_hot_partition.latte_hot_partition: write timeout due to uncertainty. Replica errors: )
2026-05-29 14:08:29.590: [ERROR][Attempt 0/10][Retry in 121 ms] SdkError: Internal server error: exceptions::mutation_write_timeout_exception (Failed to accept proposal(de611fb8-5b67-11f1-be1b-6cb0368e6ccb) for alternator_latte_hot_partition.latte_hot_partition: write timeout due to uncertainty. Replica errors: )
2026-05-29 14:08:29.715: [ERROR][Attempt 0/10][Retry in 90 ms] SdkError: Internal server error: exceptions::mutation_write_timeout_exception (Failed to accept proposal(de7413ca-5b67-11f1-715c-19c46357ff71) for alternator_latte_hot_partition.latte_hot_partition: write timeout due to uncertainty. Replica errors: )
2026-05-29 14:08:30.056: [ERROR][Attempt 0/10][Retry in 114 ms] SdkError: Internal server error: exceptions::mutation_write_timeout_exception (Failed to accept proposal(dea75fc8-5b67-11f1-e2d4-f97e15310377) for alternator_latte_hot_partition.latte_hot_partition: write timeout due to uncertainty. Replica errors: )
...number of dropped error messages per sampling period: 71
  83.001      3422         0      3422           0.457     8.651    31.719    93.323   135.135   221.774   362.545   535.036
2026-05-29 14:08:30.988: [ERROR][Attempt 0/10][Retry in 89 ms] SdkError: Internal server error: exceptions::mutation_write_timeout_exception (Failed to accept proposal(df36377a-5b67-11f1-ab26-c3cc01ee01f9) for alternator_latte_hot_partition.latte_hot_partition: write timeout due to uncertainty. Replica errors: )
2026-05-29 14:08:31.190: [ERROR][Attempt 0/10][Retry in 91 ms] SdkError: Internal server error: exceptions::mutation_write_timeout_exception (Failed to accept proposal(df55252c-5b67-11f1-98a7-a0fdae9a8b50) for alternator_latte_hot_partition.latte_hot_partition: write timeout due to uncertainty. Replica errors: )
2026-05-29 14:08:30.947: [ERROR][Attempt 0/10][Retry in 130 ms] SdkError: Internal server error: exceptions::mutation_write_timeout_exception (Failed to accept proposal(df2ffd74-5b67-11f1-5565-e7e6662d6872) for alternator_latte_hot_partition.latte_hot_partition: write timeout due to uncertainty. Replica errors: )
2026-05-29 14:08:30.910: [ERROR][Attempt 0/10][Retry in 133 ms] SdkError: Internal server error: exceptions::mutation_write_timeout_exception (Failed to accept proposal(df2a4af0-5b67-11f1-4714-e7ec767f1a17) for alternator_latte_hot_partition.latte_hot_partition: write timeout due to uncertainty. Replica errors: )
2026-05-29 14:08:30.517: [ERROR][Attempt 0/10][Retry in 65 ms] SdkError: Internal server error: exceptions::mutation_write_timeout_exception (Failed to accept proposal(deee5996-5b67-11f1-e1fa-94c8a003811b) for alternator_latte_hot_partition.latte_hot_partition: write timeout due to uncertainty. Replica errors: )
...number of dropped error messages per sampling period: 60
  84.001      3577         0      3577           0.503    10.314    44.892   103.612   145.359   225.575   352.846   440.402
2026-05-29 14:08:32.035: [ERROR][Attempt 0/10][Retry in 112 ms] SdkError: Internal server error: exceptions::mutation_write_timeout_exception (Failed to accept proposal(dfd65fa2-5b67-11f1-74f0-34299058e502) for alternator_latte_hot_partition.latte_hot_partition: write timeout due to uncertainty. Replica errors: )
2026-05-29 14:08:31.970: [ERROR][Attempt 0/10][Retry in 134 ms] SdkError: Internal server error: exceptions::mutation_write_timeout_exception (Failed to accept proposal(dfcc177c-5b67-11f1-cf14-fea7409c5bc5) for alternator_latte_hot_partition.latte_hot_partition: write timeout due to uncertainty. Replica errors: )
2026-05-29 14:08:32.141: [ERROR][Attempt 0/10][Retry in 110 ms] SdkError: Internal server error: exceptions::mutation_write_timeout_exception (Failed to accept proposal(dfe64f3e-5b67-11f1-a85c-030400a00989) for alternator_latte_hot_partition.latte_hot_partition: write timeout due to uncertainty. Replica errors: )
2026-05-29 14:08:31.419: [ERROR][Attempt 0/10][Retry in 108 ms] SdkError: Internal server error: exceptions::mutation_write_timeout_exception (Failed to accept proposal(df780ace-5b67-11f1-2ad8-578b884e2818) for alternator_latte_hot_partition.latte_hot_partition: write timeout due to uncertainty. Replica errors: )
2026-05-29 14:08:31.655: [ERROR][Attempt 0/10][Retry in 99 ms] SdkError: Internal server error: exceptions::mutation_write_timeout_exception (Failed to accept proposal(df9bfb46-5b67-11f1-e6b9-abaade7ac961) for alternator_latte_hot_partition.latte_hot_partition: write timeout due to uncertainty. Replica errors: )
...number of dropped error messages per sampling period: 61
  85.001      3518         0      3518           0.398     6.484    16.777    78.971   107.807   186.384   313.786   441.450
2026-05-29 14:08:33.130: [ERROR][Attempt 0/10][Retry in 138 ms] SdkError: Internal server error: exceptions::mutation_write_timeout_exception (Failed to accept proposal(e07d0cda-5b67-11f1-81ac-d4b6edde9e9e) for alternator_latte_hot_partition.latte_hot_partition: write timeout due to uncertainty. Replica errors: )
2026-05-29 14:08:33.156: [ERROR][Attempt 0/10][Retry in 73 ms] SdkError: Internal server error: exceptions::mutation_write_timeout_exception (Failed to accept proposal(e080f9c6-5b67-11f1-f7d8-b1fd6bb1f94c) for alternator_latte_hot_partition.latte_hot_partition: write timeout due to uncertainty. Replica errors: )
2026-05-29 14:08:32.489: [ERROR][Attempt 0/10][Retry in 53 ms] SdkError: Internal server error: exceptions::mutation_write_timeout_exception (Failed to accept proposal(e01b6124-5b67-11f1-0ebf-8105ae785c56) for alternator_latte_hot_partition.latte_hot_partition: write timeout due to uncertainty. Replica errors: )
2026-05-29 14:08:32.841: [ERROR][Attempt 1/10][Retry in 215 ms] SdkError: Internal server error: exceptions::mutation_write_timeout_exception (Failed to accept proposal(e05112ec-5b67-11f1-538a-e48da2d4259e) for alternator_latte_hot_partition.latte_hot_partition: write timeout due to uncertainty. Replica errors: )
2026-05-29 14:08:32.923: [ERROR][Attempt 0/10][Retry in 146 ms] SdkError: Internal server error: exceptions::mutation_write_timeout_exception (Failed to accept proposal(e05d8b4e-5b67-11f1-e51f-e7db1eca7bb7) for alternator_latte_hot_partition.latte_hot_partition: write timeout due to uncertainty. Replica errors: )
...number of dropped error messages per sampling period: 80
  86.001      3497         0      3496           0.419     8.040    25.494    88.015   124.453   206.701   337.904   425.198
2026-05-29 14:08:33.568: [ERROR][Attempt 0/10][Retry in 81 ms] SdkError: Internal server error: exceptions::mutation_write_timeout_exception (Failed to accept proposal(e0c05404-5b67-11f1-cd7f-85d96eb0b151) for alternator_latte_hot_partition.latte_hot_partition: write timeout due to uncertainty. Replica errors: )
2026-05-29 14:08:33.612: [ERROR][Attempt 0/10][Retry in 100 ms] SdkError: Internal server error: exceptions::mutation_write_timeout_exception (Failed to accept proposal(e0c6afde-5b67-11f1-bab0-2573d20c1a4d) for alternator_latte_hot_partition.latte_hot_partition: write timeout due to uncertainty. Replica errors: )
2026-05-29 14:08:34.054: [ERROR][Attempt 0/10][Retry in 85 ms] SdkError: Internal server error: exceptions::mutation_write_timeout_exception (Failed to accept proposal(e10a47bc-5b67-11f1-e1db-8ac097d22aaa) for alternator_latte_hot_partition.latte_hot_partition: write timeout due to uncertainty. Replica errors: )
2026-05-29 14:08:33.762: [ERROR][Attempt 0/10][Retry in 138 ms] SdkError: Internal server error: exceptions::mutation_write_timeout_exception (Failed to accept proposal(e0dd7372-5b67-11f1-e86b-305589caf7d0) for alternator_latte_hot_partition.latte_hot_partition: write timeout due to uncertainty. Replica errors: )
2026-05-29 14:08:33.603: [ERROR][Attempt 1/10][Retry in 183 ms] SdkError: Internal server error: exceptions::mutation_write_timeout_exception (Failed to accept proposal(e0c59a72-5b67-11f1-54af-604fd6b43d2d) for alternator_latte_hot_partition.latte_hot_partition: write timeout due to uncertainty. Replica errors: )
...number of dropped error messages per sampling period: 53
  87.001      3508         0      3508           0.504     6.181    11.117    65.405    99.877   198.705   314.049   630.194
2026-05-29 14:08:34.566: [ERROR][Attempt 0/10][Retry in 119 ms] SdkError: Internal server error: exceptions::mutation_write_timeout_exception (Failed to accept proposal(e1586726-5b67-11f1-450a-92476c2a0a47) for alternator_latte_hot_partition.latte_hot_partition: write timeout due to uncertainty. Replica errors: )
2026-05-29 14:08:34.816: [ERROR][Attempt 0/10][Retry in 102 ms] SdkError: Internal server error: exceptions::mutation_write_timeout_exception (Failed to accept proposal(e17ed7a8-5b67-11f1-fbb7-5b976312a2df) for alternator_latte_hot_partition.latte_hot_partition: write timeout due to uncertainty. Replica errors: )
2026-05-29 14:08:34.729: [ERROR][Attempt 0/10][Retry in 92 ms] SdkError: Internal server error: exceptions::mutation_write_timeout_exception (Failed to accept proposal(e171399a-5b67-11f1-5d82-222781fee5a4) for alternator_latte_hot_partition.latte_hot_partition: write timeout due to uncertainty. Replica errors: )
2026-05-29 14:08:34.709: [ERROR][Attempt 0/10][Retry in 135 ms] SdkError: Internal server error: exceptions::mutation_write_timeout_exception (Failed to accept proposal(e16e1e4a-5b67-11f1-0eb2-540a18da0ce7) for alternator_latte_hot_partition.latte_hot_partition: write timeout due to uncertainty. Replica errors: )
2026-05-29 14:08:34.528: [ERROR][Attempt 0/10][Retry in 89 ms] SdkError: Internal server error: exceptions::mutation_write_timeout_exception (Failed to accept proposal(e15288a6-5b67-11f1-7b77-f10d23716b8c) for alternator_latte_hot_partition.latte_hot_partition: write timeout due to uncertainty. Replica errors: )
...number of dropped error messages per sampling period: 55
  88.001      3478         0      3478           0.464     6.214    11.370    67.568   100.663   171.966   403.702   574.095
2026-05-29 14:08:35.929: [ERROR][Attempt 0/10][Retry in 122 ms] SdkError: Internal server error: exceptions::mutation_write_timeout_exception (Failed to accept proposal(e2282a06-5b67-11f1-2c92-0c7f83c8b9ab) for alternator_latte_hot_partition.latte_hot_partition: write timeout due to uncertainty. Replica errors: )
2026-05-29 14:08:35.761: [ERROR][Attempt 0/10][Retry in 89 ms] SdkError: Internal server error: exceptions::mutation_write_timeout_exception (Failed to accept proposal(e20ec2a0-5b67-11f1-54d3-106e638265f9) for alternator_latte_hot_partition.latte_hot_partition: write timeout due to uncertainty. Replica errors: )
2026-05-29 14:08:36.192: [ERROR][Attempt 0/10][Retry in 102 ms] SdkError: Internal server error: exceptions::mutation_write_timeout_exception (Failed to accept proposal(e24fa6bc-5b67-11f1-dbc3-764a54bdf346) for alternator_latte_hot_partition.latte_hot_partition: write timeout due to uncertainty. Replica errors: )
2026-05-29 14:08:35.397: [ERROR][Attempt 0/10][Retry in 72 ms] SdkError: Internal server error: exceptions::mutation_write_timeout_exception (Failed to accept proposal(e1d72cdc-5b67-11f1-2f39-a12c9f01c711) for alternator_latte_hot_partition.latte_hot_partition: write timeout due to uncertainty. Replica errors: )
2026-05-29 14:08:35.678: [ERROR][Attempt 0/10][Retry in 95 ms] SdkError: Internal server error: exceptions::mutation_write_timeout_exception (Failed to accept proposal(e201a1f6-5b67-11f1-86c0-d9b92e6fc637) for alternator_latte_hot_partition.latte_hot_partition: write timeout due to uncertainty. Replica errors: )
...number of dropped error messages per sampling period: 70
  89.001      3514         0      3514           0.492     7.696    23.527    88.474   130.744   220.856   337.117   434.897
2026-05-29 14:08:37.264: [ERROR][Attempt 0/10][Retry in 119 ms] SdkError: Internal server error: exceptions::mutation_write_timeout_exception (Failed to accept proposal(e2f42a5c-5b67-11f1-186a-b176a16a22ed) for alternator_latte_hot_partition.latte_hot_partition: write timeout due to uncertainty. Replica errors: )
2026-05-29 14:08:37.355: [ERROR][Attempt 0/10][Retry in 91 ms] SdkError: Internal server error: exceptions::mutation_write_timeout_exception (Failed to accept proposal(e3022300-5b67-11f1-ff29-b0a821fb8651) for alternator_latte_hot_partition.latte_hot_partition: write timeout due to uncertainty. Replica errors: )
2026-05-29 14:08:37.282: [ERROR][Attempt 0/10][Retry in 145 ms] SdkError: Internal server error: exceptions::mutation_write_timeout_exception (Failed to accept proposal(e2f65afc-5b67-11f1-bd36-12d53ce404f4) for alternator_latte_hot_partition.latte_hot_partition: write timeout due to uncertainty. Replica errors: )
2026-05-29 14:08:36.915: [ERROR][Attempt 0/10][Retry in 60 ms] SdkError: Internal server error: exceptions::mutation_write_timeout_exception (Failed to accept proposal(e2bee8e2-5b67-11f1-f503-b33683085487) for alternator_latte_hot_partition.latte_hot_partition: write timeout due to uncertainty. Replica errors: )
2026-05-29 14:08:36.919: [ERROR][Attempt 0/10][Retry in 107 ms] SdkError: Internal server error: exceptions::mutation_write_timeout_exception (Failed to accept proposal(e2bf4b5c-5b67-11f1-dd9e-50b0b588fe0a) for alternator_latte_hot_partition.latte_hot_partition: write timeout due to uncertainty. Replica errors: )
...number of dropped error messages per sampling period: 64
  90.001      3480         0      3480           0.495     5.894    10.453    60.129    94.306   170.131   299.368   471.859
2026-05-29 14:08:37.451: [ERROR][Attempt 0/10][Retry in 50 ms] SdkError: Internal server error: exceptions::mutation_write_timeout_exception (Failed to accept proposal(e310ae5c-5b67-11f1-b713-023271ee58f3) for alternator_latte_hot_partition.latte_hot_partition: write timeout due to uncertainty. Replica errors: )
2026-05-29 14:08:37.645: [ERROR][Attempt 0/10][Retry in 123 ms] SdkError: Internal server error: exceptions::mutation_write_timeout_exception (Failed to accept proposal(e32e354e-5b67-11f1-8bbe-5bd629441c65) for alternator_latte_hot_partition.latte_hot_partition: write timeout due to uncertainty. Replica errors: )
2026-05-29 14:08:37.522: [ERROR][Attempt 0/10][Retry in 117 ms] SdkError: Internal server error: exceptions::mutation_write_timeout_exception (Failed to accept proposal(e31b52c6-5b67-11f1-8dcd-a356c1dbee62) for alternator_latte_hot_partition.latte_hot_partition: write timeout due to uncertainty. Replica errors: )
2026-05-29 14:08:37.553: [ERROR][Attempt 0/10][Retry in 125 ms] SdkError: Internal server error: exceptions::mutation_write_timeout_exception (Failed to accept proposal(e3205262-5b67-11f1-d74f-7bad8b9d6c6f) for alternator_latte_hot_partition.latte_hot_partition: write timeout due to uncertainty. Replica errors: )
2026-05-29 14:08:37.995: [ERROR][Attempt 0/10][Retry in 87 ms] SdkError: Internal server error: exceptions::mutation_write_timeout_exception (Failed to accept proposal(e363e25c-5b67-11f1-8b63-b878c71ee276) for alternator_latte_hot_partition.latte_hot_partition: write timeout due to uncertainty. Replica errors: )
...number of dropped error messages per sampling period: 80
  91.001      3427         0      3427           0.499     8.782    39.191    97.583   132.973   204.472   349.438   402.129
2026-05-29 14:08:38.505: [ERROR][Attempt 0/10][Retry in 86 ms] SdkError: Internal server error: exceptions::mutation_write_timeout_exception (Failed to accept proposal(e3b14222-5b67-11f1-c0b7-94e047a4d3b3) for alternator_latte_hot_partition.latte_hot_partition: write timeout due to uncertainty. Replica errors: )
2026-05-29 14:08:38.881: [ERROR][Attempt 0/10][Retry in 119 ms] SdkError: Internal server error: exceptions::mutation_write_timeout_exception (Failed to accept proposal(e3eb0994-5b67-11f1-822f-31b7297eaf47) for alternator_latte_hot_partition.latte_hot_partition: write timeout due to uncertainty. Replica errors: )
2026-05-29 14:08:38.643: [ERROR][Attempt 0/10][Retry in 92 ms] SdkError: Internal server error: exceptions::mutation_write_timeout_exception (Failed to accept proposal(e3c64ee2-5b67-11f1-83d9-dd9153808ed3) for alternator_latte_hot_partition.latte_hot_partition: write timeout due to uncertainty. Replica errors: )
2026-05-29 14:08:38.511: [ERROR][Attempt 0/10][Retry in 140 ms] SdkError: Internal server error: exceptions::mutation_write_timeout_exception (Failed to accept proposal(e3b2686e-5b67-11f1-8022-277065685932) for alternator_latte_hot_partition.latte_hot_partition: write timeout due to uncertainty. Replica errors: )
2026-05-29 14:08:38.903: [ERROR][Attempt 0/10][Retry in 86 ms] SdkError: Internal server error: exceptions::mutation_write_timeout_exception (Failed to accept proposal(e3ee502c-5b67-11f1-8661-7b2c80c1dccc) for alternator_latte_hot_partition.latte_hot_partition: write timeout due to uncertainty. Replica errors: )
...number of dropped error messages per sampling period: 69
  92.001      3621         0      3620           0.477     7.733    39.420   100.139   138.019   242.614   410.518   490.209
2026-05-29 14:08:40.202: [ERROR][Attempt 0/10][Retry in 116 ms] SdkError: Internal server error: exceptions::mutation_write_timeout_exception (Failed to accept proposal(e4b3ae4e-5b67-11f1-64c0-9e076e88050b) for alternator_latte_hot_partition.latte_hot_partition: write timeout due to uncertainty. Replica errors: )
2026-05-29 14:08:39.717: [ERROR][Attempt 0/10][Retry in 132 ms] SdkError: Internal server error: exceptions::mutation_write_timeout_exception (Failed to accept proposal(e46a2f1c-5b67-11f1-645f-0609ea110e95) for alternator_latte_hot_partition.latte_hot_partition: write timeout due to uncertainty. Replica errors: )
2026-05-29 14:08:40.182: [ERROR][Attempt 0/10][Retry in 131 ms] SdkError: Internal server error: exceptions::mutation_write_timeout_exception (Failed to accept proposal(e4b1383a-5b67-11f1-c9ba-73b2d510f4ff) for alternator_latte_hot_partition.latte_hot_partition: write timeout due to uncertainty. Replica errors: )
2026-05-29 14:08:39.843: [ERROR][Attempt 0/10][Retry in 69 ms] SdkError: Internal server error: exceptions::mutation_write_timeout_exception (Failed to accept proposal(e47db8b6-5b67-11f1-bedb-e166ab27016c) for alternator_latte_hot_partition.latte_hot_partition: write timeout due to uncertainty. Replica errors: )
2026-05-29 14:08:39.769: [ERROR][Attempt 0/10][Retry in 146 ms] SdkError: Internal server error: exceptions::mutation_write_timeout_exception (Failed to accept proposal(e47252d2-5b67-11f1-e847-40aa115b6d5d) for alternator_latte_hot_partition.latte_hot_partition: write timeout due to uncertainty. Replica errors: )
...number of dropped error messages per sampling period: 62
  93.001      3431         0      3431           0.438     5.992    10.420    49.414    88.015   155.058   250.216   325.059
2026-05-29 14:08:40.968: [ERROR][Attempt 0/10][Retry in 143 ms] SdkError: Internal server error: exceptions::mutation_write_timeout_exception (Failed to accept proposal(e529054a-5b67-11f1-3064-f5d2dab5b522) for alternator_latte_hot_partition.latte_hot_partition: write timeout due to uncertainty. Replica errors: )
2026-05-29 14:08:40.549: [ERROR][Attempt 0/10][Retry in 117 ms] SdkError: Internal server error: exceptions::mutation_write_timeout_exception (Failed to accept proposal(e4e8bfda-5b67-11f1-c41c-fbd6e7d7e404) for alternator_latte_hot_partition.latte_hot_partition: write timeout due to uncertainty. Replica errors: )
2026-05-29 14:08:40.484: [ERROR][Attempt 0/10][Retry in 114 ms] SdkError: Internal server error: exceptions::mutation_write_timeout_exception (Failed to accept proposal(e4df5eae-5b67-11f1-ad4e-866400152b1b) for alternator_latte_hot_partition.latte_hot_partition: write timeout due to uncertainty. Replica errors: )
2026-05-29 14:08:40.981: [ERROR][Attempt 0/10][Retry in 50 ms] SdkError: Internal server error: exceptions::mutation_write_timeout_exception (Failed to accept proposal(e52b4cec-5b67-11f1-b365-d4bc0ca8aef2) for alternator_latte_hot_partition.latte_hot_partition: write timeout due to uncertainty. Replica errors: )
2026-05-29 14:08:40.643: [ERROR][Attempt 0/10][Retry in 63 ms] SdkError: Internal server error: exceptions::mutation_write_timeout_exception (Failed to accept proposal(e4f7241c-5b67-11f1-32c2-e416d3bb4130) for alternator_latte_hot_partition.latte_hot_partition: write timeout due to uncertainty. Replica errors: )
...number of dropped error messages per sampling period: 74
  94.001      3531         0      3532           0.471    11.641    48.726   102.892   151.781   241.828   395.313   581.960
2026-05-29 14:08:42.047: [ERROR][Attempt 0/10][Retry in 123 ms] SdkError: Internal server error: exceptions::mutation_write_timeout_exception (Failed to accept proposal(e5cdeab0-5b67-11f1-1678-42b259c09bb6) for alternator_latte_hot_partition.latte_hot_partition: write timeout due to uncertainty. Replica errors: )
2026-05-29 14:08:41.990: [ERROR][Attempt 0/10][Retry in 146 ms] SdkError: Internal server error: exceptions::mutation_write_timeout_exception (Failed to accept proposal(e5c556c0-5b67-11f1-d579-3a2b29b6deea) for alternator_latte_hot_partition.latte_hot_partition: write timeout due to uncertainty. Replica errors: )
2026-05-29 14:08:41.511: [ERROR][Attempt 0/10][Retry in 120 ms] SdkError: Internal server error: exceptions::mutation_write_timeout_exception (Failed to accept proposal(e57c4962-5b67-11f1-c57e-67f81e7b1632) for alternator_latte_hot_partition.latte_hot_partition: write timeout due to uncertainty. Replica errors: )
2026-05-29 14:08:42.251: [ERROR][Attempt 0/10][Retry in 144 ms] SdkError: Internal server error: exceptions::mutation_write_timeout_exception (Failed to accept proposal(e5ed0e72-5b67-11f1-2f27-7e46aa696a54) for alternator_latte_hot_partition.latte_hot_partition: write timeout due to uncertainty. Replica errors: )
2026-05-29 14:08:41.392: [ERROR][Attempt 0/10][Retry in 114 ms] SdkError: Internal server error: exceptions::mutation_write_timeout_exception (Failed to accept proposal(e569d00c-5b67-11f1-0a7f-15aa38301514) for alternator_latte_hot_partition.latte_hot_partition: write timeout due to uncertainty. Replica errors: )
...number of dropped error messages per sampling period: 56
  95.001      3531         0      3530           0.413     5.452     8.643    52.691    89.326   151.519   283.902   469.500
2026-05-29 14:08:42.803: [ERROR][Attempt 0/10][Retry in 146 ms] SdkError: Internal server error: exceptions::mutation_write_timeout_exception (Failed to accept proposal(e64130ba-5b67-11f1-86be-2b6074882127) for alternator_latte_hot_partition.latte_hot_partition: write timeout due to uncertainty. Replica errors: )
2026-05-29 14:08:42.577: [ERROR][Attempt 0/10][Retry in 119 ms] SdkError: Internal server error: exceptions::mutation_write_timeout_exception (Failed to accept proposal(e61eb936-5b67-11f1-964e-b112f548e2fc) for alternator_latte_hot_partition.latte_hot_partition: write timeout due to uncertainty. Replica errors: )
2026-05-29 14:08:43.181: [ERROR][Attempt 0/10][Retry in 94 ms] SdkError: Internal server error: exceptions::mutation_write_timeout_exception (Failed to accept proposal(e67a322a-5b67-11f1-6986-21ce9e02fafb) for alternator_latte_hot_partition.latte_hot_partition: write timeout due to uncertainty. Replica errors: )
2026-05-29 14:08:42.722: [ERROR][Attempt 0/10][Retry in 56 ms] SdkError: Internal server error: exceptions::mutation_write_timeout_exception (Failed to accept proposal(e63500d8-5b67-11f1-e401-3463d6ed6fbe) for alternator_latte_hot_partition.latte_hot_partition: write timeout due to uncertainty. Replica errors: )
2026-05-29 14:08:42.776: [ERROR][Attempt 0/10][Retry in 108 ms] SdkError: Internal server error: exceptions::mutation_write_timeout_exception (Failed to accept proposal(e63d38d4-5b67-11f1-6033-0893a033829f) for alternator_latte_hot_partition.latte_hot_partition: write timeout due to uncertainty. Replica errors: )
...number of dropped error messages per sampling period: 72
  96.001      3399         0      3400           0.504     9.241    34.898    86.376   119.603   206.307   298.320   381.420
2026-05-29 14:08:44.274: [ERROR][Attempt 0/10][Retry in 53 ms] SdkError: Internal server error: exceptions::mutation_write_timeout_exception (Failed to accept proposal(e721ba22-5b67-11f1-165b-39037ee9057b) for alternator_latte_hot_partition.latte_hot_partition: write timeout due to uncertainty. Replica errors: )
2026-05-29 14:08:44.167: [ERROR][Attempt 0/10][Retry in 92 ms] SdkError: Internal server error: exceptions::mutation_write_timeout_exception (Failed to accept proposal(e711abd2-5b67-11f1-ee78-432c8ceb6b5e) for alternator_latte_hot_partition.latte_hot_partition: write timeout due to uncertainty. Replica errors: )
2026-05-29 14:08:44.034: [ERROR][Attempt 0/10][Retry in 122 ms] SdkError: Internal server error: exceptions::mutation_write_timeout_exception (Failed to accept proposal(e6fc85b8-5b67-11f1-e035-3317f8c458f8) for alternator_latte_hot_partition.latte_hot_partition: write timeout due to uncertainty. Replica errors: )
2026-05-29 14:08:43.970: [ERROR][Attempt 0/10][Retry in 100 ms] SdkError: Internal server error: exceptions::mutation_write_timeout_exception (Failed to accept proposal(e6f3114a-5b67-11f1-a8bc-9a655aec0a71) for alternator_latte_hot_partition.latte_hot_partition: write timeout due to uncertainty. Replica errors: )
2026-05-29 14:08:43.544: [ERROR][Attempt 0/10][Retry in 56 ms] SdkError: Internal server error: exceptions::mutation_write_timeout_exception (Failed to accept proposal(e6b25a9c-5b67-11f1-5d26-38bdb0d96a9f) for alternator_latte_hot_partition.latte_hot_partition: write timeout due to uncertainty. Replica errors: )
...number of dropped error messages per sampling period: 56
  97.001      3608         0      3607           0.443     8.634    41.714    94.831   131.400   254.935   452.198   588.251
2026-05-29 14:08:44.992: [ERROR][Attempt 0/10][Retry in 134 ms] SdkError: Internal server error: exceptions::mutation_write_timeout_exception (Failed to accept proposal(e78f35ca-5b67-11f1-b3a3-738044e8e10a) for alternator_latte_hot_partition.latte_hot_partition: write timeout due to uncertainty. Replica errors: )
2026-05-29 14:08:45.142: [ERROR][Attempt 0/10][Retry in 71 ms] SdkError: Internal server error: exceptions::mutation_write_timeout_exception (Failed to accept proposal(e7a54b30-5b67-11f1-0f67-411f82459ef2) for alternator_latte_hot_partition.latte_hot_partition: write timeout due to uncertainty. Replica errors: )
2026-05-29 14:08:44.741: [ERROR][Attempt 0/10][Retry in 58 ms] SdkError: Internal server error: exceptions::mutation_write_timeout_exception (Failed to accept proposal(e7690580-5b67-11f1-0a7f-3938dae9e858) for alternator_latte_hot_partition.latte_hot_partition: write timeout due to uncertainty. Replica errors: )
2026-05-29 14:08:44.925: [ERROR][Attempt 0/10][Retry in 140 ms] SdkError: Internal server error: exceptions::mutation_write_timeout_exception (Failed to accept proposal(e7856ec8-5b67-11f1-6719-a2550c3a3bd1) for alternator_latte_hot_partition.latte_hot_partition: write timeout due to uncertainty. Replica errors: )
2026-05-29 14:08:44.830: [ERROR][Attempt 0/10][Retry in 131 ms] SdkError: Internal server error: exceptions::mutation_write_timeout_exception (Failed to accept proposal(e776a870-5b67-11f1-acdd-f6773fc9ebf7) for alternator_latte_hot_partition.latte_hot_partition: write timeout due to uncertainty. Replica errors: )
...number of dropped error messages per sampling period: 57
  98.001      3464         0      3464           0.477     5.706     9.355    38.961    81.002   152.437   274.465   373.031
2026-05-29 14:08:46.017: [ERROR][Attempt 0/10][Retry in 104 ms] SdkError: Internal server error: exceptions::mutation_write_timeout_exception (Failed to accept proposal(e82be1b8-5b67-11f1-9a3b-a9d7fcdf1d22) for alternator_latte_hot_partition.latte_hot_partition: write timeout due to uncertainty. Replica errors: )
2026-05-29 14:08:45.722: [ERROR][Attempt 0/10][Retry in 72 ms] SdkError: Internal server error: exceptions::mutation_write_timeout_exception (Failed to accept proposal(e7febc10-5b67-11f1-a57a-bcf26b8a31c3) for alternator_latte_hot_partition.latte_hot_partition: write timeout due to uncertainty. Replica errors: )
2026-05-29 14:08:45.822: [ERROR][Attempt 0/10][Retry in 147 ms] SdkError: Internal server error: exceptions::mutation_write_timeout_exception (Failed to accept proposal(e80d8ad8-5b67-11f1-fd72-4b9ebaac2039) for alternator_latte_hot_partition.latte_hot_partition: write timeout due to uncertainty. Replica errors: )
2026-05-29 14:08:46.164: [ERROR][Attempt 0/10][Retry in 60 ms] SdkError: Internal server error: exceptions::mutation_write_timeout_exception (Failed to accept proposal(e841dc02-5b67-11f1-f0e0-ee6600312c65) for alternator_latte_hot_partition.latte_hot_partition: write timeout due to uncertainty. Replica errors: )
2026-05-29 14:08:46.269: [ERROR][Attempt 0/10][Retry in 85 ms] SdkError: Internal server error: exceptions::mutation_write_timeout_exception (Failed to accept proposal(e8522300-5b67-11f1-fdb3-ef3b605afd1c) for alternator_latte_hot_partition.latte_hot_partition: write timeout due to uncertainty. Replica errors: )
...number of dropped error messages per sampling period: 59
  99.001      3445         0      3445           0.481    10.592    42.336    96.403   136.839   261.489   398.459   547.357
2026-05-29 14:08:46.887: [ERROR][Attempt 0/10][Retry in 62 ms] SdkError: Internal server error: exceptions::mutation_write_timeout_exception (Failed to accept proposal(e8b07194-5b67-11f1-34ec-fbc31244728a) for alternator_latte_hot_partition.latte_hot_partition: write timeout due to uncertainty. Replica errors: )
2026-05-29 14:08:46.778: [ERROR][Attempt 0/10][Retry in 119 ms] SdkError: Internal server error: exceptions::mutation_write_timeout_exception (Failed to accept proposal(e8a0260e-5b67-11f1-4fb6-c5eb09534533) for alternator_latte_hot_partition.latte_hot_partition: write timeout due to uncertainty. Replica errors: )
2026-05-29 14:08:46.544: [ERROR][Attempt 0/10][Retry in 87 ms] SdkError: Internal server error: exceptions::mutation_write_timeout_exception (Failed to accept proposal(e87b62d8-5b67-11f1-af82-8b62a0e40e8f) for alternator_latte_hot_partition.latte_hot_partition: write timeout due to uncertainty. Replica errors: )
2026-05-29 14:08:46.574: [ERROR][Attempt 0/10][Retry in 56 ms] SdkError: Internal server error: exceptions::mutation_write_timeout_exception (Failed to accept proposal(e8801daa-5b67-11f1-21d9-a4a2877321e5) for alternator_latte_hot_partition.latte_hot_partition: write timeout due to uncertainty. Replica errors: )
2026-05-29 14:08:46.685: [ERROR][Attempt 1/10][Retry in 182 ms] SdkError: Internal server error: exceptions::mutation_write_timeout_exception (Failed to accept proposal(e8917ca8-5b67-11f1-ca6c-c8d23e9e232a) for alternator_latte_hot_partition.latte_hot_partition: write timeout due to uncertainty. Replica errors: )
...number of dropped error messages per sampling period: 68
 100.001      3584         0      3584           0.420     6.353    17.203    73.269   113.967   219.152   408.682   519.307
2026-05-29 14:08:47.988: [ERROR][Attempt 0/10][Retry in 55 ms] SdkError: Internal server error: exceptions::mutation_write_timeout_exception (Failed to accept proposal(e9587024-5b67-11f1-1909-2da8f5a85e90) for alternator_latte_hot_partition.latte_hot_partition: write timeout due to uncertainty. Replica errors: )
2026-05-29 14:08:47.521: [ERROR][Attempt 0/10][Retry in 76 ms] SdkError: Internal server error: exceptions::mutation_write_timeout_exception (Failed to accept proposal(e9114e06-5b67-11f1-2dac-8028758d62b4) for alternator_latte_hot_partition.latte_hot_partition: write timeout due to uncertainty. Replica errors: )
2026-05-29 14:08:47.709: [ERROR][Attempt 0/10][Retry in 71 ms] SdkError: Internal server error: exceptions::mutation_write_timeout_exception (Failed to accept proposal(e92e09f6-5b67-11f1-10dd-bb3b25bc0adb) for alternator_latte_hot_partition.latte_hot_partition: write timeout due to uncertainty. Replica errors: )
2026-05-29 14:08:47.868: [ERROR][Attempt 0/10][Retry in 101 ms] SdkError: Internal server error: exceptions::mutation_write_timeout_exception (Failed to accept proposal(e9457370-5b67-11f1-2680-877a8cac60d7) for alternator_latte_hot_partition.latte_hot_partition: write timeout due to uncertainty. Replica errors: )
2026-05-29 14:08:47.371: [ERROR][Attempt 0/10][Retry in 97 ms] SdkError: Internal server error: exceptions::mutation_write_timeout_exception (Failed to accept proposal(e8fa6a74-5b67-11f1-d0d9-08a443701faf) for alternator_latte_hot_partition.latte_hot_partition: write timeout due to uncertainty. Replica errors: )
...number of dropped error messages per sampling period: 68
 101.001      3453         0      3453           0.443     6.418    13.836    64.651   106.627   184.156   299.368   536.084
2026-05-29 14:08:48.442: [ERROR][Attempt 0/10][Retry in 124 ms] SdkError: Internal server error: exceptions::mutation_write_timeout_exception (Failed to accept proposal(e99d967c-5b67-11f1-192d-00b3c0264641) for alternator_latte_hot_partition.latte_hot_partition: write timeout due to uncertainty. Replica errors: )
2026-05-29 14:08:48.719: [ERROR][Attempt 0/10][Retry in 90 ms] SdkError: Internal server error: exceptions::mutation_write_timeout_exception (Failed to accept proposal(e9c8400c-5b67-11f1-2ab5-7dea8a550030) for alternator_latte_hot_partition.latte_hot_partition: write timeout due to uncertainty. Replica errors: )
2026-05-29 14:08:48.618: [ERROR][Attempt 0/10][Retry in 76 ms] SdkError: Internal server error: exceptions::mutation_write_timeout_exception (Failed to accept proposal(e9b872a8-5b67-11f1-d5b8-4098fc1bed51) for alternator_latte_hot_partition.latte_hot_partition: write timeout due to uncertainty. Replica errors: )
2026-05-29 14:08:48.688: [ERROR][Attempt 0/10][Retry in 114 ms] SdkError: Internal server error: exceptions::mutation_write_timeout_exception (Failed to accept proposal(e9c35b28-5b67-11f1-c789-a49717f05b71) for alternator_latte_hot_partition.latte_hot_partition: write timeout due to uncertainty. Replica errors: )
2026-05-29 14:08:49.058: [ERROR][Attempt 0/10][Retry in 148 ms] SdkError: Internal server error: exceptions::mutation_write_timeout_exception (Failed to accept proposal(e9fbd4a8-5b67-11f1-cb29-59f7e261ac28) for alternator_latte_hot_partition.latte_hot_partition: write timeout due to uncertainty. Replica errors: )
...number of dropped error messages per sampling period: 69
 102.001      3543         0      3543           0.482     7.815    23.183    81.330   120.783   243.663   435.683   665.846
2026-05-29 14:08:49.556: [ERROR][Attempt 0/10][Retry in 56 ms] SdkError: Internal server error: exceptions::mutation_write_timeout_exception (Failed to accept proposal(ea47f5fe-5b67-11f1-475c-71a0d64d99a6) for alternator_latte_hot_partition.latte_hot_partition: write timeout due to uncertainty. Replica errors: )
2026-05-29 14:08:49.653: [ERROR][Attempt 0/10][Retry in 74 ms] SdkError: Internal server error: exceptions::mutation_write_timeout_exception (Failed to accept proposal(ea56a9b4-5b67-11f1-1a34-9f7b1a4b85e6) for alternator_latte_hot_partition.latte_hot_partition: write timeout due to uncertainty. Replica errors: )
2026-05-29 14:08:49.481: [ERROR][Attempt 0/10][Retry in 116 ms] SdkError: Internal server error: exceptions::mutation_write_timeout_exception (Failed to accept proposal(ea3c4268-5b67-11f1-0309-a7e00773fe72) for alternator_latte_hot_partition.latte_hot_partition: write timeout due to uncertainty. Replica errors: )
2026-05-29 14:08:50.115: [ERROR][Attempt 0/10][Retry in 99 ms] SdkError: Internal server error: exceptions::mutation_write_timeout_exception (Failed to accept proposal(ea9ce92e-5b67-11f1-3421-62468eb2f2a4) for alternator_latte_hot_partition.latte_hot_partition: write timeout due to uncertainty. Replica errors: )
2026-05-29 14:08:49.947: [ERROR][Attempt 0/10][Retry in 98 ms] SdkError: Internal server error: exceptions::mutation_write_timeout_exception (Failed to accept proposal(ea837d04-5b67-11f1-38b9-6d8c12e5ba44) for alternator_latte_hot_partition.latte_hot_partition: write timeout due to uncertainty. Replica errors: )
...number of dropped error messages per sampling period: 65
 103.001      3494         0      3495           0.400     5.677     9.740    62.816    94.962   172.229   257.032   385.876
2026-05-29 14:08:50.800: [ERROR][Attempt 0/10][Retry in 124 ms] SdkError: Internal server error: exceptions::mutation_write_timeout_exception (Failed to accept proposal(eb04eb00-5b67-11f1-1f72-f2922f51a80a) for alternator_latte_hot_partition.latte_hot_partition: write timeout due to uncertainty. Replica errors: )
2026-05-29 14:08:51.027: [ERROR][Attempt 0/10][Retry in 102 ms] SdkError: Internal server error: exceptions::mutation_write_timeout_exception (Failed to accept proposal(eb279d26-5b67-11f1-ffc5-4ae4946bdf34) for alternator_latte_hot_partition.latte_hot_partition: write timeout due to uncertainty. Replica errors: )
2026-05-29 14:08:51.012: [ERROR][Attempt 0/10][Retry in 70 ms] SdkError: Internal server error: exceptions::mutation_write_timeout_exception (Failed to accept proposal(eb2624fa-5b67-11f1-906a-8bf95257eac4) for alternator_latte_hot_partition.latte_hot_partition: write timeout due to uncertainty. Replica errors: )
2026-05-29 14:08:51.128: [ERROR][Attempt 0/10][Retry in 69 ms] SdkError: Internal server error: exceptions::mutation_write_timeout_exception (Failed to accept proposal(eb36c314-5b67-11f1-7360-548ab2f66bed) for alternator_latte_hot_partition.latte_hot_partition: write timeout due to uncertainty. Replica errors: )
2026-05-29 14:08:51.064: [ERROR][Attempt 0/10][Retry in 139 ms] SdkError: Internal server error: exceptions::mutation_write_timeout_exception (Failed to accept proposal(eb2d81be-5b67-11f1-20e2-4646d20f5ff4) for alternator_latte_hot_partition.latte_hot_partition: write timeout due to uncertainty. Replica errors: )
...number of dropped error messages per sampling period: 66
 104.001      3460         0      3460           0.554    10.486    38.306    89.784   125.043   226.755   349.700   986.710
2026-05-29 14:08:51.501: [ERROR][Attempt 0/10][Retry in 82 ms] SdkError: Internal server error: exceptions::mutation_write_timeout_exception (Failed to accept proposal(eb70023c-5b67-11f1-0f43-7913f4f2f677) for alternator_latte_hot_partition.latte_hot_partition: write timeout due to uncertainty. Replica errors: )
2026-05-29 14:08:52.255: [ERROR][Attempt 0/10][Retry in 65 ms] SdkError: Internal server error: exceptions::mutation_write_timeout_exception (Failed to accept proposal(ebe3ba92-5b67-11f1-d096-46abcf2dc787) for alternator_latte_hot_partition.latte_hot_partition: write timeout due to uncertainty. Replica errors: )
2026-05-29 14:08:52.278: [ERROR][Attempt 0/10][Retry in 113 ms] SdkError: Internal server error: exceptions::mutation_write_timeout_exception (Failed to accept proposal(ebe6f310-5b67-11f1-d106-d1196c213770) for alternator_latte_hot_partition.latte_hot_partition: write timeout due to uncertainty. Replica errors: )
2026-05-29 14:08:52.022: [ERROR][Attempt 0/10][Retry in 118 ms] SdkError: Internal server error: exceptions::mutation_write_timeout_exception (Failed to accept proposal(ebbf4fa4-5b67-11f1-62d9-6c8fee5275d1) for alternator_latte_hot_partition.latte_hot_partition: write timeout due to uncertainty. Replica errors: )
2026-05-29 14:08:51.637: [ERROR][Attempt 0/10][Retry in 145 ms] SdkError: Internal server error: exceptions::mutation_write_timeout_exception (Failed to accept proposal(eb857de2-5b67-11f1-eb33-570ce865823e) for alternator_latte_hot_partition.latte_hot_partition: write timeout due to uncertainty. Replica errors: )
...number of dropped error messages per sampling period: 60
 105.001      3545         0      3544           0.510     6.746    17.023    78.250   124.387   223.085   356.254   477.102
2026-05-29 14:08:52.561: [ERROR][Attempt 0/10][Retry in 142 ms] SdkError: Internal server error: exceptions::mutation_write_timeout_exception (Failed to accept proposal(ec117da6-5b67-11f1-be3b-6f4e861be2f8) for alternator_latte_hot_partition.latte_hot_partition: write timeout due to uncertainty. Replica errors: )
2026-05-29 14:08:52.497: [ERROR][Attempt 0/10][Retry in 114 ms] SdkError: Internal server error: exceptions::mutation_write_timeout_exception (Failed to accept proposal(ec08904c-5b67-11f1-4a3f-18d3a35fbd83) for alternator_latte_hot_partition.latte_hot_partition: write timeout due to uncertainty. Replica errors: )
2026-05-29 14:08:52.407: [ERROR][Attempt 1/10][Retry in 155 ms] SdkError: Internal server error: exceptions::mutation_write_timeout_exception (Failed to accept proposal(ebfaed34-5b67-11f1-1b00-8f985b9b876f) for alternator_latte_hot_partition.latte_hot_partition: write timeout due to uncertainty. Replica errors: )
2026-05-29 14:08:52.833: [ERROR][Attempt 0/10][Retry in 117 ms] SdkError: Internal server error: exceptions::mutation_write_timeout_exception (Failed to accept proposal(ec3bb544-5b67-11f1-f27f-d7508615c282) for alternator_latte_hot_partition.latte_hot_partition: write timeout due to uncertainty. Replica errors: )
2026-05-29 14:08:52.440: [ERROR][Attempt 0/10][Retry in 58 ms] SdkError: Internal server error: exceptions::mutation_write_timeout_exception (Failed to accept proposal(ebff9ee2-5b67-11f1-9988-bd7c18c8bd55) for alternator_latte_hot_partition.latte_hot_partition: write timeout due to uncertainty. Replica errors: )
...number of dropped error messages per sampling period: 52
 106.001      3488         0      3489           0.471     6.672    13.492    64.586   101.843   186.122   329.515   449.577
2026-05-29 14:08:53.702: [ERROR][Attempt 0/10][Retry in 107 ms] SdkError: Internal server error: exceptions::mutation_write_timeout_exception (Failed to accept proposal(ecbfc384-5b67-11f1-dfb2-791a2d68f0f7) for alternator_latte_hot_partition.latte_hot_partition: write timeout due to uncertainty. Replica errors: )
2026-05-29 14:08:54.168: [ERROR][Attempt 0/10][Retry in 59 ms] SdkError: Internal server error: exceptions::mutation_write_timeout_exception (Failed to accept proposal(ed073250-5b67-11f1-1bae-3a5e490cd79d) for alternator_latte_hot_partition.latte_hot_partition: write timeout due to uncertainty. Replica errors: )
2026-05-29 14:08:53.999: [ERROR][Attempt 0/10][Retry in 60 ms] SdkError: Internal server error: exceptions::mutation_write_timeout_exception (Failed to accept proposal(ecedcd4c-5b67-11f1-b7bf-83ebb9a86008) for alternator_latte_hot_partition.latte_hot_partition: write timeout due to uncertainty. Replica errors: )
2026-05-29 14:08:53.457: [ERROR][Attempt 0/10][Retry in 59 ms] SdkError: Internal server error: exceptions::mutation_write_timeout_exception (Failed to accept proposal(ec9ad114-5b67-11f1-ef9e-76c30bc995f3) for alternator_latte_hot_partition.latte_hot_partition: write timeout due to uncertainty. Replica errors: )
2026-05-29 14:08:54.040: [ERROR][Attempt 0/10][Retry in 71 ms] SdkError: Internal server error: exceptions::mutation_write_timeout_exception (Failed to accept proposal(ecf3eaf6-5b67-11f1-0025-2fd892c03242) for alternator_latte_hot_partition.latte_hot_partition: write timeout due to uncertainty. Replica errors: )
...number of dropped error messages per sampling period: 84
 107.001      3463         0      3464           0.564     9.708    37.257    94.765   142.082   225.575   337.117   503.316
2026-05-29 14:08:54.518: [ERROR][Attempt 0/10][Retry in 110 ms] SdkError: Internal server error: exceptions::mutation_write_timeout_exception (Failed to accept proposal(ed3c8ee6-5b67-11f1-e612-25bb9ba0d57e) for alternator_latte_hot_partition.latte_hot_partition: write timeout due to uncertainty. Replica errors: )
2026-05-29 14:08:55.217: [ERROR][Attempt 0/10][Retry in 127 ms] SdkError: Internal server error: exceptions::mutation_write_timeout_exception (Failed to accept proposal(eda77350-5b67-11f1-1372-f058e2070c07) for alternator_latte_hot_partition.latte_hot_partition: write timeout due to uncertainty. Replica errors: )
2026-05-29 14:08:54.653: [ERROR][Attempt 0/10][Retry in 98 ms] SdkError: Internal server error: exceptions::mutation_write_timeout_exception (Failed to accept proposal(ed518238-5b67-11f1-bb5d-6af92fd8e5e7) for alternator_latte_hot_partition.latte_hot_partition: write timeout due to uncertainty. Replica errors: )
2026-05-29 14:08:54.690: [ERROR][Attempt 0/10][Retry in 105 ms] SdkError: Internal server error: exceptions::mutation_write_timeout_exception (Failed to accept proposal(ed57080c-5b67-11f1-8339-98230c100d3a) for alternator_latte_hot_partition.latte_hot_partition: write timeout due to uncertainty. Replica errors: )
2026-05-29 14:08:55.001: [ERROR][Attempt 0/10][Retry in 140 ms] SdkError: Internal server error: exceptions::mutation_write_timeout_exception (Failed to accept proposal(ed869338-5b67-11f1-7883-9a3b47a307ff) for alternator_latte_hot_partition.latte_hot_partition: write timeout due to uncertainty. Replica errors: )
...number of dropped error messages per sampling period: 74
 108.001      3523         0      3522           0.515     6.988    18.203    77.988   118.489   217.055   407.372   792.199
2026-05-29 14:08:56.174: [ERROR][Attempt 0/10][Retry in 101 ms] SdkError: Internal server error: exceptions::mutation_write_timeout_exception (Failed to accept proposal(ee396bca-5b67-11f1-9a0a-6d5e5381b704) for alternator_latte_hot_partition.latte_hot_partition: write timeout due to uncertainty. Replica errors: )
2026-05-29 14:08:55.745: [ERROR][Attempt 0/10][Retry in 129 ms] SdkError: Internal server error: exceptions::mutation_write_timeout_exception (Failed to accept proposal(edf8211a-5b67-11f1-ee39-a735eff3d52e) for alternator_latte_hot_partition.latte_hot_partition: write timeout due to uncertainty. Replica errors: )
2026-05-29 14:08:55.954: [ERROR][Attempt 0/10][Retry in 54 ms] SdkError: Internal server error: exceptions::mutation_write_timeout_exception (Failed to accept proposal(ee16951e-5b67-11f1-1b69-2a503cbb791e) for alternator_latte_hot_partition.latte_hot_partition: write timeout due to uncertainty. Replica errors: )
2026-05-29 14:08:55.417: [ERROR][Attempt 0/10][Retry in 74 ms] SdkError: Internal server error: exceptions::mutation_write_timeout_exception (Failed to accept proposal(edc5d28c-5b67-11f1-349f-e64e44a30d91) for alternator_latte_hot_partition.latte_hot_partition: write timeout due to uncertainty. Replica errors: )
2026-05-29 14:08:55.841: [ERROR][Attempt 0/10][Retry in 100 ms] SdkError: Internal server error: exceptions::mutation_write_timeout_exception (Failed to accept proposal(ee06d138-5b67-11f1-ec0d-918758546e61) for alternator_latte_hot_partition.latte_hot_partition: write timeout due to uncertainty. Replica errors: )
...number of dropped error messages per sampling period: 80
 109.001      3309         0      3309           0.551    16.908    56.721   113.181   153.485   243.270   355.729   480.248
2026-05-29 14:08:56.627: [ERROR][Attempt 0/10][Retry in 109 ms] SdkError: Internal server error: exceptions::mutation_write_timeout_exception (Failed to accept proposal(ee7de4da-5b67-11f1-7b49-aed6ffc83ad4) for alternator_latte_hot_partition.latte_hot_partition: write timeout due to uncertainty. Replica errors: )
2026-05-29 14:08:56.440: [ERROR][Attempt 0/10][Retry in 97 ms] SdkError: Internal server error: exceptions::mutation_write_timeout_exception (Failed to accept proposal(ee622c18-5b67-11f1-c52b-642580e6b424) for alternator_latte_hot_partition.latte_hot_partition: write timeout due to uncertainty. Replica errors: )
2026-05-29 14:08:56.501: [ERROR][Attempt 0/10][Retry in 76 ms] SdkError: Internal server error: exceptions::mutation_write_timeout_exception (Failed to accept proposal(ee6a81ec-5b67-11f1-4e6e-25adb06309f5) for alternator_latte_hot_partition.latte_hot_partition: write timeout due to uncertainty. Replica errors: )
2026-05-29 14:08:56.508: [ERROR][Attempt 0/10][Retry in 122 ms] SdkError: Internal server error: exceptions::mutation_write_timeout_exception (Failed to accept proposal(ee6bb792-5b67-11f1-d2cf-86e6d9436c68) for alternator_latte_hot_partition.latte_hot_partition: write timeout due to uncertainty. Replica errors: )
2026-05-29 14:08:57.118: [ERROR][Attempt 0/10][Retry in 128 ms] SdkError: Internal server error: exceptions::mutation_write_timeout_exception (Failed to accept proposal(eec99254-5b67-11f1-851e-bb9ea328c3c5) for alternator_latte_hot_partition.latte_hot_partition: write timeout due to uncertainty. Replica errors: )
...number of dropped error messages per sampling period: 78
 110.000      3658         0      3659           0.398    46.301    97.452   156.893   200.671   306.971   537.395   766.509
2026-05-29 14:08:57.467: [ERROR][Attempt 0/10][Retry in 142 ms] SdkError: Internal server error: exceptions::mutation_write_timeout_exception (Failed to accept proposal(eefea818-5b67-11f1-c074-bacf1855734d) for alternator_latte_hot_partition.latte_hot_partition: write timeout due to uncertainty. Replica errors: )
2026-05-29 14:08:58.043: [ERROR][Attempt 0/10][Retry in 102 ms] SdkError: Internal server error: exceptions::mutation_write_timeout_exception (Failed to accept proposal(ef54cacc-5b67-11f1-d619-a4f5ff51c764) for alternator_latte_hot_partition.latte_hot_partition: write timeout due to uncertainty. Replica errors: )
2026-05-29 14:08:57.699: [ERROR][Attempt 0/10][Retry in 77 ms] SdkError: Internal server error: exceptions::mutation_write_timeout_exception (Failed to accept proposal(ef22356c-5b67-11f1-5323-82079d2164d3) for alternator_latte_hot_partition.latte_hot_partition: write timeout due to uncertainty. Replica errors: )
2026-05-29 14:08:57.488: [ERROR][Attempt 0/10][Retry in 115 ms] SdkError: Internal server error: exceptions::mutation_write_timeout_exception (Failed to accept proposal(ef023442-5b67-11f1-3470-7a2cec835aad) for alternator_latte_hot_partition.latte_hot_partition: write timeout due to uncertainty. Replica errors: )
2026-05-29 14:08:57.661: [ERROR][Attempt 0/10][Retry in 138 ms] SdkError: Internal server error: exceptions::mutation_write_timeout_exception (Failed to accept proposal(ef1c5b92-5b67-11f1-ed0b-d3c25e090b3b) for alternator_latte_hot_partition.latte_hot_partition: write timeout due to uncertainty. Replica errors: )
...number of dropped error messages per sampling period: 63
 111.001      3526         0      3525           0.359    10.576    42.631    99.746   147.194   269.222   414.712   495.976
2026-05-29 14:08:58.616: [ERROR][Attempt 0/10][Retry in 123 ms] SdkError: Internal server error: exceptions::mutation_write_timeout_exception (Failed to accept proposal(efae374c-5b67-11f1-14c6-30b296526418) for alternator_latte_hot_partition.latte_hot_partition: write timeout due to uncertainty. Replica errors: )
2026-05-29 14:08:58.908: [ERROR][Attempt 0/10][Retry in 115 ms] SdkError: Internal server error: exceptions::mutation_write_timeout_exception (Failed to accept proposal(efda98aa-5b67-11f1-3372-d2ec94695021) for alternator_latte_hot_partition.latte_hot_partition: write timeout due to uncertainty. Replica errors: )
2026-05-29 14:08:59.024: [ERROR][Attempt 0/10][Retry in 135 ms] SdkError: Internal server error: exceptions::mutation_write_timeout_exception (Failed to accept proposal(efecacc0-5b67-11f1-2c86-08167cdd6937) for alternator_latte_hot_partition.latte_hot_partition: write timeout due to uncertainty. Replica errors: )
2026-05-29 14:08:58.735: [ERROR][Attempt 0/10][Retry in 131 ms] SdkError: Internal server error: exceptions::mutation_write_timeout_exception (Failed to accept proposal(efc0319a-5b67-11f1-b7b2-442bd02fe7c5) for alternator_latte_hot_partition.latte_hot_partition: write timeout due to uncertainty. Replica errors: )
2026-05-29 14:08:58.454: [ERROR][Attempt 0/10][Retry in 74 ms] SdkError: Internal server error: exceptions::mutation_write_timeout_exception (Failed to accept proposal(ef95abc8-5b67-11f1-c4b0-9082b5d99cc8) for alternator_latte_hot_partition.latte_hot_partition: write timeout due to uncertainty. Replica errors: )
...number of dropped error messages per sampling period: 67
 112.001      3534         0      3534           0.441     7.549    24.740    88.408   130.089   227.148   336.855   406.061
2026-05-29 14:09:00.169: [ERROR][Attempt 0/10][Retry in 141 ms] SdkError: Internal server error: exceptions::mutation_write_timeout_exception (Failed to accept proposal(f09b2660-5b67-11f1-327f-e1d3ab2cd25f) for alternator_latte_hot_partition.latte_hot_partition: write timeout due to uncertainty. Replica errors: )
2026-05-29 14:09:00.161: [ERROR][Attempt 0/10][Retry in 110 ms] SdkError: Internal server error: exceptions::mutation_write_timeout_exception (Failed to accept proposal(f099cc52-5b67-11f1-8019-c886ee68170b) for alternator_latte_hot_partition.latte_hot_partition: write timeout due to uncertainty. Replica errors: )
2026-05-29 14:08:59.765: [ERROR][Attempt 0/10][Retry in 140 ms] SdkError: Internal server error: exceptions::mutation_write_timeout_exception (Failed to accept proposal(f05d3a94-5b67-11f1-800d-afd1c98dc440) for alternator_latte_hot_partition.latte_hot_partition: write timeout due to uncertainty. Replica errors: )
2026-05-29 14:09:00.315: [ERROR][Attempt 0/10][Retry in 84 ms] SdkError: Internal server error: exceptions::mutation_write_timeout_exception (Failed to accept proposal(f0b1208c-5b67-11f1-47b5-1146ed9a35a5) for alternator_latte_hot_partition.latte_hot_partition: write timeout due to uncertainty. Replica errors: )
2026-05-29 14:09:00.265: [ERROR][Attempt 0/10][Retry in 145 ms] SdkError: Internal server error: exceptions::mutation_write_timeout_exception (Failed to accept proposal(f0a86cc6-5b67-11f1-6d2b-a12307cf3a8e) for alternator_latte_hot_partition.latte_hot_partition: write timeout due to uncertainty. Replica errors: )
...number of dropped error messages per sampling period: 56
 113.001      3437         0      3437           0.473     6.111    12.239    57.737    97.059   159.646   230.556   341.574
2026-05-29 14:09:01.303: [ERROR][Attempt 0/10][Retry in 136 ms] SdkError: Internal server error: exceptions::mutation_write_timeout_exception (Failed to accept proposal(f147e4f4-5b67-11f1-9106-90fdf8003a2c) for alternator_latte_hot_partition.latte_hot_partition: write timeout due to uncertainty. Replica errors: )
2026-05-29 14:09:00.741: [ERROR][Attempt 0/10][Retry in 127 ms] SdkError: Internal server error: exceptions::mutation_write_timeout_exception (Failed to accept proposal(f0f2942c-5b67-11f1-fdd4-187e4bb0b7c7) for alternator_latte_hot_partition.latte_hot_partition: write timeout due to uncertainty. Replica errors: )
2026-05-29 14:09:00.640: [ERROR][Attempt 0/10][Retry in 99 ms] SdkError: Internal server error: exceptions::mutation_write_timeout_exception (Failed to accept proposal(f0e2d7f8-5b67-11f1-aeca-2cade774f0a8) for alternator_latte_hot_partition.latte_hot_partition: write timeout due to uncertainty. Replica errors: )
2026-05-29 14:09:00.548: [ERROR][Attempt 0/10][Retry in 135 ms] SdkError: Internal server error: exceptions::mutation_write_timeout_exception (Failed to accept proposal(f0d4e9e0-5b67-11f1-07ea-c058dbcc7a8e) for alternator_latte_hot_partition.latte_hot_partition: write timeout due to uncertainty. Replica errors: )
2026-05-29 14:09:01.041: [ERROR][Attempt 0/10][Retry in 73 ms] SdkError: Internal server error: exceptions::mutation_write_timeout_exception (Failed to accept proposal(f12008b2-5b67-11f1-a072-a70cae1730fa) for alternator_latte_hot_partition.latte_hot_partition: write timeout due to uncertainty. Replica errors: )
...number of dropped error messages per sampling period: 81
 114.001      3474         0      3474           0.494     8.946    37.224    96.993   138.150   231.342   392.954   465.830
2026-05-29 14:09:01.789: [ERROR][Attempt 0/10][Retry in 131 ms] SdkError: Internal server error: exceptions::mutation_write_timeout_exception (Failed to accept proposal(f1920020-5b67-11f1-dd07-9513a708e59c) for alternator_latte_hot_partition.latte_hot_partition: write timeout due to uncertainty. Replica errors: )
2026-05-29 14:09:01.764: [ERROR][Attempt 0/10][Retry in 142 ms] SdkError: Internal server error: exceptions::mutation_write_timeout_exception (Failed to accept proposal(f18e770c-5b67-11f1-fc31-3edfca9ca303) for alternator_latte_hot_partition.latte_hot_partition: write timeout due to uncertainty. Replica errors: )
2026-05-29 14:09:01.771: [ERROR][Attempt 0/10][Retry in 78 ms] SdkError: Internal server error: exceptions::mutation_write_timeout_exception (Failed to accept proposal(f18f2b5c-5b67-11f1-ac7a-50e45a42a89f) for alternator_latte_hot_partition.latte_hot_partition: write timeout due to uncertainty. Replica errors: )
2026-05-29 14:09:01.982: [ERROR][Attempt 0/10][Retry in 79 ms] SdkError: Internal server error: exceptions::mutation_write_timeout_exception (Failed to accept proposal(f1afb052-5b67-11f1-6865-d86cba394da3) for alternator_latte_hot_partition.latte_hot_partition: write timeout due to uncertainty. Replica errors: )
2026-05-29 14:09:01.772: [ERROR][Attempt 0/10][Retry in 67 ms] SdkError: Internal server error: exceptions::mutation_write_timeout_exception (Failed to accept proposal(f18f6e96-5b67-11f1-0e52-20942d6690c8) for alternator_latte_hot_partition.latte_hot_partition: write timeout due to uncertainty. Replica errors: )
...number of dropped error messages per sampling period: 63
 115.001      3586         0      3587           0.538     8.921    44.171   115.409   154.141   235.143   465.568   509.346
2026-05-29 14:09:02.734: [ERROR][Attempt 0/10][Retry in 133 ms] SdkError: Internal server error: exceptions::mutation_write_timeout_exception (Failed to accept proposal(f22271fa-5b67-11f1-7d2d-cf6f8a5e4ca5) for alternator_latte_hot_partition.latte_hot_partition: write timeout due to uncertainty. Replica errors: )
2026-05-29 14:09:03.325: [ERROR][Attempt 0/10][Retry in 135 ms] SdkError: Internal server error: exceptions::mutation_write_timeout_exception (Failed to accept proposal(f27c75ba-5b67-11f1-bb30-3d97dc14dd7f) for alternator_latte_hot_partition.latte_hot_partition: write timeout due to uncertainty. Replica errors: )
2026-05-29 14:09:02.786: [ERROR][Attempt 0/10][Retry in 91 ms] SdkError: Internal server error: exceptions::mutation_write_timeout_exception (Failed to accept proposal(f22a7026-5b67-11f1-0f42-b4d862517a09) for alternator_latte_hot_partition.latte_hot_partition: write timeout due to uncertainty. Replica errors: )
2026-05-29 14:09:02.796: [ERROR][Attempt 0/10][Retry in 137 ms] SdkError: Internal server error: exceptions::mutation_write_timeout_exception (Failed to accept proposal(f22be424-5b67-11f1-c5df-1d4b7fcd83cf) for alternator_latte_hot_partition.latte_hot_partition: write timeout due to uncertainty. Replica errors: )
2026-05-29 14:09:03.105: [ERROR][Attempt 0/10][Retry in 122 ms] SdkError: Internal server error: exceptions::mutation_write_timeout_exception (Failed to accept proposal(f25adac2-5b67-11f1-9857-5ae846686df2) for alternator_latte_hot_partition.latte_hot_partition: write timeout due to uncertainty. Replica errors: )
...number of dropped error messages per sampling period: 70
 116.001      3439         0      3438           0.471     8.552    25.100    83.362   116.785   194.249   247.202   353.370
2026-05-29 14:09:03.674: [ERROR][Attempt 0/10][Retry in 127 ms] SdkError: Internal server error: exceptions::mutation_write_timeout_exception (Failed to accept proposal(f2b19dbc-5b67-11f1-95c1-ec548de62aea) for alternator_latte_hot_partition.latte_hot_partition: write timeout due to uncertainty. Replica errors: )
2026-05-29 14:09:04.098: [ERROR][Attempt 0/10][Retry in 86 ms] SdkError: Internal server error: exceptions::mutation_write_timeout_exception (Failed to accept proposal(f2f2a1cc-5b67-11f1-4c70-8cae695cc74c) for alternator_latte_hot_partition.latte_hot_partition: write timeout due to uncertainty. Replica errors: )
2026-05-29 14:09:03.710: [ERROR][Attempt 0/10][Retry in 128 ms] SdkError: Internal server error: exceptions::mutation_write_timeout_exception (Failed to accept proposal(f2b75af4-5b67-11f1-e948-830064a8b88e) for alternator_latte_hot_partition.latte_hot_partition: write timeout due to uncertainty. Replica errors: )
2026-05-29 14:09:03.645: [ERROR][Attempt 0/10][Retry in 131 ms] SdkError: Internal server error: exceptions::mutation_write_timeout_exception (Failed to accept proposal(f2ad8cae-5b67-11f1-0d03-280f3f1a9c25) for alternator_latte_hot_partition.latte_hot_partition: write timeout due to uncertainty. Replica errors: )
2026-05-29 14:09:03.791: [ERROR][Attempt 0/10][Retry in 50 ms] SdkError: Internal server error: exceptions::mutation_write_timeout_exception (Failed to accept proposal(f2c362fe-5b67-11f1-ffe0-4cb423e8a828) for alternator_latte_hot_partition.latte_hot_partition: write timeout due to uncertainty. Replica errors: )
...number of dropped error messages per sampling period: 71
 117.001      3543         0      3543           0.504     9.347    42.238   104.661   145.752   252.183   427.295   695.206
2026-05-29 14:09:04.561: [ERROR][Attempt 0/10][Retry in 117 ms] SdkError: Internal server error: exceptions::mutation_write_timeout_exception (Failed to accept proposal(f338d502-5b67-11f1-e42f-c68c3948acba) for alternator_latte_hot_partition.latte_hot_partition: write timeout due to uncertainty. Replica errors: )
2026-05-29 14:09:05.070: [ERROR][Attempt 0/10][Retry in 97 ms] SdkError: Internal server error: exceptions::mutation_write_timeout_exception (Failed to accept proposal(f386c37a-5b67-11f1-2652-8363b8787779) for alternator_latte_hot_partition.latte_hot_partition: write timeout due to uncertainty. Replica errors: )
2026-05-29 14:09:05.282: [ERROR][Attempt 1/10][Retry in 187 ms] SdkError: Internal server error: exceptions::mutation_write_timeout_exception (Failed to accept proposal(f3a751e4-5b67-11f1-6837-d279e411d3f8) for alternator_latte_hot_partition.latte_hot_partition: write timeout due to uncertainty. Replica errors: )
2026-05-29 14:09:05.361: [ERROR][Attempt 0/10][Retry in 143 ms] SdkError: Internal server error: exceptions::mutation_write_timeout_exception (Failed to accept proposal(f3b38c0c-5b67-11f1-3eb0-724de6544dc9) for alternator_latte_hot_partition.latte_hot_partition: write timeout due to uncertainty. Replica errors: )
2026-05-29 14:09:05.328: [ERROR][Attempt 0/10][Retry in 114 ms] SdkError: Internal server error: exceptions::mutation_write_timeout_exception (Failed to accept proposal(f3ae4922-5b67-11f1-e7f6-71514a2f2395) for alternator_latte_hot_partition.latte_hot_partition: write timeout due to uncertainty. Replica errors: )
...number of dropped error messages per sampling period: 52
 118.001      3502         0      3503           0.478     6.083    10.830    60.391    97.649   174.850   280.232   328.466
2026-05-29 14:09:05.670: [ERROR][Attempt 0/10][Retry in 145 ms] SdkError: Internal server error: exceptions::mutation_write_timeout_exception (Failed to accept proposal(f3e2cb8e-5b67-11f1-5436-0c30719b2b4e) for alternator_latte_hot_partition.latte_hot_partition: write timeout due to uncertainty. Replica errors: )
2026-05-29 14:09:06.320: [ERROR][Attempt 0/10][Retry in 87 ms] SdkError: Internal server error: exceptions::mutation_write_timeout_exception (Failed to accept proposal(f4458986-5b67-11f1-fea7-94fdfbae6ec5) for alternator_latte_hot_partition.latte_hot_partition: write timeout due to uncertainty. Replica errors: )
2026-05-29 14:09:05.890: [ERROR][Attempt 0/10][Retry in 77 ms] SdkError: Internal server error: exceptions::mutation_write_timeout_exception (Failed to accept proposal(f403b484-5b67-11f1-2aac-23fd275831cd) for alternator_latte_hot_partition.latte_hot_partition: write timeout due to uncertainty. Replica errors: )
2026-05-29 14:09:06.323: [ERROR][Attempt 0/10][Retry in 51 ms] SdkError: Internal server error: exceptions::mutation_write_timeout_exception (Failed to accept proposal(f445b7e4-5b67-11f1-2cf9-2f48840bb367) for alternator_latte_hot_partition.latte_hot_partition: write timeout due to uncertainty. Replica errors: )
2026-05-29 14:09:05.510: [ERROR][Attempt 0/10][Retry in 105 ms] SdkError: Internal server error: exceptions::mutation_write_timeout_exception (Failed to accept proposal(f3ca0ba8-5b67-11f1-0f70-7f389b372b91) for alternator_latte_hot_partition.latte_hot_partition: write timeout due to uncertainty. Replica errors: )
...number of dropped error messages per sampling period: 61
 119.001      3476         0      3476           0.490     8.471    28.934    90.898   128.778   215.351   408.420   796.393
2026-05-29 14:09:06.840: [ERROR][Attempt 0/10][Retry in 143 ms] SdkError: Internal server error: exceptions::mutation_write_timeout_exception (Failed to accept proposal(f4954d0e-5b67-11f1-7759-455cc9898ad2) for alternator_latte_hot_partition.latte_hot_partition: write timeout due to uncertainty. Replica errors: )
2026-05-29 14:09:06.567: [ERROR][Attempt 0/10][Retry in 55 ms] SdkError: Internal server error: exceptions::mutation_write_timeout_exception (Failed to accept proposal(f46b586e-5b67-11f1-1490-bdb26c6d902f) for alternator_latte_hot_partition.latte_hot_partition: write timeout due to uncertainty. Replica errors: )
2026-05-29 14:09:06.794: [ERROR][Attempt 0/10][Retry in 51 ms] SdkError: Internal server error: exceptions::mutation_write_timeout_exception (Failed to accept proposal(f48e335c-5b67-11f1-7a25-bcd954ea9cd1) for alternator_latte_hot_partition.latte_hot_partition: write timeout due to uncertainty. Replica errors: )
2026-05-29 14:09:06.765: [ERROR][Attempt 0/10][Retry in 90 ms] SdkError: Internal server error: exceptions::mutation_write_timeout_exception (Failed to accept proposal(f489bf16-5b67-11f1-b31f-1b0fda33e5d4) for alternator_latte_hot_partition.latte_hot_partition: write timeout due to uncertainty. Replica errors: )
2026-05-29 14:09:07.341: [ERROR][Attempt 0/10][Retry in 115 ms] SdkError: Internal server error: exceptions::mutation_write_timeout_exception (Failed to accept proposal(f4e1b77a-5b67-11f1-45b5-6131a94026f2) for alternator_latte_hot_partition.latte_hot_partition: write timeout due to uncertainty. Replica errors: )
...number of dropped error messages per sampling period: 42
 120.000      3553         0      3554           0.492     5.812    11.076    61.899    99.287   185.336   292.291   370.409
 120.040        34         0       870           5.288    57.049    90.505   128.516   138.936   151.650   151.650   151.650

SUMMARY STATS ══════════════════════════════════════════════════════════════════════════════════════════════════════════════
    Elapsed time       [s]    120.104                                                                 
        CPU time       [s]     99.754                                                                 
 CPU utilisation       [%]        5.2                                                                 
          Cycles      [op]     419981                                                                 
          Errors      [op]          0                                                                 
              └─       [%]        0.0                                                                 
        Requests     [req]     419981                                                                 
              └─  [req/op]        1.0                                                                 
         Retries     [ret]       8565                                                                 
              └─ [ret/req]    0.02039                                                                 
            Rows     [row]     118208                                                                 
              └─ [row/req]        0.3                                                                 
     Concurrency     [req]        273 ± 256                                                           
              └─       [%]       3411                                                                 
      Throughput    [op/s]       3497 ± 35                                                            
              ├─   [req/s]       3497 ± 35                                                            
              └─   [row/s]        984 ± 10                                                            
   Cycle latency      [ms]     29.685 ± 1.087                                                         
 Request latency      [ms]     20.432 ± 0.202                                                         

CYCLE LATENCY for update [ms]  ═════════════════════════════════════════════════════════════════════════════════════════════
          Min                   1.633 ± 0.484                                                         
           25                   6.582 ± 0.064                                                         
           50                  11.051 ± 0.318                                                         
           75                  51.544 ± 1.913                                                         
           90                 110.494 ± 2.342                                                         
           95                 155.320 ± 3.630                                                         
           98                 213.778 ± 8.628                                                         
           99                 262.799 ± 11.919                                                        
           99.9               452.198 ± 41.085                                                        
           99.99              719.323 ± 170.206                                                       
          Max                1261.437 ± 514.024                                                       

CYCLE LATENCY for get [ms]  ════════════════════════════════════════════════════════════════════════════════════════════════
          Min                   0.354 ± 0.196                                                         
           25                   1.528 ± 0.170                                                         
           50                   2.122 ± 0.206                                                         
           75                   3.297 ± 0.641                                                         
           90                  16.826 ± 13.741                                                        
           95                  39.649 ± 24.933                                                        
           98                  75.039 ± 45.689                                                        
           99                 106.693 ± 75.926                                                        
           99.9               243.663 ± 218.899                                                       
           99.99              339.214 ± 218.899                                                       
          Max                 384.041 ± 218.899                                                       

info: Saved report to /output/latte_1.json
TIMEFORMAT 151.194 104.368 21.711
